id,longitude,latitude,night_light_proxy
baseline_00001,10.867663400755095,45.86486621455992,51
baseline_00002,11.564716374938122,46.25494390411626,15
baseline_00003,11.08955884601202,45.69849759212238,16
baseline_00004,10.782478778143387,46.10755866138104,19
baseline_00005,11.433918606998652,46.14160954033536,16
baseline_00006,10.785201852553122,46.17973591685895,14
baseline_00007,11.669473347270511,46.27338588227066,21
baseline_00008,10.966186379625787,45.8066057946408,30
baseline_00009,11.732427671068557,46.19217428263648,23
baseline_00010,11.671450751787596,46.300560728799496,31
baseline_00011,11.024017883874997,46.14771602102667,27
baseline_00012,11.705101412308913,46.204899406503,11
baseline_00013,11.753897089342209,46.169488241196795,18
baseline_00014,10.796467365453537,45.921789918284404,24
baseline_00015,10.57273836086089,45.8731067763957,29
baseline_00016,10.604777306762763,45.91197162097137,25
baseline_00017,11.412468132294693,45.986684814284004,11
baseline_00018,11.011399243474346,45.85307868836293,253
baseline_00019,11.431125432865041,46.196823482623174,13
baseline_00020,10.710726414121424,46.30004033526903,15
baseline_00021,10.699040198570534,45.99926331500994,20
baseline_00022,11.725414803508926,46.34035920951468,28
baseline_00023,10.928727385765429,45.90316972993255,33
baseline_00024,11.442308809197783,46.01317782971449,16
baseline_00025,10.852332117311542,45.88500863126964,255
baseline_00026,11.055538204563822,45.861520168996776,59
baseline_00027,10.61784050218488,46.21257753815937,40
baseline_00028,11.648717907608283,46.035996491938064,23
baseline_00029,10.548169594093881,46.0011245906459,20
baseline_00030,11.481994779175622,46.13475299128993,13
baseline_00031,10.855270264879337,46.224203394861476,41
baseline_00032,10.620715234553497,46.046839186527194,18
baseline_00033,11.830818132544687,46.42166138052763,46
baseline_00034,10.903034755850326,46.22247247036859,60
baseline_00035,11.604051708316524,46.13682488396542,17
baseline_00036,11.628396012053125,46.12906153642433,14
baseline_00037,11.779599871835007,46.388241137389926,29
baseline_00038,10.916734869047946,45.722692425218405,26
baseline_00039,11.778523905533625,46.48740497253164,17
baseline_00040,10.581592690560107,46.090901608425334,64
baseline_00041,11.170165172149998,46.145791786898705,47
baseline_00042,10.852598681035282,46.42330815241013,24
baseline_00043,11.091395914622609,45.85504948945404,27
baseline_00044,10.756063093478817,45.94099608931807,18
baseline_00045,11.11399769151104,46.11807042172909,237
baseline_00046,10.634993435768113,45.86614494321284,18
baseline_00047,10.962916004966042,46.17891276334059,31
baseline_00048,10.799815539773558,45.86229141971413,24
baseline_00049,10.811734005666219,46.24830191694378,29
baseline_00050,11.86539027303556,46.164061380211464,19
baseline_00051,11.16622047066903,46.34777346096383,19
baseline_00052,10.598628245647026,46.04364445420121,28
baseline_00053,11.092061608987335,46.07458778891991,98
baseline_00054,11.553544955504426,46.25207528666401,15
baseline_00055,11.060403502190482,45.96472502566415,23
baseline_00056,10.73953390156842,46.058751084607756,23
baseline_00057,11.089498150429751,45.91246324421525,36
baseline_00058,11.12159699565089,46.413774076252444,34
baseline_00059,11.185813070003041,45.85672604260054,14
baseline_00060,11.058015263324473,45.72330334717531,12
baseline_00061,10.852819876667208,46.34730138012046,27
baseline_00062,11.139539302181591,46.03672550302865,179
baseline_00063,10.686040497266939,45.92808624828036,31
baseline_00064,11.915534744949,46.17106075825959,20
baseline_00065,11.21180933131226,46.40635148117511,20
baseline_00066,10.573220979113767,45.832708068181766,23
baseline_00067,11.351063344215646,46.25366488736116,14
baseline_00068,11.350283947029732,46.20564066537127,14
baseline_00069,11.08548490904408,46.174924643283006,64
baseline_00070,10.760758236001196,46.28891403100011,12
baseline_00071,10.812763203306616,46.013310249305945,25
baseline_00072,10.929821282245273,46.31959863155879,20
baseline_00073,10.561788247395578,46.06707063296214,47
baseline_00074,10.562872262141303,45.85621597267533,128
baseline_00075,11.7828360186103,46.42918931204007,30
baseline_00076,11.010411496431237,45.80855608743682,166
baseline_00077,11.711657844116505,46.27803125948636,17
baseline_00078,10.613893080337903,46.148733611114075,74
baseline_00079,10.863613328652232,46.193123735214485,16
baseline_00080,11.190179794527218,46.4516107327336,19
baseline_00081,11.092057303095334,45.91085909426235,36
baseline_00082,11.571906357073114,46.14740617884854,31
baseline_00083,11.817677040376946,46.14216762642009,18
baseline_00084,11.712941950552267,46.173924503313266,13
baseline_00085,10.917859092758585,46.44614434656061,36
baseline_00086,11.654825163458113,46.41321795638127,22
baseline_00087,11.630646444680396,46.433373576627936,52
baseline_00088,11.066077469136921,46.206741683583246,32
baseline_00089,11.676954533212664,46.431035205614975,20
baseline_00090,11.664059195290594,46.41610937372598,25
baseline_00091,11.769697761840982,46.41140357215917,15
baseline_00092,10.788212617640188,46.37527069048827,18
baseline_00093,11.147537715547923,45.935383111473165,26
baseline_00094,10.948076482824378,46.41635788875796,18
baseline_00095,11.421225510636337,46.01665849568202,19
baseline_00096,10.615957416816174,46.0466658689428,18
baseline_00097,11.367942378282127,46.11277798008973,14
baseline_00098,11.034080058621962,46.1688309833273,19
baseline_00099,10.836987980966677,46.28254316286681,22
baseline_00100,11.57299273270912,46.24972182303524,18
baseline_00101,11.0023968447191,45.733056315100804,22
baseline_00102,10.926404988636046,46.40230471178213,21
baseline_00103,10.919409437520736,46.02415447324274,27
baseline_00104,11.060069818688431,45.927180812949864,55
baseline_00105,10.644485431039259,46.03452247518924,17
baseline_00106,11.872715810095837,46.255475883376015,78
baseline_00107,11.815980600369775,46.20231473456285,22
baseline_00108,10.906818928144057,46.14418638138526,61
baseline_00109,11.101592764654269,46.17175275723196,100
baseline_00110,11.441201478401801,46.07283607059769,29
baseline_00111,11.120130287430344,45.85668656230963,14
baseline_00112,11.166998669469164,46.448036151661185,19
baseline_00113,10.580296725788127,46.11624356463998,80
baseline_00114,11.688513239470424,46.31897384245129,21
baseline_00115,10.822063334978395,46.081565214288496,23
baseline_00116,11.078258355110627,46.21457256540839,39
baseline_00117,10.745918182530913,46.27185035345697,12
baseline_00118,11.199009715564245,45.88273514178285,20
baseline_00119,11.586609860968673,46.33523799205343,17
baseline_00120,10.613215303720642,46.03856515673144,21
baseline_00121,10.828643098258654,46.40258088490329,15
baseline_00122,11.14173489240068,46.362221899153404,18
baseline_00123,11.798790574964432,46.19985241606138,19
baseline_00124,11.538738247718573,46.10706223690391,29
baseline_00125,11.706860511358245,46.14413024448009,14
baseline_00126,11.807525117723907,46.31253744787568,18
baseline_00127,11.169246817578813,45.89581584975809,17
baseline_00128,10.825684529382748,46.22136452066861,255
baseline_00129,11.609041036965088,46.121273672780134,14
baseline_00130,10.569250960639685,45.91864185496485,20
baseline_00131,10.86265696147058,45.94787167129251,40
baseline_00132,10.8015478131237,46.269782126415166,24
baseline_00133,11.067923388819922,46.13960505029394,64
baseline_00134,11.080272318600642,45.85077976092924,30
baseline_00135,11.086872547589742,46.45118235681696,19
baseline_00136,11.334513702898366,46.27113532460975,17
baseline_00137,11.746382066168243,46.33140884589623,23
baseline_00138,10.983570767919051,46.320984050407404,29
baseline_00139,11.741421140509813,46.492979646300036,27
baseline_00140,11.085177301987402,46.315857901494255,43
baseline_00141,11.277190901753164,46.19176704138114,17
baseline_00142,10.785350000298825,45.8616069391053,20
baseline_00143,11.11057753582611,45.69783319678846,19
baseline_00144,10.959961248386918,46.25704478272996,12
baseline_00145,11.062964549607642,45.81483352546616,20
baseline_00146,11.158243190954956,45.782648578964015,27
baseline_00147,11.047410814176118,46.15834029067361,34
baseline_00148,10.657192106161773,46.07000632763886,14
baseline_00149,10.528164641636337,45.99896089832103,16
baseline_00150,10.771938296179155,45.95401005209224,24
baseline_00151,11.602116493670447,45.998980124317534,13
baseline_00152,11.436743752824782,46.3216361276758,20
baseline_00153,10.64287388909254,46.24871571605202,20
baseline_00154,11.508814836902008,46.33253009740195,19
baseline_00155,10.705666660498544,46.19520334116866,45
baseline_00156,11.68983910566139,46.502691346173194,21
baseline_00157,10.923446633489515,46.25550112213849,15
baseline_00158,11.49544521017232,46.212402367769585,22
baseline_00159,10.60613665725343,46.337332246297024,17
baseline_00160,11.736655641234439,46.18932331896397,22
baseline_00161,11.63445179762459,45.97152137112763,18
baseline_00162,11.099311555847372,45.99162107293901,42
baseline_00163,11.216507903984219,45.966383924419134,25
baseline_00164,11.735571618206494,46.380211779212075,28
baseline_00165,11.52066346891079,46.04746013881354,246
baseline_00166,10.860190592776817,46.36805610696054,13
baseline_00167,11.26516744704847,46.08875723801371,98
baseline_00168,11.110182540195451,46.30167415737456,37
baseline_00169,10.857642428788315,46.40548551988172,19
baseline_00170,11.154192247879676,46.19785628822699,39
baseline_00171,10.772632515381888,46.35913883707224,38
baseline_00172,10.966319805636859,46.43009226518062,27
baseline_00173,10.581531526301383,46.2922539558673,39
baseline_00174,11.49543754164457,46.228453584811916,20
baseline_00175,10.59277095871451,45.8634776087523,21
baseline_00176,11.33070121331411,46.079951658572575,17
baseline_00177,11.254214141883969,46.03887276987693,58
baseline_00178,10.731891689111727,45.858994605515164,19
baseline_00179,10.87970193367039,45.759336502712124,27
baseline_00180,10.745438328170431,45.868541229222686,20
baseline_00181,11.259067930510009,45.908821438545964,15
baseline_00182,11.77053304988945,46.16666006423451,18
baseline_00183,11.161274651519667,46.05174521037393,95
baseline_00184,10.564113141182744,46.214297591416326,73
baseline_00185,11.30242888825695,45.93421727452264,21
baseline_00186,11.606971157401135,46.19440351786025,17
baseline_00187,11.241601565136369,46.060386197572036,255
baseline_00188,11.120978041869087,46.412756977043706,34
baseline_00189,11.390327118643285,46.19725348756444,19
baseline_00190,10.766088691067292,45.85438456886096,18
baseline_00191,11.349214506819624,45.92339957740139,15
baseline_00192,10.801872221229747,46.28096952036054,16
baseline_00193,11.514136047787474,46.06341129845434,202
baseline_00194,11.642295847482487,46.21052342105725,11
baseline_00195,11.094418659349607,46.14128344803291,255
baseline_00196,10.702847350589854,45.93746553742347,27
baseline_00197,11.583578462564068,46.162482069137035,30
baseline_00198,10.888179233168334,45.77983226076434,24
baseline_00199,11.492520051830011,46.27475724364577,21
baseline_00200,10.512418400935806,46.04448525526837,15
baseline_00201,10.93910297801709,45.88822600883848,38
baseline_00202,11.715001792270144,46.167636262897176,18
baseline_00203,11.16294216735186,46.23327620843187,32
baseline_00204,11.336402268620663,46.218890053003655,15
baseline_00205,10.977833901736059,45.95956898096394,18
baseline_00206,10.950405389693227,46.269544600354536,13
baseline_00207,11.681175618160095,46.14604383019722,16
baseline_00208,11.139263680469002,45.943405311793356,25
baseline_00209,11.062750630667685,46.11550746712368,67
baseline_00210,11.271845327151993,46.028330310922996,43
baseline_00211,10.73556651807422,45.984058868429116,24
baseline_00212,11.594885937408465,46.21082511297612,11
baseline_00213,11.114021877926097,46.27348104650004,32
baseline_00214,10.691450458298775,46.14668241915689,13
baseline_00215,11.149266835326735,45.773907827942054,23
baseline_00216,11.709238197937367,46.10155485690929,15
baseline_00217,11.534703992734885,46.110583646525555,25
baseline_00218,10.86523976541283,46.39087189710107,19
baseline_00219,11.284944446972945,46.00281631116641,69
baseline_00220,11.780512842708628,46.416077466603596,20
baseline_00221,10.869503436084468,46.352406991577325,29
baseline_00222,11.079015787660603,46.47647990134293,17
baseline_00223,10.87946066104958,45.929675864431694,66
baseline_00224,11.191854283557236,45.80068431018758,23
baseline_00225,11.265783274228028,45.96973236800044,23
baseline_00226,11.285929870433625,46.1403094633132,16
baseline_00227,11.140047239876994,45.94965031641292,27
baseline_00228,10.73718260409102,46.27283454098544,14
baseline_00229,11.577154540191506,46.27948318955801,41
baseline_00230,11.246705196853785,46.06590299597735,255
baseline_00231,11.543526639818644,46.02551845533441,17
baseline_00232,10.963634553755007,46.26871103018924,12
baseline_00233,11.739749492163096,46.41204778216133,14
baseline_00234,11.02624604587423,45.94524951477558,36
baseline_00235,11.537897545748276,46.326082009976226,25
baseline_00236,11.580268206678396,46.046156401387,18
baseline_00237,10.600912740606644,46.21799815013107,61
baseline_00238,10.895365428953605,45.99529418509669,24
baseline_00239,10.672102169459022,46.12976055058181,19
baseline_00240,11.767692920613921,46.20592353953105,32
baseline_00241,10.668398070231827,46.06953449766052,14
baseline_00242,10.835862333974749,45.892491427753285,112
baseline_00243,11.813569502264913,46.255727862118306,162
baseline_00244,10.690842379762586,46.05282987300036,18
baseline_00245,10.97421536836966,46.17827880614162,16
baseline_00246,11.41738400643828,46.037844974181276,24
baseline_00247,10.830002552544713,46.399972484472265,13
baseline_00248,10.753141500811395,46.003768722780194,21
baseline_00249,11.1821376890159,45.87690427095046,27
baseline_00250,11.316149789258295,46.167303222868924,15
baseline_00251,10.866834176096281,46.15966240207219,74
baseline_00252,11.488171799225267,46.31340914390648,21
baseline_00253,11.202559797204742,46.45059469906123,19
baseline_00254,10.884528969708882,46.36002288831292,19
baseline_00255,11.369235668564444,45.97592302797344,18
baseline_00256,11.413878174971005,46.20693922432449,12
baseline_00257,11.4760340967853,46.29298829431787,34
baseline_00258,11.118111209001968,46.17139924790802,151
baseline_00259,10.897997910454873,46.31582796408256,18
baseline_00260,11.67048430250363,46.31503530464189,24
baseline_00261,10.963867215604996,45.771932496358886,33
baseline_00262,11.004743675194426,46.352988283330326,32
baseline_00263,11.139203436529723,46.25161409293337,29
baseline_00264,11.467841127626446,46.1756883047725,31
baseline_00265,11.694546319189913,46.48167834072715,21
baseline_00266,10.615872151116903,45.87399362591848,19
baseline_00267,11.696718634172031,46.455095410579105,84
baseline_00268,10.90869252216845,46.024070991257055,24
baseline_00269,10.91197718021672,46.096608114081256,28
baseline_00270,10.65713857281567,46.063077922549375,21
baseline_00271,11.465039605979522,46.31209418421466,27
baseline_00272,11.078928329934723,45.75804239894194,16
baseline_00273,11.191411211917398,46.02391618627012,43
baseline_00274,11.011926429339342,46.05425199516669,21
baseline_00275,10.60228964754346,46.2626689053672,20
baseline_00276,10.994016607850725,46.015334915383214,25
baseline_00277,11.453381598794579,46.224842216602674,12
baseline_00278,10.642425106336617,46.15850027628354,12
baseline_00279,10.555847125331091,46.33103277911251,36
baseline_00280,10.765136205752237,45.8586219039507,16
baseline_00281,10.675099775334095,46.44747722123799,69
baseline_00282,10.811623689331238,45.95136559269875,22
baseline_00283,11.572642242539796,46.125390203065,36
baseline_00284,11.578604900303166,46.082519677825694,22
baseline_00285,11.627475394545437,46.11433910193947,16
baseline_00286,10.616941514876784,46.10625412809628,79
baseline_00287,11.635345542060472,46.41861838761633,31
baseline_00288,11.239907701317549,46.06686161105828,255
baseline_00289,11.175753677299351,46.01832625478442,45
baseline_00290,11.48862196230787,46.09458175443055,24
baseline_00291,10.57424669320055,46.19610645986523,52
baseline_00292,10.551424217447781,45.90942757734937,21
baseline_00293,11.408528917037303,46.14454698288924,15
baseline_00294,11.253662632231665,46.06313956296515,251
baseline_00295,11.134322527169864,45.86941035495733,14
baseline_00296,10.964194056083368,46.06295332341324,27
baseline_00297,11.08059772571089,45.754656943421224,19
baseline_00298,11.096873440947787,46.2449731296333,34
baseline_00299,11.017622990249164,45.80416241550167,165
baseline_00300,10.598074790422794,46.308357497297635,35
baseline_00301,11.678461452916816,46.1514406494767,12
baseline_00302,11.338117487823547,46.15592702267541,18
baseline_00303,10.950167195412366,45.7780066580622,30
baseline_00304,10.986349175099571,46.24517325429522,17
baseline_00305,11.359182782778769,45.975342610535385,17
baseline_00306,11.007441604156922,46.3288378439865,37
baseline_00307,11.688518367954988,46.20064459686216,12
baseline_00308,10.856210664998487,45.82805550086821,21
baseline_00309,11.766217229837178,46.15999965587355,15
baseline_00310,11.057628628084808,45.79490330638609,22
baseline_00311,11.086402715499425,45.966095601176114,36
baseline_00312,11.011206076363031,46.29356253653079,26
baseline_00313,11.62569074543271,46.16109419014914,33
baseline_00314,10.689987797045323,46.204313139650225,80
baseline_00315,11.452127734509428,46.09061882009311,24
baseline_00316,11.1199556433152,45.90783698841735,21
baseline_00317,11.10163125982677,45.91650718611698,29
baseline_00318,11.47712444022502,46.09145408744098,26
baseline_00319,11.049288697971482,46.188388607809884,31
baseline_00320,10.838191923976057,45.95510810378047,36
baseline_00321,10.717608928476643,45.99991016670534,16
baseline_00322,11.515168851287694,46.10317786279467,19
baseline_00323,11.711067574789961,46.36633659819925,12
baseline_00324,11.321945148811155,46.16608844754739,15
baseline_00325,11.523972157598628,46.032154964054946,21
baseline_00326,10.942798799949944,46.36214065826651,211
baseline_00327,11.341752295932158,46.12356407499038,15
baseline_00328,11.050048982858966,45.93975595601909,48
baseline_00329,10.965072713719668,45.95936273685109,19
baseline_00330,10.706185648442045,46.11196961315459,23
baseline_00331,10.624453157073518,46.11151267141959,76
baseline_00332,10.673423070019739,45.84255430499819,14
baseline_00333,11.619667191497141,46.09789183787942,17
baseline_00334,11.591868777503533,46.32649088370439,16
baseline_00335,11.1303199589536,46.46779722292815,21
baseline_00336,11.30492467677881,46.21933183628534,19
baseline_00337,10.555357851368043,46.0532412755949,45
baseline_00338,10.909644592269906,45.90913311336577,105
baseline_00339,10.921106123106266,46.061589919287734,24
baseline_00340,11.74420882868814,46.201879034468455,21
baseline_00341,11.21818017719513,46.07087786528647,107
baseline_00342,11.675510700734762,46.233558314467565,19
baseline_00343,10.937902324190269,46.08198900634321,20
baseline_00344,10.971001045586847,46.287300134516705,18
baseline_00345,10.826445849508259,46.049413697467536,14
baseline_00346,11.115994260082141,46.122519391143186,253
baseline_00347,10.692006424911398,45.99358321315529,53
baseline_00348,10.879543132620993,46.024478317691866,30
baseline_00349,10.963341366100781,46.18715074097749,20
baseline_00350,11.644409029752744,46.2296599372875,14
baseline_00351,11.545475049912582,46.23762402414615,16
baseline_00352,11.821323812478708,46.424036390882414,24
baseline_00353,10.955780658267987,46.17412229790551,45
baseline_00354,10.66584615813972,45.97377245670718,58
baseline_00355,11.044295551242035,46.18470387024388,33
baseline_00356,11.021215618030382,46.35383124129266,63
baseline_00357,11.68059970146868,46.2492813258533,30
baseline_00358,11.704428152056945,46.30833915299042,16
baseline_00359,11.487590139947207,46.12565497487515,16
baseline_00360,11.428088279137954,46.0370686081631,50
baseline_00361,10.998781417771212,45.98476275448689,25
baseline_00362,10.724509520640455,45.857109129907656,20
baseline_00363,10.604987784744813,46.335950670739564,17
baseline_00364,11.713734722314594,46.432984318501035,15
baseline_00365,10.509226067586601,45.96254171189114,16
baseline_00366,11.02127689506483,45.81242718177045,36
baseline_00367,11.708032564271951,46.33614256909567,28
baseline_00368,11.113353151618474,46.02627539836614,77
baseline_00369,11.123210260535075,45.91795353070979,25
baseline_00370,11.582942192893672,46.05902153531917,19
baseline_00371,11.25888070770632,45.93906208626716,53
baseline_00372,11.673709998110064,46.076300334389956,20
baseline_00373,11.149617421233012,45.91523866038285,30
baseline_00374,11.029060344407402,46.12657230271679,38
baseline_00375,10.829859026418326,46.2243902562794,76
baseline_00376,11.772643671903547,46.14986654571618,20
baseline_00377,11.113049755749138,46.48694376429278,14
baseline_00378,10.787614858138667,46.060913934024946,28
baseline_00379,10.980287145073548,45.69580781402508,30
baseline_00380,10.660062393219732,45.91963212331459,18
baseline_00381,11.705640573106695,46.271607560056594,29
baseline_00382,10.661864693278822,46.279748375220116,17
baseline_00383,10.571883052017125,45.89300513907805,22
baseline_00384,11.713497970368216,46.14493217708597,16
baseline_00385,11.550763848624879,46.12684043288149,24
baseline_00386,10.620163393238645,45.920683407242954,27
baseline_00387,10.907123041663958,45.71393957014781,28
baseline_00388,11.086392216830092,46.35575557261785,66
baseline_00389,11.142719486506978,45.76822360230635,23
baseline_00390,11.819517422613801,46.186164280505,30
baseline_00391,11.100611998824663,46.20170802770214,222
baseline_00392,10.815600537730568,46.03118609831109,26
baseline_00393,11.246868882955058,46.109255269163654,39
baseline_00394,11.042023232270902,46.07726327226063,40
baseline_00395,11.643341165291796,45.96945586742585,18
baseline_00396,11.559383674650785,46.21327506836686,31
baseline_00397,11.617632846976917,46.3052531298382,16
baseline_00398,10.9545065785102,45.711003155602306,22
baseline_00399,10.716693997601494,46.34306245211777,20
baseline_00400,11.154062990800625,46.271020290123005,26
baseline_00401,10.547524313489536,46.340523061827135,36
baseline_00402,11.143574425493028,45.925277572513174,22
baseline_00403,10.518378450494982,45.844444986548694,20
baseline_00404,10.99144909788358,46.344523859172774,29
baseline_00405,10.640236436266445,45.989426173981755,16
baseline_00406,11.79586090888246,46.312238335041435,21
baseline_00407,11.203762392892392,46.4679315886648,18
baseline_00408,11.276197060942815,45.94916352693421,22
baseline_00409,10.915196673971051,46.191224307098004,75
baseline_00410,11.095894674406946,46.26618230913944,36
baseline_00411,10.983250794818511,45.709299565841896,26
baseline_00412,11.001021685683547,46.361946105956896,32
baseline_00413,10.667887107959798,46.195483248793245,80
baseline_00414,10.553767350158214,46.342522935938625,35
baseline_00415,11.005579675654475,46.00218700041328,22
baseline_00416,11.30908313767685,46.193351681992915,15
baseline_00417,11.014167279484369,46.32924972795767,104
baseline_00418,11.319169603546737,46.128292723977,18
baseline_00419,11.053474034730657,46.23159994862887,29
baseline_00420,11.563513403542474,46.10212984272018,23
baseline_00421,11.036786968818861,46.156001252617756,25
baseline_00422,10.84764399321138,45.89676050861527,255
baseline_00423,10.584821274035955,46.25944240094735,255
baseline_00424,10.97702458166884,45.728725585958585,28
baseline_00425,11.738270185462545,46.28514416407935,19
baseline_00426,11.85301880601489,46.22139771102891,31
baseline_00427,11.651160573195302,46.11048363458003,16
baseline_00428,10.63553462123538,45.845744306464134,16
baseline_00429,10.661991855708976,46.35272256993884,17
baseline_00430,11.00948108432823,46.36415308929869,33
baseline_00431,11.285521279271927,46.19924689024431,16
baseline_00432,10.582441691044705,45.938909682070886,16
baseline_00433,11.131935148212284,46.25787665855245,25
baseline_00434,10.972627966442547,46.42806241042123,26
baseline_00435,11.630868029645827,46.22319882809968,11
baseline_00436,11.105716902013956,46.45623482052775,25
baseline_00437,10.939615324042194,46.28301354603696,22
baseline_00438,10.974906403127928,46.48220490547289,37
baseline_00439,11.804077652635199,46.400514203584315,47
baseline_00440,10.830768553234936,46.219124339333256,47
baseline_00441,10.909650892926553,46.13174901695269,44
baseline_00442,11.447285031701316,46.29273402080635,219
baseline_00443,11.421183206680745,46.16898855624264,12
baseline_00444,11.081499753934741,46.22250833719702,42
baseline_00445,11.204539848546467,46.21233494303651,21
baseline_00446,11.181740034973743,46.36503599242464,19
baseline_00447,11.116271769166023,46.089405485135124,255
baseline_00448,10.760401454231337,46.19469822226659,15
baseline_00449,10.924391141906169,46.2907815339049,31
baseline_00450,11.011941896824275,46.155982763241006,17
baseline_00451,10.934260460210893,46.07411288787488,19
baseline_00452,10.856246842751302,45.88611943393333,255
baseline_00453,10.59844824032887,45.922498734442165,21
baseline_00454,11.032500578112943,46.20219648537299,26
baseline_00455,10.82724126486812,46.41717897293961,19
baseline_00456,10.693446710364666,45.95451756644006,15
baseline_00457,11.324857395224472,45.94185508110706,19
baseline_00458,11.604974041480975,46.101460270272995,18
baseline_00459,11.229746855330983,46.10188533762824,103
baseline_00460,10.918285280840216,45.69280247034254,165
baseline_00461,10.985287238988688,45.71634027017302,22
baseline_00462,11.199790746609622,46.43182937679132,20
baseline_00463,11.440528376075363,46.07765187601383,22
baseline_00464,11.103163211056971,46.431929375537685,42
baseline_00465,11.55117666174054,46.329914031143275,27
baseline_00466,11.00498884986965,46.01743543329724,25
baseline_00467,10.752901138228427,46.110799120254924,23
baseline_00468,10.659211603320163,45.95933872334771,18
baseline_00469,11.167841529226598,46.06595502323149,237
baseline_00470,11.36802042949188,46.116289774924546,13
baseline_00471,10.947629189525118,46.20021007353708,60
baseline_00472,10.960329695886696,46.38533707809259,21
baseline_00473,10.905067677615925,46.37455006334064,24
baseline_00474,11.008645186688707,46.25245534889735,21
baseline_00475,11.655780630035846,46.29676946310526,11
baseline_00476,11.634857612196328,46.34049865488947,16
baseline_00477,11.402408756711084,46.20594541965936,16
baseline_00478,10.680956479936938,46.266814923734444,12
baseline_00479,11.072119888579355,46.33947528982878,54
baseline_00480,11.84274144561235,46.423639032365735,54
baseline_00481,10.660791857820925,45.85121613877014,16
baseline_00482,10.943223814080163,46.24249492364637,18
baseline_00483,11.245989271212014,45.942747661107866,20
baseline_00484,10.71381373652282,46.4574492867765,78
baseline_00485,10.969323137092653,45.9776141515948,41
baseline_00486,11.618370637960627,46.29298501247163,15
baseline_00487,11.423985918186437,46.26923462587634,15
baseline_00488,10.824595989829792,46.152916629276994,16
baseline_00489,10.901780618270884,45.921459762272875,230
baseline_00490,10.765318118712933,46.27927707437368,12
baseline_00491,10.931125756823006,45.972897135634646,33
baseline_00492,11.474308672923499,45.99946867524999,30
baseline_00493,10.8909618499689,45.92027806352444,255
baseline_00494,11.120457048642741,45.893452468249414,24
baseline_00495,11.175900737014542,45.84667985899454,14
baseline_00496,11.382244988993946,46.17764124205396,23
baseline_00497,10.818461306677484,46.24903838348248,28
baseline_00498,11.254394746786643,46.22160806647565,21
baseline_00499,10.531497734763926,46.02837658401455,31
baseline_00500,11.066878179038094,46.47715402126871,21
baseline_00501,10.937359927901959,46.22844929957042,24
baseline_00502,11.319489207973335,46.13318915510694,17
baseline_00503,11.051903811418365,46.09898156418959,53
baseline_00504,11.272913152209957,46.09771584295287,34
baseline_00505,11.159195803608979,45.83871759614002,18
baseline_00506,10.622368715580143,45.812639687305364,11
baseline_00507,11.145439852655308,45.894158586385956,21
baseline_00508,10.733476648327187,46.306483957136315,255
baseline_00509,11.64673645696163,46.16125561475855,31
baseline_00510,11.745497568989224,46.44447671062938,32
baseline_00511,11.70145356258783,46.116096173585845,19
baseline_00512,10.941036673826352,45.88622970878622,39
baseline_00513,10.846146387571867,45.87545535733505,53
baseline_00514,10.908323430573555,46.2946691981842,20
baseline_00515,10.630794959530562,45.93677269528506,65
baseline_00516,11.064626122008528,46.10512023525741,71
baseline_00517,11.80436837164851,46.27804597701813,20
baseline_00518,10.921967311384996,45.77386447255275,29
baseline_00519,11.581731175662991,46.19390573442114,10
baseline_00520,11.08038014705637,46.145302276990996,186
baseline_00521,11.163436515863696,46.13522381193367,54
baseline_00522,10.826025458849964,46.32207167133057,23
baseline_00523,11.127061177936245,46.278225830135,23
baseline_00524,10.570186576819118,46.15814824833921,81
baseline_00525,11.215792283215835,46.165488042741586,35
baseline_00526,10.678571432685322,45.955104045327296,13
baseline_00527,10.762483770552047,46.174473388453215,23
baseline_00528,10.58958102075461,46.111876774503635,80
baseline_00529,11.673813039117327,46.06289603370502,16
baseline_00530,11.227515708820793,46.06579151893217,255
baseline_00531,10.53942183693472,46.070591124674436,17
baseline_00532,11.671129114280284,46.29501116023112,12
baseline_00533,11.050323931383616,46.37515596122284,39
baseline_00534,11.578815187254534,46.17031324785259,17
baseline_00535,10.520619462776152,45.96922050186807,11
baseline_00536,11.069838171081217,46.334314060455675,114
baseline_00537,11.427870749115531,46.03444988118557,20
baseline_00538,11.765851028939643,46.45284148241448,28
baseline_00539,11.019654004247448,46.26013147832573,26
baseline_00540,11.451906953610987,46.136757131595246,16
baseline_00541,10.72180661778954,46.13500085460006,24
baseline_00542,11.469592001407637,46.14118277393636,14
baseline_00543,10.826095866583707,45.97062332694015,18
baseline_00544,11.059865833271578,45.87443865778022,61
baseline_00545,10.780411125721187,46.41582226107565,15
baseline_00546,10.889165446456602,46.37458225395186,27
baseline_00547,11.355417743969047,46.25135906917813,14
baseline_00548,10.936600721649853,45.93243579523665,25
baseline_00549,10.66861365369604,46.24076221671674,53
baseline_00550,10.786111411110927,45.93134898569409,20
baseline_00551,11.781098404405315,46.45697920758342,15
baseline_00552,11.397828468748724,46.04033228119265,27
baseline_00553,11.874562876726062,46.25033600231604,75
baseline_00554,11.08110375043485,45.801219499253534,18
baseline_00555,11.020884619608402,46.321793447010975,104
baseline_00556,11.16750114631765,46.40344499930668,22
baseline_00557,10.906496482390903,46.28150365844131,40
baseline_00558,11.66940825275724,46.45970036432593,53
baseline_00559,10.819066267258638,45.84777117967831,33
baseline_00560,10.857742203459765,46.252339680175396,12
baseline_00561,10.736443801406585,46.328055764490834,14
baseline_00562,11.546338484557557,46.15357364948563,15
baseline_00563,11.176376489809448,46.420762744550174,27
baseline_00564,10.818665454013223,46.192755330209465,12
baseline_00565,10.76114184249955,46.46003177582446,36
baseline_00566,11.027231479395375,46.13189705028972,36
baseline_00567,10.994901386467323,45.89785452196504,55
baseline_00568,11.226864183318563,46.10061020757305,44
baseline_00569,11.161415857781222,46.39517897428434,20
baseline_00570,11.077486680850644,46.15673413233785,66
baseline_00571,11.327056656214783,46.0320552820768,28
baseline_00572,10.682437095195642,45.956607320958746,15
baseline_00573,11.02598981412455,46.38970100682604,29
baseline_00574,11.421546838578552,46.09486279662586,20
baseline_00575,10.706338124990284,46.35668146516687,14
baseline_00576,10.707897159661114,46.29245942194375,11
baseline_00577,11.18985421409569,46.461556798173035,17
baseline_00578,11.271155378351619,46.22493253103126,23
baseline_00579,11.731223750292362,46.48588992472454,19
baseline_00580,11.461609529310838,46.33032870167865,25
baseline_00581,11.07516346020044,46.39759909459849,37
baseline_00582,10.801807503488709,46.281153367912545,16
baseline_00583,11.015960833370967,46.20431060554529,22
baseline_00584,11.45940282757645,46.20317872873553,17
baseline_00585,11.182131786450745,46.09250489820055,103
baseline_00586,10.597696321829053,45.80094413964768,19
baseline_00587,10.742136885461388,46.125708860835296,22
baseline_00588,11.05175554358453,45.9937549043789,32
baseline_00589,11.065548790286968,46.15886516627758,52
baseline_00590,11.02512008383541,46.148284428861125,27
baseline_00591,10.711096400269977,46.102830393918865,20
baseline_00592,11.107667635494263,46.34756434187812,128
baseline_00593,10.596258150257496,46.12717390360889,79
baseline_00594,10.516483378676915,45.85472163581045,20
baseline_00595,11.763580004620348,46.43631502081444,29
baseline_00596,11.810702731517555,46.157581517864074,254
baseline_00597,11.528824858985002,46.01546942684089,15
baseline_00598,10.56842638222757,45.81260182962742,18
baseline_00599,10.81546149553557,46.39080877306446,15
baseline_00600,11.040063798197615,46.44403200691819,19
baseline_00601,10.953315066408136,46.322819774428496,20
baseline_00602,11.546124478575546,46.10363418766893,31
baseline_00603,11.112469222024759,46.39427018344392,60
baseline_00604,10.96670335134343,46.334342954258744,19
baseline_00605,11.193309154292324,45.97892523141736,17
baseline_00606,11.478950153390828,46.24115745109022,17
baseline_00607,10.581654119866759,46.20498210149438,53
baseline_00608,11.657744950408494,46.286261894419084,11
baseline_00609,10.576131212317234,45.805523239020786,22
baseline_00610,11.527262530815692,46.218129801978684,34
baseline_00611,10.917872847060254,45.98245734964338,29
baseline_00612,10.735278359717753,46.05894903496975,23
baseline_00613,11.290193658069754,46.02385450290777,38
baseline_00614,10.491875966547727,45.977293564894346,33
baseline_00615,10.592787439190035,46.18728659237498,13
baseline_00616,10.942288446286861,46.00423723054926,23
baseline_00617,10.893068679249845,46.00644067967025,21
baseline_00618,11.819609098738823,46.514262611376665,78
baseline_00619,11.027337642852038,45.79229303681916,31
baseline_00620,10.907092936647416,46.09703761724582,30
baseline_00621,10.547775999040493,46.046762647337495,43
baseline_00622,11.088320941704525,46.08938843984534,122
baseline_00623,10.568402016220121,45.889371614473724,20
baseline_00624,10.824703140769811,46.21050250222838,18
baseline_00625,10.613796991036793,45.93492475100016,17
baseline_00626,10.95000969275716,45.96079715842215,18
baseline_00627,11.684060006297862,46.412190813851204,19
baseline_00628,10.755610556704628,45.94311812149585,18
baseline_00629,10.892465649156449,46.27064913999318,26
baseline_00630,11.193919219336529,46.168221327202914,33
baseline_00631,10.818410336655992,45.996338615033345,17
baseline_00632,10.624243461628726,46.15787453031753,60
baseline_00633,11.346821477371046,46.14220099780969,15
baseline_00634,11.481998199324728,46.14604602193401,14
baseline_00635,11.522262296709782,46.05001296112087,246
baseline_00636,10.892288994454567,46.26882343791759,29
baseline_00637,11.689332139613615,46.35726751801274,14
baseline_00638,11.070253063369973,46.102352846277036,76
baseline_00639,11.447179433607499,46.288092215845865,230
baseline_00640,11.057659978013008,46.10864020112228,64
baseline_00641,11.842546932892452,46.26785453020489,80
baseline_00642,10.99530915332663,46.443150975768894,15
baseline_00643,11.263253640223777,46.221810889199936,21
baseline_00644,10.580578297122587,46.33429856477181,17
baseline_00645,11.055866368403244,46.320302496529344,60
baseline_00646,11.223631052246532,46.11912148638947,107
baseline_00647,11.329134285922821,46.167667477671515,15
baseline_00648,11.125596765456933,46.00930901255183,255
baseline_00649,11.618903045502169,46.179154676071114,32
baseline_00650,11.208207158550318,45.969597704771914,24
baseline_00651,11.08057624239237,46.50011693525866,14
baseline_00652,10.666218967933796,45.941145804244556,15
baseline_00653,11.140029140440623,45.850808092105005,19
baseline_00654,11.181711606441148,46.08244791016771,66
baseline_00655,11.11409717094039,46.272202176163454,32
baseline_00656,10.933948654479574,45.93114523658906,27
baseline_00657,11.734973997205643,46.23023157252672,19
baseline_00658,10.802445210280808,46.02127679629365,21
baseline_00659,10.730837190414258,46.22378799962402,41
baseline_00660,11.104986023503542,45.69797723613646,22
baseline_00661,11.346785410511277,46.00733200649004,27
baseline_00662,11.58866581247782,46.368512487524825,21
baseline_00663,10.944636792498896,46.06643832119935,31
baseline_00664,10.848515183286848,46.41488149660828,19
baseline_00665,11.249369789362179,46.2226093155976,20
baseline_00666,11.353987442287817,46.198696431396186,16
baseline_00667,11.338932654310431,45.97214144413876,21
baseline_00668,11.729441878918129,46.20390412630242,18
baseline_00669,11.681435772540931,46.28013733202792,13
baseline_00670,10.901524223684754,46.201428414571495,74
baseline_00671,10.630246317856567,45.93554580000896,54
baseline_00672,10.728711391780244,46.26934062615016,19
baseline_00673,11.223855570785132,46.0326238829332,89
baseline_00674,10.660466796498056,46.002922928960075,21
baseline_00675,10.732803873767404,46.21950672875056,31
baseline_00676,11.499702845232928,46.22790066314098,23
baseline_00677,11.191856820660885,45.793545854772994,34
baseline_00678,10.927408583696636,46.06080467560773,25
baseline_00679,10.533189839301986,45.98170184015015,14
baseline_00680,11.215718209010102,46.09862541102115,45
baseline_00681,11.48650587880624,46.03037998088799,25
baseline_00682,10.867396931211704,46.135302027686414,79
baseline_00683,10.706300860793245,46.06624131208384,22
baseline_00684,11.573851015069506,46.33168838312765,17
baseline_00685,10.624725082026231,46.33959633824559,11
baseline_00686,11.53829455480044,46.14282392412956,12
baseline_00687,11.70610754923237,46.31915220502096,17
baseline_00688,11.131569352748766,45.972702567299436,29
baseline_00689,11.68595295885543,46.05054192223518,17
baseline_00690,10.810134918871771,46.37020954236539,37
baseline_00691,11.340321168963428,45.97446924097952,21
baseline_00692,11.525867954326435,46.217157593266975,34
baseline_00693,10.7643239360866,45.850872944274684,18
baseline_00694,10.541870595101004,45.97462806102015,13
baseline_00695,10.876811126671926,46.13629976351493,75
baseline_00696,10.941115142976043,46.278473246681216,23
baseline_00697,10.889270874245035,45.90282754572626,166
baseline_00698,11.602484897563103,46.254543981796814,16
baseline_00699,11.191579927721348,46.16955136399688,31
baseline_00700,10.858128258150476,46.02917114365418,161
baseline_00701,11.134982366105275,46.21789487337768,47
baseline_00702,11.231089221901998,45.912188456854885,17
baseline_00703,11.559055882680482,46.3015930632274,25
baseline_00704,11.14473710101724,46.24414388885122,30
baseline_00705,10.993335159385673,45.72734209422679,23
baseline_00706,11.101222593787366,45.855095302970824,20
baseline_00707,10.857855876615671,46.38538372608304,16
baseline_00708,10.962416893013105,46.169988426103444,39
baseline_00709,11.307417657396154,46.090340296093736,17
baseline_00710,10.971457011457735,46.25997799979875,14
baseline_00711,11.636346714511959,46.06818562054798,178
baseline_00712,10.639877172352492,46.410593591301556,75
baseline_00713,11.013911065797785,46.45028931952453,67
baseline_00714,10.702246570765407,46.01378826343304,20
baseline_00715,10.913706301488583,46.27450580420911,43
baseline_00716,10.805901901586761,46.236696022189804,14
baseline_00717,11.172467821482167,45.78701135973891,43
baseline_00718,10.793888149843426,46.25776804865746,35
baseline_00719,11.090151172575771,45.78656007902038,16
baseline_00720,10.55919786106725,46.00237238781049,28
baseline_00721,10.925552758443539,46.430667732405574,18
baseline_00722,10.659351969816363,46.33817486829805,23
baseline_00723,11.43412370894565,46.05142748283186,72
baseline_00724,11.54350881294588,46.213122883427715,42
baseline_00725,10.680870183618044,46.0270076468573,17
baseline_00726,11.58884731256122,46.180001050585275,21
baseline_00727,10.927293254896815,45.79314471740615,21
baseline_00728,10.870591450161742,45.74533516858922,25
baseline_00729,11.288164368482434,46.188976027156386,16
baseline_00730,11.234315338077687,46.111143231408434,39
baseline_00731,10.622515094870158,46.102593114276026,77
baseline_00732,11.349393622924424,46.12728341648218,17
baseline_00733,11.75254828231184,46.161771000039074,23
baseline_00734,11.004195952847182,46.260313572055644,22
baseline_00735,10.55421933031202,45.898390967167664,27
baseline_00736,11.644504299253967,46.10863844744553,16
baseline_00737,11.401722122042367,46.1038544892896,29
baseline_00738,11.079755332123497,46.276543778111176,180
baseline_00739,10.57672004662384,46.13440417977784,78
baseline_00740,10.920349366645286,46.11267616911552,40
baseline_00741,10.75915442637896,46.36793642468457,24
baseline_00742,11.262474454191384,46.00896265134719,49
baseline_00743,11.50762284006355,46.30075563549032,72
baseline_00744,10.582437637718188,46.046596909101396,37
baseline_00745,11.137067171544459,46.1965666346158,148
baseline_00746,10.91941759726219,46.31084985070214,20
baseline_00747,11.521557687361081,46.2762762414862,21
baseline_00748,10.643945858334469,46.344766782496784,11
baseline_00749,10.858199761258591,46.435334815734976,42
baseline_00750,11.1398254249681,45.982634887285286,25
baseline_00751,11.206914425678132,46.160485681058546,36
baseline_00752,11.007633038011056,45.89231025249703,87
baseline_00753,10.607652707369748,46.16652939190443,65
baseline_00754,11.164851209604658,46.002294584254294,37
baseline_00755,11.747519796005093,46.14842493683936,17
baseline_00756,11.832811864709443,46.30996586976193,56
baseline_00757,11.085703022747182,45.94967153186964,36
baseline_00758,11.081000977054591,46.292437393547644,77
baseline_00759,10.861966393224735,45.739863067705684,27
baseline_00760,11.015367884653797,46.10470775878604,30
baseline_00761,11.154774902425803,45.91569897028611,101
baseline_00762,10.755338142728151,46.15783688253879,220
baseline_00763,10.911289439785898,46.20851020615679,73
baseline_00764,11.153011298974176,46.18182204656045,45
baseline_00765,11.197474203544699,46.33744611396011,16
baseline_00766,10.747409424946229,46.44740175124123,40
baseline_00767,10.804170606358973,45.970850379938724,23
baseline_00768,11.720463195882344,46.42740735833995,15
baseline_00769,11.807645011880982,46.11994849882583,19
baseline_00770,11.309953372601857,46.04702638353315,27
baseline_00771,10.846457059860658,45.943828307773366,37
baseline_00772,11.661916689270383,46.275610465224965,16
baseline_00773,10.863020660100426,45.737110836466684,27
baseline_00774,10.758421986475845,46.34374576217243,27
baseline_00775,10.700509234907619,46.07375380569771,20
baseline_00776,11.066281644632678,46.133853440945494,65
baseline_00777,10.917933668362513,45.90081892749898,37
baseline_00778,10.633345918446567,45.80844301345967,14
baseline_00779,10.589990784434953,45.88637740506216,197
baseline_00780,10.989588917107882,46.114529817046325,24
baseline_00781,11.063078686290536,46.061837051204414,87
baseline_00782,11.150166176644325,46.36435525274785,19
baseline_00783,10.649662911045839,46.38136655574662,40
baseline_00784,11.014509226409087,46.215030320561084,20
baseline_00785,11.426064373016724,46.17376471365662,11
baseline_00786,10.843178630383031,46.371968053441535,24
baseline_00787,10.516701752877207,46.06940117865536,32
baseline_00788,10.705968878733092,46.16650521647827,13
baseline_00789,10.71324694217356,45.857559381701904,20
baseline_00790,10.734914804494297,45.913589559868385,23
baseline_00791,10.897989921464465,46.027250483285094,22
baseline_00792,10.874833707185342,45.7909132871981,24
baseline_00793,10.75350526410603,46.43381898567274,32
baseline_00794,11.246498201861504,46.21542328108802,23
baseline_00795,11.663957900413859,46.356570270868886,19
baseline_00796,10.994678655340351,46.14124510792699,15
baseline_00797,11.184360419007719,46.457924836973625,18
baseline_00798,11.211118795841237,46.00694105397504,31
baseline_00799,10.723834209268318,45.94715600841626,21
baseline_00800,10.783056148552747,46.44337742966005,32
baseline_00801,11.685283124413251,46.46186653947831,17
baseline_00802,10.783647393348987,46.40100569156845,14
baseline_00803,11.656741178878617,45.97805941539669,15
baseline_00804,11.719931836277675,46.399901070720944,34
baseline_00805,10.718221575015415,46.182534761724284,27
baseline_00806,11.670063950902328,46.272944759787386,24
baseline_00807,11.303587349918475,46.15723661251984,104
baseline_00808,10.919059598158952,46.094725889762906,26
baseline_00809,10.588547367827532,45.872962673496474,163
baseline_00810,10.782737040296944,46.125702434284236,17
baseline_00811,11.730896712574822,46.41318947147973,12
baseline_00812,10.604823743694519,45.93243641333913,18
baseline_00813,11.903378567161765,46.23127267860786,20
baseline_00814,10.915691203119422,46.2650930158889,45
baseline_00815,10.64457692138046,46.29978586066604,23
baseline_00816,10.664660320316807,46.31398931773948,31
baseline_00817,10.705815112026402,46.434393353555045,42
baseline_00818,10.586234092773402,46.282698448872615,33
baseline_00819,11.126882861873293,45.90099484412644,20
baseline_00820,11.024287068672558,46.142540663892355,26
baseline_00821,10.605422528616437,46.085309456207675,63
baseline_00822,11.757437658213032,46.23281177968506,19
baseline_00823,10.897693013701694,45.94701781394723,124
baseline_00824,10.709165294617181,45.995824733423824,17
baseline_00825,11.557939639848138,46.14342000849824,24
baseline_00826,11.349545854768735,46.20070605196007,15
baseline_00827,10.605164596111793,45.849675376888754,27
baseline_00828,10.73919454455237,46.272575007031996,14
baseline_00829,11.542913755676754,46.30076907844182,26
baseline_00830,10.852913097418151,45.91502477099926,129
baseline_00831,10.684217371106143,45.98324132966942,15
baseline_00832,11.098145290302602,45.92622967624694,34
baseline_00833,11.45225089835994,46.18915465086092,11
baseline_00834,10.710263481689793,45.92387454383576,19
baseline_00835,10.918002675334343,46.01475662764664,29
baseline_00836,10.589875939385863,46.14090811302951,79
baseline_00837,10.731485909547766,46.434541680817986,43
baseline_00838,11.010222031542034,46.05630968214443,21
baseline_00839,10.84993902903125,46.07289608118032,29
baseline_00840,10.793965822989296,45.90387603089079,24
baseline_00841,10.971535209037992,46.13860541636561,129
baseline_00842,11.91855015769056,46.18013224771216,19
baseline_00843,11.169473333636002,46.43123963784928,20
baseline_00844,11.171645411145963,45.740781712537206,22
baseline_00845,11.815937783399923,46.28729166180438,58
baseline_00846,11.210678025805077,46.44741187049905,19
baseline_00847,11.661363077524426,46.25566248904686,33
baseline_00848,11.0384664102962,46.01465998390909,31
baseline_00849,10.94485113687451,45.91044672498011,33
baseline_00850,11.14429589241087,46.4241968912434,251
baseline_00851,11.640366228636635,46.208803012268994,11
baseline_00852,11.241585666580455,46.03378918014182,55
baseline_00853,11.078260451474423,45.800343960388226,18
baseline_00854,11.871637718196565,46.468462916158224,26
baseline_00855,10.884375950094093,46.13360307285737,68
baseline_00856,10.971652721486171,46.02630242991769,26
baseline_00857,11.030829312519394,46.090552662131806,31
baseline_00858,10.952958922069,45.87722562379557,34
baseline_00859,10.875695753434087,46.09574329372681,27
baseline_00860,11.081780640539932,46.22815416947861,44
baseline_00861,10.736099984823152,45.854698795030735,14
baseline_00862,11.69689096746223,46.3102058322539,19
baseline_00863,11.692431620413632,46.11608674925549,24
baseline_00864,10.692348174419369,45.94048583782818,18
baseline_00865,11.7381694138569,46.429242942709564,27
baseline_00866,11.710426674580606,46.39280963096468,36
baseline_00867,10.829084165030803,46.06549062387276,22
baseline_00868,10.866074524251621,46.381222801026,18
baseline_00869,11.215247439164143,46.21942773671866,16
baseline_00870,11.014852158808331,46.183845734205896,21
baseline_00871,10.720462284444695,46.421628867869565,44
baseline_00872,11.338744636066297,45.973720084453625,21
baseline_00873,10.69920805730663,46.44228255179009,57
baseline_00874,11.583583617350104,46.26539588025144,14
baseline_00875,10.88282988736891,46.00537932494068,21
baseline_00876,10.698292319628763,46.16510645970267,16
baseline_00877,11.430135246045165,46.255800426447216,14
baseline_00878,10.858681782134738,46.025112950913886,24
baseline_00879,11.829137741933318,46.22971687817766,17
baseline_00880,10.833465169743297,46.36537783710622,29
baseline_00881,11.423126707384144,46.037413050007466,60
baseline_00882,11.020907677011943,45.972816301163384,31
baseline_00883,10.832873420238387,46.07430681200905,23
baseline_00884,11.052142434000535,45.760872762997764,16
baseline_00885,11.43007818821427,46.196753893936545,13
baseline_00886,10.903081788008416,45.765855238936744,22
baseline_00887,10.846692666246497,46.284528859589855,16
baseline_00888,10.678687620249349,46.33130546387176,18
baseline_00889,11.664253466461055,46.188997904666365,13
baseline_00890,11.450000255626904,46.25843298226417,15
baseline_00891,11.541773395075404,46.23662320193502,16
baseline_00892,11.08448907898026,46.00684957176622,38
baseline_00893,11.821601472899673,46.25078841008967,17
baseline_00894,11.722071510460585,46.42680194454442,19
baseline_00895,10.64547689756451,45.895351617487485,18
baseline_00896,11.673287027866943,46.32910672160264,30
baseline_00897,10.728747402432333,46.25753549651954,16
baseline_00898,10.959210359836495,45.74967998148636,32
baseline_00899,10.988895009970129,46.31301440144876,28
baseline_00900,10.916087043161257,46.35075912388305,255
baseline_00901,10.952691638815212,45.89699229385447,37
baseline_00902,10.896397689237205,46.40505606095114,30
baseline_00903,11.16299616278191,46.418113004644454,23
baseline_00904,11.208224670715243,46.419062964157426,22
baseline_00905,11.02875336926527,45.92950374777462,89
baseline_00906,10.659708417093773,45.84515613868221,14
baseline_00907,11.070328980724112,46.16265112590928,55
baseline_00908,10.930132860165497,46.288463865293245,26
baseline_00909,11.628871395278576,46.09226960863566,18
baseline_00910,10.86539530482193,46.32762298141868,128
baseline_00911,10.706900234379749,46.33045333401074,25
baseline_00912,11.191758729162977,46.32966664861064,18
baseline_00913,10.585199833779054,46.20142430554698,37
baseline_00914,11.409149495266487,46.01985411206999,15
baseline_00915,10.509192571774946,45.844397176127444,23
baseline_00916,10.938939154458058,46.38958570205776,26
baseline_00917,10.7400895015942,46.25498575507528,31
baseline_00918,10.646967344799993,46.00278574333588,19
baseline_00919,10.891528535237931,46.298926511968354,16
baseline_00920,11.353079708135782,45.96346276471562,19
baseline_00921,10.969936170150373,46.4482107235565,14
baseline_00922,10.994888290818219,45.83494543462753,47
baseline_00923,11.884378654498823,46.46268019744638,29
baseline_00924,11.06156720970429,45.869345593118204,53
baseline_00925,11.561099105940436,46.18010333952496,13
baseline_00926,10.707472728637402,45.98819808870548,14
baseline_00927,11.49413904552457,46.03136498796583,25
baseline_00928,11.026615183644047,46.14362311724171,26
baseline_00929,11.168826722687035,45.80458232786996,35
baseline_00930,11.502360141361033,46.21504218365476,23
baseline_00931,10.907070563764474,46.2420113154147,52
baseline_00932,10.752279950556856,45.844685449331145,17
baseline_00933,10.849482751441315,46.122861801255574,57
baseline_00934,10.75685181660412,46.277942511521374,12
baseline_00935,11.201996989127057,45.85151915906731,15
baseline_00936,11.822135527673836,46.39130905273378,30
baseline_00937,10.588283461497108,46.1130207953218,80
baseline_00938,10.838754770684897,45.871704182327775,51
baseline_00939,11.153541015147534,45.75871959435046,19
baseline_00940,10.891134851517295,46.3623763006089,21
baseline_00941,10.924579374010184,46.308137463338674,25
baseline_00942,10.5957092517852,46.32505169376669,17
baseline_00943,10.992284803023026,46.04937605852903,25
baseline_00944,10.592616824721482,46.37387522190918,74
baseline_00945,10.728446889137132,46.01760393492538,18
baseline_00946,11.034865654541695,46.40458958168267,31
baseline_00947,11.660530376103342,46.2309855693403,19
baseline_00948,11.080655228673342,46.18101294257338,66
baseline_00949,11.66410397711656,46.256400731043364,33
baseline_00950,10.726016549596247,45.999517355522585,16
baseline_00951,10.993903424240525,45.69765377348002,32
baseline_00952,11.073489780587694,45.712410942705226,16
baseline_00953,10.847396543203189,45.94316514158493,39
baseline_00954,11.516523725971188,46.25600142675127,15
baseline_00955,11.611631763026942,46.168883423306895,50
baseline_00956,10.596077336239784,46.24205319433017,21
baseline_00957,10.827704586978992,45.970270444076014,18
baseline_00958,11.47381519482183,46.0039264509207,18
baseline_00959,11.719645984287164,46.15313819709066,17
baseline_00960,11.73446880314269,46.40562141946205,16
baseline_00961,11.19488698098483,45.88007495850355,25
baseline_00962,10.78862471713248,46.226229540681906,33
baseline_00963,11.061394018130795,45.87500699099251,71
baseline_00964,11.145711947090197,46.36208830262067,18
baseline_00965,11.12910140325965,46.40967976691474,90
baseline_00966,11.127544784271484,45.774975044155084,20
baseline_00967,10.607257544819616,46.027548395957204,22
baseline_00968,10.589511385925693,46.19258479449204,15
baseline_00969,11.220098519682233,45.850794262833965,19
baseline_00970,11.001069038260763,45.71955284279418,23
baseline_00971,10.788944346311787,46.063780015912116,25
baseline_00972,11.298367266240113,46.20596448463192,14
baseline_00973,11.166919355825772,46.2381428102562,30
baseline_00974,10.967858003886986,46.386708619836476,24
baseline_00975,10.664366991246021,46.289485452529995,16
baseline_00976,11.142617357512368,46.34502175745879,16
baseline_00977,11.078302667174993,46.4699237987482,19
baseline_00978,11.71727920468146,46.179344903967205,13
baseline_00979,11.618605368933464,46.06037770946895,121
baseline_00980,10.655585626808879,46.10194463237459,12
baseline_00981,11.181720616787462,46.1101199147944,54
baseline_00982,10.646137999012659,46.00610178952159,17
baseline_00983,11.213712286019591,46.00374239276576,48
baseline_00984,11.136272391492248,45.787589427908216,19
baseline_00985,11.075697079359507,46.27499860744853,156
baseline_00986,10.973804420071446,46.25122300017958,17
baseline_00987,10.626535685586514,45.97585150188718,24
baseline_00988,11.177850403838475,46.1637130979336,40
baseline_00989,11.460010855908584,46.03196914422334,25
baseline_00990,10.884126892108483,46.401690388187866,27
baseline_00991,11.673227978888958,46.122503865875565,21
baseline_00992,10.885165530510282,45.88839211212191,70
baseline_00993,11.720172870476551,46.26689628679452,37
baseline_00994,10.898043401090188,46.32108625844638,22
baseline_00995,11.573691622777703,46.155655328156406,30
baseline_00996,10.811115926869828,46.34750487147265,31
baseline_00997,10.831880080166384,46.20665582605146,14
baseline_00998,11.63186799086608,46.421316901542895,35
baseline_00999,11.705975772882736,46.456900683859345,122
baseline_01000,11.516615709896772,46.229941237657975,24
baseline_01001,11.592868611718773,46.14304917010539,20
baseline_01002,10.720223918691625,46.26006997406342,21
baseline_01003,11.22842057118414,45.99732172528281,158
baseline_01004,11.099507633164214,46.15163666943666,194
baseline_01005,10.648682975225956,46.17519453762962,19
baseline_01006,10.837431555828466,45.95720729233011,31
baseline_01007,10.684388746961824,45.950383766391525,15
baseline_01008,11.382141727093957,46.24220539989984,13
baseline_01009,11.193229825329391,46.16546681057183,33
baseline_01010,10.993127994266175,46.347267701535756,29
baseline_01011,10.932361818867717,45.862071758787536,37
baseline_01012,11.215268550548435,46.03063872751275,44
baseline_01013,10.786346068316652,45.85638757492015,19
baseline_01014,10.953547207905167,45.98321458131884,22
baseline_01015,10.782187702592873,46.32027919607752,27
baseline_01016,11.12542862806954,46.450888161395234,33
baseline_01017,11.379260142967293,46.20714612502394,12
baseline_01018,10.937011445729471,46.46072504812947,42
baseline_01019,11.828866572425374,46.38002094705273,22
baseline_01020,11.01861548109478,46.36342625479255,66
baseline_01021,11.125261935579594,45.71058680947638,23
baseline_01022,11.620776237621763,46.41687219652885,34
baseline_01023,11.093014537578657,45.762261685803004,16
baseline_01024,11.14590929232073,45.958198713544924,24
baseline_01025,11.651943671668812,46.152914525738744,19
baseline_01026,10.842917760232172,46.006641137496686,27
baseline_01027,11.404209424400554,46.045342303860686,29
baseline_01028,11.260124262328224,46.22459988869476,21
baseline_01029,11.336822800891172,46.27574501746393,18
baseline_01030,10.612532884209926,46.34972817574755,28
baseline_01031,10.907424428914888,45.74727614822728,25
baseline_01032,11.608226155299908,46.049343056093775,22
baseline_01033,11.049061900097005,46.24120154119216,89
baseline_01034,11.168209400462834,46.13174018647741,52
baseline_01035,10.658222293020163,46.0091872096006,19
baseline_01036,11.656883062434702,46.14228304362546,16
baseline_01037,11.653155677301548,46.3002104586624,12
baseline_01038,11.28835705422625,46.15032157614923,14
baseline_01039,11.353510181349781,46.13490929989632,19
baseline_01040,10.971626242632242,46.02782016543959,25
baseline_01041,11.42794731444911,46.113749658800614,33
baseline_01042,10.695342050150881,45.86278222007495,21
baseline_01043,10.726163718404115,46.3607109681059,28
baseline_01044,11.739613222977729,46.40520558803135,17
baseline_01045,11.148990863530491,46.145672237106496,66
baseline_01046,10.891263992924172,45.730810363454545,23
baseline_01047,10.600549102019187,46.29699744683466,36
baseline_01048,11.188153415572016,45.95745514441609,38
baseline_01049,10.645886279909979,46.236685487089886,77
baseline_01050,10.603332613407611,46.20575615774431,34
baseline_01051,11.132949488076536,46.20302653804173,255
baseline_01052,10.913957430109068,46.175352701637415,67
baseline_01053,11.30652624926144,45.98639343726375,28
baseline_01054,10.930056879902256,46.04128432718649,21
baseline_01055,10.786840974960109,46.30923505835365,18
baseline_01056,11.111012723924919,46.39550487332739,60
baseline_01057,10.655086854633012,46.30334854950517,19
baseline_01058,10.994118967298794,45.935624758431466,38
baseline_01059,11.331207120213904,46.02135165803412,30
baseline_01060,11.285441315188619,46.140343234436244,18
baseline_01061,11.623215810994722,45.98753333054688,13
baseline_01062,10.789531263634732,46.33704319337231,19
baseline_01063,11.15418118360983,46.11190829056172,77
baseline_01064,11.051587467182754,46.10481642164934,94
baseline_01065,11.670562193645141,46.20104259437931,18
baseline_01066,10.702727655090898,46.115112156961786,24
baseline_01067,11.126264286912086,45.82696232032979,20
baseline_01068,11.885326521054985,46.24007483988973,54
baseline_01069,11.182583851039318,45.98149227392632,16
baseline_01070,10.782752411483695,46.09232233935185,20
baseline_01071,10.547162713278283,45.990644185127465,14
baseline_01072,10.516871123709759,45.8507278799142,21
baseline_01073,11.16169351615725,46.06393782899614,255
baseline_01074,10.94174580868487,46.27820013485369,23
baseline_01075,11.439645093831762,45.987084448702625,14
baseline_01076,11.232674481387736,45.996573853387495,42
baseline_01077,11.8226829412845,46.11703472569015,16
baseline_01078,10.985291648276823,46.41925363574264,21
baseline_01079,11.187656659421704,46.087563825134595,84
baseline_01080,11.364924396292109,46.10453232003439,17
baseline_01081,10.999377873973955,46.289869601112585,22
baseline_01082,10.630954138771687,45.87100404311976,24
baseline_01083,11.67756014599922,46.29240964224786,10
baseline_01084,11.179582646776135,46.08472917851732,73
baseline_01085,10.695606076616352,46.2143790650003,80
baseline_01086,10.536665333704757,45.89501425466998,22
baseline_01087,11.357592775540214,46.15766309497098,23
baseline_01088,10.58173627386136,46.05925842508623,58
baseline_01089,10.709862557477877,46.387121234271525,18
baseline_01090,11.13721566757326,46.180880207877834,58
baseline_01091,10.799360932377796,46.004429878955186,15
baseline_01092,10.616210542634345,45.846921172878304,22
baseline_01093,11.75070186097199,46.10670213615596,20
baseline_01094,11.086346096654196,45.801515041658384,19
baseline_01095,10.597673189251632,46.082195582804,64
baseline_01096,11.636314195876857,46.105815886961985,18
baseline_01097,10.629724789980832,46.08767637450026,36
baseline_01098,10.649079221055883,46.19195805248468,61
baseline_01099,11.702257130027375,46.44441322235223,76
baseline_01100,11.622722123910165,46.23131695112563,12
baseline_01101,11.24080350821617,45.99145469360696,29
baseline_01102,10.798866165170553,46.362981940980156,40
baseline_01103,11.644905493040069,46.00079532567744,15
baseline_01104,11.602584052529874,46.27215429703252,14
baseline_01105,11.172973159765966,45.872867652634625,24
baseline_01106,10.737739470769682,46.28285588078888,15
baseline_01107,11.644704428213917,46.170034449995455,25
baseline_01108,11.440960533720007,46.26446362663418,15
baseline_01109,10.92940514036469,45.98448072243229,28
baseline_01110,10.686012936850224,46.233333362763496,77
baseline_01111,10.83534176216422,46.40829291565404,24
baseline_01112,11.09203581464897,45.98738320009788,36
baseline_01113,10.868465867173153,46.25830391768785,12
baseline_01114,11.592663465631462,46.02831361285831,26
baseline_01115,11.636193623194078,46.087871480025264,20
baseline_01116,11.011447585256418,46.150185334293944,17
baseline_01117,10.835560676761624,45.93664086955674,37
baseline_01118,10.972388572256198,46.27971262023525,17
baseline_01119,11.448115823682919,46.316114684870385,22
baseline_01120,11.126829905336237,46.274394042905804,31
baseline_01121,10.696612100322117,45.85733748828169,20
baseline_01122,11.057291103844431,45.96398118532262,23
baseline_01123,10.589802987629525,45.7978741478499,24
baseline_01124,10.54900457719034,45.863627144376515,26
baseline_01125,11.379659686422691,46.12102055071536,17
baseline_01126,11.527154790365008,46.18679523369951,24
baseline_01127,11.419427259000939,46.05045775037694,114
baseline_01128,10.75690325671466,46.23789939597628,41
baseline_01129,11.231391582289623,45.8721434596915,27
baseline_01130,11.629976701799578,45.97661693406599,19
baseline_01131,11.04910700475976,46.17699582735653,33
baseline_01132,10.881960403462687,46.3866061879817,20
baseline_01133,11.856628203646187,46.16738475978813,18
baseline_01134,10.846633145299267,46.02307213561941,59
baseline_01135,11.665127344274197,46.49580015525837,25
baseline_01136,11.775658977372162,46.372312343599326,13
baseline_01137,11.32063805604117,46.26999032999689,19
baseline_01138,11.91152575614073,46.15728797583605,44
baseline_01139,11.615315316425747,46.324423150082566,15
baseline_01140,11.148167947075189,46.17763781735281,50
baseline_01141,10.79953669252743,45.94444916052128,20
baseline_01142,11.172088277558647,45.97696983011612,17
baseline_01143,11.882919047756017,46.260455723437275,77
baseline_01144,10.753820574789517,46.30546136030736,76
baseline_01145,10.75850345678917,45.88764757123542,23
baseline_01146,11.473084906308168,46.24352478750335,17
baseline_01147,11.180754012132104,46.20674681422653,26
baseline_01148,11.807210414886358,46.420156310600476,23
baseline_01149,10.787697602888409,46.168897339339566,15
baseline_01150,11.174753911929962,46.13801958822049,47
baseline_01151,11.211242599242969,46.0115306217601,30
baseline_01152,11.147186283147663,46.26570555151097,28
baseline_01153,11.329874363069806,45.952797551342975,27
baseline_01154,11.1642179296105,46.20022376923683,34
baseline_01155,11.004968907874405,46.10189420444961,29
baseline_01156,10.770234641145153,46.27559930063615,14
baseline_01157,11.014614793084565,46.407733083057586,84
baseline_01158,10.874612471785133,45.82760232580764,19
baseline_01159,10.650303297065056,46.16823289441845,13
baseline_01160,10.859989246014205,45.87569957704403,255
baseline_01161,11.10511336581772,46.00049158742407,44
baseline_01162,10.678111721435096,46.36587913796201,30
baseline_01163,10.71898731060382,46.102606261845324,18
baseline_01164,11.301369740353397,46.16130145908554,175
baseline_01165,11.054029716949989,46.26685183799197,131
baseline_01166,11.172064063077778,46.21465585712488,25
baseline_01167,11.131754365040717,45.960728615528,27
baseline_01168,10.997473126600815,46.15486352565621,15
baseline_01169,11.76244961452987,46.501311450074695,26
baseline_01170,10.752750424532785,46.16823438102153,27
baseline_01171,11.630937772815962,45.978321254618116,19
baseline_01172,11.469128221344487,46.09219468653453,24
baseline_01173,11.02784969752495,45.91932605676014,201
baseline_01174,10.705343984958056,46.36764144034784,13
baseline_01175,10.961862737613613,46.21586972640368,59
baseline_01176,10.559976986133313,45.812214097607225,19
baseline_01177,10.796950248694474,45.94543624728622,19
baseline_01178,10.89232697814037,45.902938786938634,77
baseline_01179,11.124267192135058,46.41502767072253,37
baseline_01180,11.000800699770197,46.177718033745734,18
baseline_01181,11.551575992831749,46.24231923216209,14
baseline_01182,11.872827090689432,46.275585797341215,80
baseline_01183,10.573150392872957,45.81643837485944,19
baseline_01184,11.779553192297538,46.14461348248043,21
baseline_01185,10.49203157221876,46.01436539818979,35
baseline_01186,10.919539335825995,45.88567011245726,41
baseline_01187,10.88147926761755,46.21174716638332,40
baseline_01188,10.650511675120164,46.39413524098095,55
baseline_01189,11.354913996802011,46.21567542617868,15
baseline_01190,11.412719937057027,46.15798977433374,20
baseline_01191,11.242941871808409,46.22297029741053,19
baseline_01192,10.919978428095684,45.97149086505316,34
baseline_01193,11.11967787295315,45.98750295951033,38
baseline_01194,10.844668671054716,45.93399139693226,48
baseline_01195,11.102419308136222,45.924830319779836,29
baseline_01196,11.016630305772045,46.02702998953614,21
baseline_01197,11.298976812775107,46.01242103317814,233
baseline_01198,10.698839291472197,46.306914006834816,17
baseline_01199,11.040919797132064,45.99831937972155,23
baseline_01200,10.849462146638416,46.03606480320688,25
baseline_01201,10.814086278741653,46.33050026313886,22
baseline_01202,11.574468305936087,46.368580320980705,50
baseline_01203,11.07593636360122,46.40700704414997,32
baseline_01204,10.727748628583445,45.921968262348564,23
baseline_01205,11.414293334811958,46.20421958059418,11
baseline_01206,10.863289937124897,46.20854139283189,22
baseline_01207,10.858850294754511,46.28805742272944,15
baseline_01208,10.679827210990192,46.097429520420114,13
baseline_01209,10.968697502271812,45.94087600425713,23
baseline_01210,11.152645396946333,46.353627171324405,18
baseline_01211,10.951077580590708,46.3984606263692,15
baseline_01212,11.162407345363086,45.838185059921926,18
baseline_01213,11.723431944514337,46.375841945613146,24
baseline_01214,11.617215860007759,46.05388887937964,108
baseline_01215,11.148340448016143,46.33605496421167,14
baseline_01216,11.16645388620032,46.25902354930955,30
baseline_01217,10.923676427377883,45.95075635667526,27
baseline_01218,11.868270503686544,46.120952347527805,13
baseline_01219,10.834858392268334,46.2221030418702,26
baseline_01220,10.752396221391626,46.43628514623712,32
baseline_01221,10.622794248321961,46.21727658494508,73
baseline_01222,10.942414063130306,45.816825358187934,31
baseline_01223,11.170147499160652,46.18571117799683,34
baseline_01224,11.013238692289207,45.74983488163613,23
baseline_01225,11.511629334998398,46.35366289429537,16
baseline_01226,10.642279442980447,45.87300677682824,23
baseline_01227,11.59527018680421,46.36575614649371,15
baseline_01228,11.114932470667474,45.838849977063155,21
baseline_01229,10.655730884852861,46.445870429987586,72
baseline_01230,11.185300989099959,46.04919154108266,57
baseline_01231,10.897399932597128,46.272438301140674,37
baseline_01232,10.977386194963294,46.3028579205567,22
baseline_01233,10.868109245282596,46.387969378556996,18
baseline_01234,11.833606941203032,46.14984896790772,20
baseline_01235,10.55624959463391,45.80621525849134,23
baseline_01236,10.898847182843284,45.89939219863535,55
baseline_01237,11.416005374862051,45.99890903474624,13
baseline_01238,11.746528980884444,46.34037353673269,34
baseline_01239,10.812915177874727,46.29305296711597,17
baseline_01240,11.446615148170412,46.136461454552915,20
baseline_01241,11.03754749444992,46.12365630747955,40
baseline_01242,11.203801316572859,46.147223294642245,39
baseline_01243,11.3782603468966,45.95035796989181,13
baseline_01244,11.446059007962127,46.12516297697286,18
baseline_01245,11.005618266869394,46.1940903925282,19
baseline_01246,10.76752404218605,46.09555946500686,21
baseline_01247,11.080542668130347,45.99032890285012,35
baseline_01248,10.558532932618911,45.934276658142565,16
baseline_01249,10.59891289649004,46.29663847654764,38
baseline_01250,11.247069152641505,45.88684554395921,15
baseline_01251,11.583935924174725,46.02999648670758,29
baseline_01252,10.61159425939141,46.22219274720928,60
baseline_01253,10.992943365576927,46.06744486722147,26
baseline_01254,11.058796062569726,45.96318554837867,23
baseline_01255,11.121417876468989,45.97592571121973,32
baseline_01256,10.94262648484624,45.99260909604324,24
baseline_01257,11.606579795695424,46.0432461008758,23
baseline_01258,11.548698708199867,46.19620619374202,21
baseline_01259,11.128196862511283,46.01443252670271,185
baseline_01260,11.352162636490824,46.1180992527593,13
baseline_01261,10.905888531751675,45.863727318866516,36
baseline_01262,11.693825191998805,46.266143064254884,37
baseline_01263,10.869064960872048,46.149111666759325,76
baseline_01264,10.98945749177368,45.791921558827525,31
baseline_01265,11.00671930049794,46.17362012323299,23
baseline_01266,10.804165178320655,46.370529112897884,41
baseline_01267,10.59103644645088,46.016761599272066,32
baseline_01268,11.838754757427644,46.30446088610645,60
baseline_01269,10.713390870431335,46.383114275485696,21
baseline_01270,11.493905435658226,46.16852512238594,23
baseline_01271,11.823307143888295,46.1848672806444,58
baseline_01272,10.905978098272517,46.30147042394755,19
baseline_01273,10.977787300797583,46.375748166414056,18
baseline_01274,11.081401457776348,46.41934969536319,108
baseline_01275,11.438291402134068,46.19094905817104,11
baseline_01276,11.029988648859653,45.93503261392298,51
baseline_01277,10.678160003004077,46.10501799469937,15
baseline_01278,11.557325564280767,46.01081305167576,15
baseline_01279,11.12535157202734,46.1847821140654,66
baseline_01280,11.214647688413475,45.86389842801838,17
baseline_01281,10.88995031938652,46.01205143873724,25
baseline_01282,11.055222179117361,45.74604934369795,24
baseline_01283,11.297076207209392,46.092510674935355,24
baseline_01284,11.466944974872288,46.037184074061216,101
baseline_01285,10.978357777782717,45.948756610018,20
baseline_01286,11.120206279441598,45.798295665295505,22
baseline_01287,10.753848784459821,45.99441655350252,24
baseline_01288,11.76453993051401,46.378322017382764,20
baseline_01289,10.62030105699828,46.05999663125293,39
baseline_01290,11.24264893237864,45.895356910001404,16
baseline_01291,10.665723860679154,46.27391560716968,12
baseline_01292,10.709489233026702,45.917166998011375,24
baseline_01293,11.644350966831675,46.20442203248746,10
baseline_01294,10.464794384294837,46.007168029485925,44
baseline_01295,10.86204558036281,46.40580359784162,18
baseline_01296,10.602665918100058,45.94421285039392,17
baseline_01297,11.761549542462914,46.130099739086425,19
baseline_01298,10.733806439389436,46.103512018697614,78
baseline_01299,11.144037702634783,46.46968591210813,20
baseline_01300,11.251938325101134,45.95979369276213,23
baseline_01301,11.046473581310337,45.80791820060387,30
baseline_01302,10.976049654382381,45.975572187121614,63
baseline_01303,11.678648124734526,46.21115509297281,13
baseline_01304,11.779532493699982,46.43876459662362,35
baseline_01305,10.681374798598723,46.44459072898222,55
baseline_01306,11.377367811873686,46.2109247709224,15
baseline_01307,10.795756934170068,45.87961820058057,32
baseline_01308,10.661538154940553,46.138523546054735,17
baseline_01309,11.660841502110632,46.41483944641392,26
baseline_01310,10.918977004746603,46.279404489762946,43
baseline_01311,10.631040345389144,45.946055008853165,27
baseline_01312,11.780983947418227,46.29827933837214,27
baseline_01313,11.077652823676578,46.026613575971055,40
baseline_01314,11.121406270625988,46.47606713188669,15
baseline_01315,11.802875483362689,46.47562113861277,24
baseline_01316,10.865800601801968,46.34303259688178,28
baseline_01317,10.61349345952466,45.831780404806445,18
baseline_01318,11.603956062808308,46.199275478055924,10
baseline_01319,10.855326796048034,46.160620697479175,77
baseline_01320,10.801018906117719,45.87258348981198,31
baseline_01321,11.49170930436403,46.08282611757674,32
baseline_01322,11.211015065991198,46.19302217708456,26
baseline_01323,10.659931174587438,45.83910332347843,13
baseline_01324,11.076148067312756,46.31142887678257,193
baseline_01325,11.192311317633264,45.95233256624541,26
baseline_01326,11.143371026552327,45.88514310446422,25
baseline_01327,10.92486696828248,46.19886541494786,73
baseline_01328,11.573774885152185,46.18364119246752,12
baseline_01329,11.640923976719234,46.12071394118739,17
baseline_01330,11.134405121502686,46.38423667535039,45
baseline_01331,11.235755730242063,46.013160020377015,38
baseline_01332,11.562750887264631,46.15258486062157,24
baseline_01333,11.231864477166296,46.2153322443029,22
baseline_01334,10.526670382294613,45.92333082672055,19
baseline_01335,11.05348286493153,45.934835424064744,54
baseline_01336,11.090375116654181,46.20026698085778,51
baseline_01337,10.667071612522607,46.38671689363876,22
baseline_01338,11.134538802230258,46.294466424226464,15
baseline_01339,10.62316151525061,46.3427085335462,15
baseline_01340,11.868907271994328,46.27164381905482,80
baseline_01341,10.656598723765276,46.028598455601404,20
baseline_01342,11.133311845117353,45.82673299457708,21
baseline_01343,10.757242781483642,46.063972027531946,26
baseline_01344,10.829978488227342,46.267861895357846,19
baseline_01345,10.624662071175305,46.05942620687138,41
baseline_01346,11.000466176302476,46.1234391464493,25
baseline_01347,11.032406227341095,46.353319127004816,226
baseline_01348,11.024235793915265,46.00025385952037,26
baseline_01349,11.306434964774558,46.24017550879387,20
baseline_01350,10.678929977727243,46.420199062673746,30
baseline_01351,10.722400487548528,46.28534921487791,12
baseline_01352,11.086023853826521,45.939105446498715,40
baseline_01353,11.613295994442383,46.05672511302295,62
baseline_01354,10.650955671727758,45.847353973041244,15
baseline_01355,11.145029252309143,46.408666341646594,216
baseline_01356,11.3417387592888,46.08206036769617,15
baseline_01357,11.07177842766516,45.74116867541574,24
baseline_01358,11.279017667082277,46.20597142551407,20
baseline_01359,11.741997186722745,46.24659771654395,27
baseline_01360,11.082058886783594,45.82619092608702,25
baseline_01361,11.467463021915641,46.19850834211422,16
baseline_01362,11.49680354268861,46.18464172993112,30
baseline_01363,11.140036984662844,46.170876683149864,61
baseline_01364,10.90431829566349,45.989899483852554,40
baseline_01365,11.024629637164171,45.73107178686129,16
baseline_01366,11.09771912347459,46.146365941586325,255
baseline_01367,10.894557164714907,45.78859923211874,27
baseline_01368,11.248369341449187,46.12415214460149,165
baseline_01369,11.503323099115873,46.19933753700733,26
baseline_01370,10.617316482083929,46.30055791868138,42
baseline_01371,10.886029223158456,46.19657713085359,55
baseline_01372,10.930291625246396,46.12479298552822,17
baseline_01373,10.648149141306686,46.15682841581129,12
baseline_01374,11.237271082494196,46.21637223735512,22
baseline_01375,11.196180796526056,45.82761781139805,13
baseline_01376,11.077654310262668,45.95998518592212,30
baseline_01377,11.298767060690107,46.22122870559026,24
baseline_01378,10.877629393863506,46.35256983980053,29
baseline_01379,10.917125243456459,46.10870642055295,37
baseline_01380,10.941523341962467,45.67814083168773,21
baseline_01381,11.546476557638707,46.20272626344129,23
baseline_01382,10.951479679072621,45.96355024756276,23
baseline_01383,11.656535279076014,46.22823795804038,22
baseline_01384,11.17955073348681,46.212366319831816,29
baseline_01385,11.799745878303034,46.134750595339405,17
baseline_01386,10.958420606365506,46.34723121708841,15
baseline_01387,11.077521265611157,46.311616380642995,193
baseline_01388,11.487709265770064,46.36060368752568,19
baseline_01389,11.31472823967637,46.00796035555453,255
baseline_01390,11.587479560365797,46.27951613669015,15
baseline_01391,10.927286804965824,45.70007256140089,151
baseline_01392,11.077395134538623,46.10041851106766,87
baseline_01393,10.811186583114436,46.061583438686895,23
baseline_01394,10.908886066115505,45.769404940804606,23
baseline_01395,11.63793921871847,46.341899327697064,16
baseline_01396,11.207585588178496,45.836481393704254,16
baseline_01397,10.66866594119544,46.42276275638397,50
baseline_01398,11.694125189888528,46.47972743504468,22
baseline_01399,11.546739385655155,46.06800210137893,23
baseline_01400,11.53028408174874,46.122172603003285,27
baseline_01401,11.49006433317485,46.18405560493828,28
baseline_01402,10.583741424151816,46.07445982516414,61
baseline_01403,11.324665241959343,45.941363044229824,19
baseline_01404,10.743063761851097,45.91083269966583,19
baseline_01405,10.934311675657087,46.05230158989225,23
baseline_01406,11.393223903258303,46.11504676803407,32
baseline_01407,10.764260073140054,45.97420026288907,19
baseline_01408,10.933307311631312,45.79462992235567,23
baseline_01409,11.122377813359172,45.784752732400406,19
baseline_01410,11.163296788811373,46.25390864615159,104
baseline_01411,11.096422888549904,45.8268228086938,25
baseline_01412,11.352704239937056,46.18273837676422,14
baseline_01413,11.715327763948032,46.27444054171747,19
baseline_01414,11.68703060992809,46.286081389381835,10
baseline_01415,11.46561974578884,46.13175495137868,14
baseline_01416,11.155683051174604,45.78623332539644,26
baseline_01417,11.680095515256994,46.463956375165814,30
baseline_01418,11.15958121197745,46.06474700950173,255
baseline_01419,11.486175517546062,46.2837737386207,129
baseline_01420,11.15523168644106,45.87216345077569,78
baseline_01421,10.790268142600674,46.41355660129294,16
baseline_01422,11.044475212680434,46.274654828385245,129
baseline_01423,10.983090425123088,46.06961343581745,129
baseline_01424,10.71021718657452,46.33342761352018,23
baseline_01425,10.60769393956218,46.37610186183694,73
baseline_01426,11.256968920027422,46.01763744760521,64
baseline_01427,11.076749109095358,46.206925182664136,42
baseline_01428,11.03199698308745,45.96593920186945,31
baseline_01429,11.681703829019884,46.181202090692224,11
baseline_01430,11.636987532292995,46.047345360242296,21
baseline_01431,11.641538651336708,46.14125291324982,22
baseline_01432,10.808938924115276,46.24282648260768,17
baseline_01433,11.31957219662716,46.09145198271997,15
baseline_01434,11.34672495144717,46.071047125687116,25
baseline_01435,11.681931952038113,46.33635379700922,34
baseline_01436,11.024586829504662,46.098045053513175,33
baseline_01437,11.686413698351098,46.43606318827189,114
baseline_01438,11.816661062580035,46.22004964947964,17
baseline_01439,10.677610768796738,46.129837538367845,20
baseline_01440,11.041311631587977,46.1699865119099,23
baseline_01441,10.747778307273567,46.259087604432544,32
baseline_01442,10.930456520188667,46.16340189991078,17
baseline_01443,10.644890117085719,45.92591589796882,15
baseline_01444,11.009951979975511,46.14500175728337,18
baseline_01445,11.753203633449814,46.417499072619826,14
baseline_01446,10.80755952399973,46.276897517805324,20
baseline_01447,11.047785544063498,45.9465106587911,42
baseline_01448,11.030445835205661,46.00107793376764,26
baseline_01449,11.275659878307911,46.24271922224656,20
baseline_01450,11.169544369232405,45.83477409224545,18
baseline_01451,11.18741462282009,46.048533606563396,57
baseline_01452,11.422375318500347,46.03057354594124,16
baseline_01453,11.14108054523256,46.3514799362873,14
baseline_01454,11.365254510805997,46.03904511213713,21
baseline_01455,10.723806268350138,46.1110506325943,18
baseline_01456,11.286130195768493,46.059983037696746,28
baseline_01457,10.988931014193412,45.832678884924576,41
baseline_01458,11.365471651078728,46.16999260697736,16
baseline_01459,11.210115078398388,46.02625750868266,39
baseline_01460,11.277242187490655,45.98852372680326,36
baseline_01461,10.666841791926814,46.3019037960115,17
baseline_01462,11.628763598767248,46.07279145962876,23
baseline_01463,10.585811636300908,46.079255852458076,62
baseline_01464,10.570155150713864,46.217946398254746,74
baseline_01465,10.531925483560139,45.96837521603879,11
baseline_01466,11.628245941165286,46.076174065912326,21
baseline_01467,11.22663241289844,46.07648680826682,214
baseline_01468,11.56070322083515,46.035012577495834,28
baseline_01469,11.550366453870524,46.15775046332034,12
baseline_01470,10.544982319475215,46.07986567866722,21
baseline_01471,10.576844451715447,46.107765808700506,77
baseline_01472,10.65241752374835,45.91455069488559,17
baseline_01473,10.620711051249938,45.82306459810917,18
baseline_01474,11.126917958461723,46.36774771216021,24
baseline_01475,10.846852306155554,46.27565284260577,16
baseline_01476,11.184721494576126,46.36046319837841,22
baseline_01477,10.579701443096507,45.79765206552373,19
baseline_01478,11.117147173214029,46.22128988342359,219
baseline_01479,10.77072447557353,46.30454273741335,12
baseline_01480,10.973475319131921,46.22532101343403,36
baseline_01481,10.705381540333288,46.01585545622398,21
baseline_01482,10.907449233090233,46.314683662318735,18
baseline_01483,11.588820433772124,46.13092566389407,25
baseline_01484,11.025930930142145,46.279809988632024,33
baseline_01485,11.169118634228242,45.79772051718296,41
baseline_01486,11.838498466007186,46.22116041463985,26
baseline_01487,11.838996774894902,46.411199214428414,52
baseline_01488,10.958205727018703,45.90260798669989,36
baseline_01489,10.600661470878116,46.23571375311267,22
baseline_01490,11.04308069754557,46.33790867272654,86
baseline_01491,11.583779658576491,46.30450174582886,26
baseline_01492,10.961890371097523,46.266624024340885,12
baseline_01493,10.723986445310034,46.143907120349255,23
baseline_01494,10.609166884616844,46.0564532726117,34
baseline_01495,10.783654553103121,45.91655066689183,20
baseline_01496,11.888011045618011,46.22172703817736,21
baseline_01497,11.805702622813577,46.27124770345413,51
baseline_01498,10.83489313382284,46.07452835908887,23
baseline_01499,11.86639907924753,46.222327112700064,21
baseline_01500,11.097204854898974,46.449937702457134,18
baseline_01501,11.626099105734,46.00213934761096,13
baseline_01502,10.954712213933334,45.72452758313748,31
baseline_01503,11.117736040956864,46.09583152404533,255
baseline_01504,11.85492494064396,46.19783063856196,23
baseline_01505,10.721759095994418,46.0961201182112,21
baseline_01506,10.669538390409496,46.33408633951355,19
baseline_01507,10.782098898211142,46.226247477084534,37
baseline_01508,11.125753113533932,46.44402050290066,29
baseline_01509,10.677063696346478,46.2236644727767,78
baseline_01510,11.861431726532123,46.244541301145155,66
baseline_01511,10.854683082281536,46.27503380084831,15
baseline_01512,11.818717799597678,46.16715555010933,41
baseline_01513,11.19342395635596,46.047950885456565,52
baseline_01514,11.72722334143192,46.34460597964701,29
baseline_01515,11.638600440256422,46.13746974259548,25
baseline_01516,10.994385926861932,46.25936195380139,19
baseline_01517,11.057372513047243,46.21672913856868,33
baseline_01518,10.57374261778717,46.068235158703494,48
baseline_01519,11.61009000399463,46.230079025166184,19
baseline_01520,11.032521487294586,45.83716220352641,48
baseline_01521,11.40481335043973,45.981892754437595,18
baseline_01522,10.580397857190476,46.21717534562385,74
baseline_01523,10.74389017845277,46.291965257360005,16
baseline_01524,11.347906681897339,46.09369035648397,19
baseline_01525,10.917062297445302,46.132146430389504,39
baseline_01526,10.536880516698202,46.35049083246576,48
baseline_01527,11.671413640233396,46.24687286393047,19
baseline_01528,11.144617927074593,46.25612950824083,25
baseline_01529,11.439881069773703,46.07819617686501,22
baseline_01530,10.916467809766576,46.35558181466732,205
baseline_01531,11.141316105613583,45.81968889318886,23
baseline_01532,10.612828445282162,46.10049511970108,79
baseline_01533,11.667410292684966,46.03948147066263,17
baseline_01534,11.92632630916578,46.16829678896112,52
baseline_01535,10.659654251310135,46.39233689383059,38
baseline_01536,11.650262199867084,46.330233256112585,23
baseline_01537,11.348117900530372,45.96145734273101,20
baseline_01538,11.079335884301935,46.27180006374573,187
baseline_01539,11.28818113326976,46.050190377969415,32
baseline_01540,10.586861334322847,46.23348807053411,64
baseline_01541,11.671879051455921,46.337402628531244,30
baseline_01542,11.418723908493746,46.1228108417724,31
baseline_01543,11.074618288711761,46.47978400307162,19
baseline_01544,10.724113055421117,46.10285554684758,20
baseline_01545,11.887722679903668,46.21235872137489,15
baseline_01546,11.634372769147127,45.97208031130619,18
baseline_01547,10.629711823218877,46.12892850995112,72
baseline_01548,10.596744592091905,45.98416376231269,25
baseline_01549,11.601963215368018,46.137120607407894,17
baseline_01550,10.783442779313608,46.335483221992234,17
baseline_01551,10.744836226548253,46.35808995778572,41
baseline_01552,11.16885164983203,45.8245354637819,23
baseline_01553,11.108818696132534,45.96041731179492,31
baseline_01554,11.66846792790373,46.32522718232451,26
baseline_01555,11.638767078784221,46.09010245205515,19
baseline_01556,10.627532427936455,46.442787690921925,80
baseline_01557,11.541954489984622,46.18269574530506,20
baseline_01558,10.944617763082515,45.84382700715811,28
baseline_01559,10.600340235360132,46.3074559245538,38
baseline_01560,10.785537411034355,46.077998874395846,20
baseline_01561,11.183949884625687,46.43883922313962,22
baseline_01562,11.139512874638067,46.00603703989409,184
baseline_01563,10.658257269774102,46.292035947364795,15
baseline_01564,10.658403623661647,46.40543236695035,45
baseline_01565,11.144932977613134,45.8201292393211,23
baseline_01566,10.971209859091246,46.43532983725541,27
baseline_01567,11.4159648174891,46.19888538446129,15
baseline_01568,11.554967795122316,46.3061063109558,20
baseline_01569,10.824799983244095,45.95439725139247,30
baseline_01570,11.163171486895285,46.33399952036878,12
baseline_01571,11.176187865647284,46.35929810423398,20
baseline_01572,10.815520859312619,46.15326096901417,16
baseline_01573,10.89902508138436,46.22994795809462,55
baseline_01574,10.589260563342188,46.08556208916906,65
baseline_01575,10.91269020922872,46.27782874334695,43
baseline_01576,11.748179796420189,46.3156609461953,13
baseline_01577,11.064541164923481,46.35228014289499,85
baseline_01578,11.011761021735321,46.07224048601958,24
baseline_01579,10.955091980374894,45.70100667188879,22
baseline_01580,11.095571678684095,45.90493179335483,31
baseline_01581,11.881374287286175,46.139453630976625,18
baseline_01582,11.652342418481236,46.35041626618942,14
baseline_01583,11.880206197011782,46.25318354706235,76
baseline_01584,11.00446543754727,46.2054272915067,21
baseline_01585,11.004435656157934,45.82362676735951,43
baseline_01586,10.623744745741023,46.08445291089944,25
baseline_01587,11.870879318922235,46.17186853977261,14
baseline_01588,10.98501016592618,45.90284026425901,46
baseline_01589,10.547930124974984,45.96982065599009,12
baseline_01590,11.186697947349463,46.125903787285246,39
baseline_01591,10.637569364615308,46.28343774451244,15
baseline_01592,11.476855610007178,46.131213505265144,15
baseline_01593,10.893698601171444,46.20699092462832,68
baseline_01594,11.660537582024872,46.48604235652845,27
baseline_01595,11.673969829259264,46.48218067624636,29
baseline_01596,11.143868300884387,45.74182712395311,16
baseline_01597,10.869043207459905,46.27247643754054,14
baseline_01598,11.201957746243096,46.425510273831506,20
baseline_01599,11.23875424629274,46.212431442949864,24
baseline_01600,10.975929326038392,46.05466226729811,23
baseline_01601,11.426044758685174,46.02699202203561,18
baseline_01602,10.970026261221,46.22858117109323,28
baseline_01603,10.945122452853669,46.18325536609537,40
baseline_01604,11.124807859202745,45.93442958735735,28
baseline_01605,10.651534563128198,46.351841068006,13
baseline_01606,10.711630472340772,45.896517670838094,33
baseline_01607,10.985628341726745,46.0650415030485,179
baseline_01608,11.498836279555848,46.246046711079416,17
baseline_01609,10.684058555423714,45.87750606561213,17
baseline_01610,10.514368087292839,45.945219136868964,25
baseline_01611,10.643255371134224,45.8968615151024,17
baseline_01612,10.730904877163631,46.1567018888082,14
baseline_01613,10.504606050598268,45.94549260809587,42
baseline_01614,10.971619241410986,45.99363736425605,106
baseline_01615,11.063335646138897,46.10245064814636,71
baseline_01616,10.67182133564418,46.06686007477649,14
baseline_01617,10.935925205937927,45.676560735611545,20
baseline_01618,10.952636515766994,46.27967541666582,17
baseline_01619,11.168093078880931,45.92216772160714,144
baseline_01620,11.120048314722704,46.265650872547916,27
baseline_01621,10.662817278537151,46.146786485431754,14
baseline_01622,10.917593002279983,46.01833715091974,29
baseline_01623,11.420970090023202,46.17471747312301,12
baseline_01624,11.265529065527682,46.05603684561615,44
baseline_01625,10.932208956663436,46.19333705306523,66
baseline_01626,11.877305750587004,46.45428625823704,21
baseline_01627,10.997628488671626,45.80012564658243,32
baseline_01628,11.01540260459285,45.91771477576657,93
baseline_01629,11.551698261384313,46.05497219545828,30
baseline_01630,10.88821462650456,46.365882942965996,20
baseline_01631,10.766082474774754,46.0811151608052,22
baseline_01632,11.078368633169418,46.15096162851168,68
baseline_01633,11.525102152814268,46.322505367684656,18
baseline_01634,10.659046444179136,45.83286415227044,18
baseline_01635,11.028904901569778,46.149286946496716,28
baseline_01636,11.297053366004967,46.07151454229981,45
baseline_01637,11.082360777135706,46.09597320867548,114
baseline_01638,10.632501656336327,45.91132084263693,15
baseline_01639,11.578454291545413,46.17268259210057,17
baseline_01640,11.40085405933505,46.08234312598134,29
baseline_01641,11.226425097010697,46.167691810468554,33
baseline_01642,10.540590454889974,45.947847193429936,25
baseline_01643,10.698898743279502,45.90740992170969,23
baseline_01644,11.085921607403963,46.45743247927648,18
baseline_01645,10.989953828498464,45.922192679423006,37
baseline_01646,11.589123540310185,46.14055226563797,18
baseline_01647,11.770115217805085,46.38407487291451,23
baseline_01648,11.487634369008969,46.26496244403696,16
baseline_01649,10.596970509311806,46.171805967618,69
baseline_01650,11.234952233899783,45.99372274401241,31
baseline_01651,11.184692054546922,45.96559421591834,34
baseline_01652,10.685675067771085,45.863062233446385,16
baseline_01653,10.736826724326615,46.44448872805545,51
baseline_01654,11.246254642837851,46.130559937663726,230
baseline_01655,10.62436266697829,46.068968028228866,35
baseline_01656,10.567614940806353,46.37721307479697,79
baseline_01657,10.922866898574597,45.98473772074123,24
baseline_01658,11.686421422573847,46.43818337874959,22
baseline_01659,10.968897317704037,46.283497607380376,23
baseline_01660,10.788098008924855,46.40987415258397,13
baseline_01661,10.667252457632063,45.86775956397412,13
baseline_01662,11.622453063795016,46.324303370751075,18
baseline_01663,11.650191974763645,46.114546605103776,20
baseline_01664,11.4606591824232,46.321908859727806,22
baseline_01665,11.63405219587247,46.46430820963062,59
baseline_01666,10.762483318903492,46.44803102618422,25
baseline_01667,10.731335762253494,45.97524582480864,14
baseline_01668,10.977645810411548,45.81097360006386,32
baseline_01669,10.817501297433946,46.16336658934192,16
baseline_01670,10.601913599400314,46.17016049282518,66
baseline_01671,10.741556005133903,45.91531182542834,17
baseline_01672,11.814250582201215,46.13488731433269,20
baseline_01673,10.775495907666683,46.10656084947392,19
baseline_01674,11.342521617305595,46.05105452009647,22
baseline_01675,10.9881985472085,45.99940061108572,25
baseline_01676,10.775886569444078,45.868602343556326,28
baseline_01677,10.65751368619837,46.32855230816077,26
baseline_01678,11.51676955865995,46.15209557237445,14
baseline_01679,10.513547993960719,45.95510212679284,28
baseline_01680,10.627015080771455,45.916821124724855,79
baseline_01681,11.288948760314314,45.92282329405428,22
baseline_01682,11.170760980169657,46.25703551288773,32
baseline_01683,11.113934648974515,46.2393307547592,40
baseline_01684,10.580614515271296,45.79618746153302,19
baseline_01685,11.057386847645143,46.18084686886937,39
baseline_01686,10.637649023620183,46.39378373437146,78
baseline_01687,11.530006761663985,46.17341619195395,18
baseline_01688,10.864556815005066,46.351965337232784,29
baseline_01689,11.424774568094577,46.01713773504972,21
baseline_01690,11.17098679398127,46.19169207192056,36
baseline_01691,11.063156289828529,46.08964782027063,188
baseline_01692,10.873496293271705,46.33347753852092,231
baseline_01693,10.615404720617715,45.88850294759455,15
baseline_01694,11.203385332093989,46.213373185607935,19
baseline_01695,11.03020922718238,46.25709852365867,32
baseline_01696,10.682928403420126,46.207864422439926,80
baseline_01697,11.587584604061751,46.33310986119597,17
baseline_01698,11.452361182992139,46.09456584653196,22
baseline_01699,10.84747570839975,45.968434979581474,31
baseline_01700,11.750823645319462,46.14305338245699,14
baseline_01701,11.102375640326645,46.459870664975504,17
baseline_01702,11.031715132741725,45.94344147392417,42
baseline_01703,11.020697871151743,46.06824968274297,21
baseline_01704,11.51877606807422,46.095623209856065,26
baseline_01705,10.65536240246542,46.288510945458135,16
baseline_01706,11.471895243198135,46.240647096182855,17
baseline_01707,11.487529303400901,46.16506531981879,21
baseline_01708,11.171114850243821,46.407754916172735,22
baseline_01709,11.217601967939741,46.00952461512538,32
baseline_01710,10.59926154098957,45.96974878508801,27
baseline_01711,10.992041108046449,45.97501839053956,27
baseline_01712,11.431197095066615,46.1825452193439,13
baseline_01713,10.912804794104188,45.96325555466043,35
baseline_01714,11.148453366836844,46.41551111941627,99
baseline_01715,10.854958621514303,46.27150992012363,13
baseline_01716,11.022814264291275,46.008592165048135,28
baseline_01717,10.603350175506337,46.253577787968084,12
baseline_01718,10.959716408911966,46.105333601734216,19
baseline_01719,11.380962248721346,45.985396387439216,15
baseline_01720,11.110811914432965,46.10033015180201,255
baseline_01721,11.732185564291763,46.349949851202155,21
baseline_01722,11.721681465295775,46.13377557346116,15
baseline_01723,10.793427592192716,46.31187733873562,38
baseline_01724,10.595309162225117,45.962605097174325,25
baseline_01725,10.553822356223685,46.36202325974107,53
baseline_01726,11.170144007222946,45.853278357943836,14
baseline_01727,11.654114343435126,46.233299711837866,15
baseline_01728,10.908174145653483,46.36455305628041,29
baseline_01729,11.106158295682505,46.13731393313074,255
baseline_01730,10.754440594052237,46.018914354476976,17
baseline_01731,11.396273668637368,46.06272082138104,25
baseline_01732,11.755412077315931,46.16905054337294,18
baseline_01733,11.57338236587726,46.07482059009383,18
baseline_01734,11.867880772482227,46.13109641004138,11
baseline_01735,11.107387922504307,46.15982362021263,137
baseline_01736,11.39898458026876,46.12210784292211,36
baseline_01737,11.002477204545071,45.79995167746245,31
baseline_01738,10.679508414955531,46.262347520902004,16
baseline_01739,10.905800483650179,46.0473755317274,20
baseline_01740,10.933561497307023,46.38699290185138,29
baseline_01741,10.549528865036471,45.84796154269001,28
baseline_01742,11.075233185319382,46.381398630914745,37
baseline_01743,11.360424763491146,46.02198084848271,32
baseline_01744,10.623746101958245,45.8379474107446,14
baseline_01745,10.823187318825113,46.38442481398727,19
baseline_01746,11.153363283796324,46.15441191520504,131
baseline_01747,11.111026085042026,46.22933022893709,44
baseline_01748,10.658296566811156,45.895132271325636,23
baseline_01749,11.666027570329781,46.23943608209413,15
baseline_01750,10.718047636231207,46.406180415142856,40
baseline_01751,10.578988554909811,46.190345309506554,36
baseline_01752,11.762152322558878,46.44751493915312,28
baseline_01753,11.06702833244892,45.98548235277688,31
baseline_01754,10.83258542356543,46.433743588367285,36
baseline_01755,11.334886527994419,46.00829100079969,34
baseline_01756,11.090989651935752,45.796970515296486,19
baseline_01757,11.116075259780198,45.891613376197235,30
baseline_01758,11.342673240899986,46.09465893410554,16
baseline_01759,10.93029372186432,46.037391129317044,19
baseline_01760,11.780674908273578,46.47882291804006,75
baseline_01761,11.000548689838077,46.288466250556716,24
baseline_01762,11.912658256685393,46.19397092226208,17
baseline_01763,11.72333175953949,46.24249202893662,15
baseline_01764,11.873447854249084,46.26697164196968,79
baseline_01765,11.287154188922786,45.93889057266077,22
baseline_01766,11.761821736428438,46.41058975427087,17
baseline_01767,11.045832710931206,46.514107600365755,26
baseline_01768,10.770014107737968,46.43863096197077,20
baseline_01769,11.835747154629669,46.215937933055464,19
baseline_01770,11.780725825432214,46.332394880521484,19
baseline_01771,11.76105382898096,46.380957428682294,24
baseline_01772,11.076023135385189,46.396410983565154,34
baseline_01773,11.691259272963102,46.38199228732081,19
baseline_01774,11.507330246302375,46.108400962639536,17
baseline_01775,10.983718117508761,46.19078933110875,17
baseline_01776,11.680967176342984,46.30748831392927,88
baseline_01777,11.136900871132852,45.6963933343291,26
baseline_01778,10.657785372210803,46.01750444389109,18
baseline_01779,10.576424331300062,45.80862112243009,24
baseline_01780,11.706939382295758,46.32931702038768,21
baseline_01781,11.73162110785882,46.262731794906415,45
baseline_01782,11.174822498109881,46.30524033393876,15
baseline_01783,10.845987174404405,46.26420569149864,15
baseline_01784,11.70111939435025,46.360597954019305,14
baseline_01785,10.75230571820963,46.02940453820543,188
baseline_01786,10.726966252076632,46.42671182325578,43
baseline_01787,11.846656010974224,46.229489049202755,42
baseline_01788,11.058007134137041,46.04179696749638,38
baseline_01789,10.629474200336013,46.290971234831765,19
baseline_01790,11.1095544976703,46.46421443218603,18
baseline_01791,11.137574766725692,46.252286454627146,27
baseline_01792,10.631229258138346,46.28665342625888,15
baseline_01793,10.740040339694833,46.414279529291015,37
baseline_01794,11.198693983664633,45.784860536905356,24
baseline_01795,11.745786430552101,46.18904047051099,26
baseline_01796,11.475164283507622,46.03270291963192,25
baseline_01797,11.069320287044704,45.79840265066984,27
baseline_01798,10.890569562182081,45.89805910193748,66
baseline_01799,11.01057864524114,46.2614533300475,25
baseline_01800,10.653423843344578,45.95091358826724,18
baseline_01801,11.49908445406945,46.26367718339981,17
baseline_01802,11.52976830130947,46.282257485436425,123
baseline_01803,10.955026121622517,45.874870602054116,34
baseline_01804,10.520954919483831,45.89105509309505,15
baseline_01805,11.048432821019208,45.99190521899701,38
baseline_01806,11.914550508332187,46.15418429522673,36
baseline_01807,11.213163338645003,46.47310678317051,19
baseline_01808,10.93154365119606,46.12912185906807,17
baseline_01809,11.768961762855533,46.39094079009132,36
baseline_01810,10.879591365361257,46.42718179688297,20
baseline_01811,10.850636885536868,45.94210917120259,42
baseline_01812,10.680704947382734,46.40662137623271,19
baseline_01813,10.845298468831835,46.28011539907847,17
baseline_01814,10.990763196300744,46.28275292272122,19
baseline_01815,11.185145973547138,46.09692115685609,75
baseline_01816,11.729926098349061,46.418530987940706,13
baseline_01817,10.706430808695531,46.110468167642885,21
baseline_01818,11.336927618986476,46.17481720942989,13
baseline_01819,11.314435440530284,46.031058273675306,29
baseline_01820,10.56827225800929,46.333695911241556,23
baseline_01821,11.480376990298078,46.01192017574774,17
baseline_01822,11.44850325270213,46.06343210489382,32
baseline_01823,11.895129844683995,46.183983934288456,12
baseline_01824,10.943021294126844,46.30212058852123,29
baseline_01825,10.940385873078057,45.720636494902884,26
baseline_01826,11.028332985247237,46.01595325264324,28
baseline_01827,11.589017888841836,46.23547378035843,29
baseline_01828,10.634385855680469,46.09507742211792,39
baseline_01829,11.105324347476042,46.366468212345005,29
baseline_01830,10.920643059420161,46.262051024510704,22
baseline_01831,10.650526113177618,46.24532789250902,30
baseline_01832,11.709101791819624,46.113836132707355,16
baseline_01833,11.191828133865826,46.434473164696406,20
baseline_01834,11.17191339952371,46.15719204370017,44
baseline_01835,11.09129416113536,46.3235779107055,43
baseline_01836,11.677290852147348,46.200897919606376,19
baseline_01837,11.107964121279363,46.03931428350339,255
baseline_01838,10.51329047708345,45.966825770432,14
baseline_01839,11.152404318290841,45.86574313627624,13
baseline_01840,11.200437358221656,46.21439554281146,20
baseline_01841,11.244781748629283,45.9229210949874,19
baseline_01842,11.11287295350841,46.45322030114064,33
baseline_01843,11.173683334200739,45.80069387551859,38
baseline_01844,11.723429929884,46.122815308539955,14
baseline_01845,10.898558617473695,45.71392135842547,28
baseline_01846,10.614793689099855,46.038365018485614,21
baseline_01847,10.59493264176334,46.24131516029229,28
baseline_01848,10.727447952536414,46.010877248804334,16
baseline_01849,10.901830393230979,46.17796629158604,74
baseline_01850,11.139523865870457,46.249404731515114,29
baseline_01851,11.580665422120243,46.19245542254227,10
baseline_01852,10.62845868841309,45.820588600085834,13
baseline_01853,11.764582483053749,46.50362294062985,29
baseline_01854,11.361414462340953,46.09153127964381,30
baseline_01855,10.997120797915121,46.25245255373481,20
baseline_01856,11.494960215356125,46.01263191091404,24
baseline_01857,10.909397191910099,45.78046520160698,29
baseline_01858,11.432013417148042,46.231753996006006,12
baseline_01859,11.11050577905184,46.21138457566242,213
baseline_01860,10.906770581493923,46.07149193807733,166
baseline_01861,11.164435204760892,46.412438524352524,23
baseline_01862,11.404500389212883,46.28624837420972,17
baseline_01863,11.565633457481702,46.18539056372414,12
baseline_01864,11.289535830079679,45.92298260360206,22
baseline_01865,11.1886158139867,46.09099665495914,98
baseline_01866,11.34502725206483,46.19885717324443,14
baseline_01867,11.250266766020696,46.035862804859676,149
baseline_01868,10.929327247322489,45.72749682419617,26
baseline_01869,11.167227956471423,46.098469679269535,77
baseline_01870,10.887273166436882,45.83819280539224,23
baseline_01871,10.97161980741818,45.87251517409316,45
baseline_01872,10.784086613162888,46.45482231995236,42
baseline_01873,10.964528471861824,46.19077573249411,28
baseline_01874,11.724833547297212,46.237962974424526,15
baseline_01875,10.650332603556693,45.92523582912446,16
baseline_01876,11.710654491896586,46.25185400463412,24
baseline_01877,11.561866508969631,46.35753918372101,50
baseline_01878,11.660312792686607,46.39930788126823,20
baseline_01879,11.584026475212504,46.246649248856464,24
baseline_01880,10.647217731762325,45.84445736361803,15
baseline_01881,11.080589737184964,46.52767625911831,33
baseline_01882,10.910900591036624,45.85301495882385,28
baseline_01883,10.691793819073258,46.38504402008199,14
baseline_01884,10.54837787541934,46.04327396164519,49
baseline_01885,10.79072311164125,45.894637925720765,26
baseline_01886,10.966297706840082,45.97843474397136,24
baseline_01887,11.494721885344568,46.11618802585411,17
baseline_01888,11.463528511947569,46.280495641572195,35
baseline_01889,11.142752754652513,46.396783874172264,128
baseline_01890,10.893485054940259,46.052647625622456,30
baseline_01891,10.602198429110317,46.2294772490654,52
baseline_01892,10.957662091218413,45.7913747231758,23
baseline_01893,11.080235466994198,46.334366617955865,45
baseline_01894,10.822778633920487,46.368869825677976,31
baseline_01895,10.967802044110453,46.1072726031544,18
baseline_01896,10.58095885839909,45.99322570500898,23
baseline_01897,11.592472090907266,45.98308175529638,22
baseline_01898,11.590450848815834,46.035619945857086,24
baseline_01899,10.796895964681903,46.362524745368255,40
baseline_01900,11.076700034435639,46.024942742847294,40
baseline_01901,11.145196031468808,46.40606813011425,216
baseline_01902,11.652536670911624,45.98405457661085,15
baseline_01903,11.599038918884364,46.24073103421169,29
baseline_01904,11.529819008988747,46.24089056102473,15
baseline_01905,11.237380696008495,45.927240355969616,21
baseline_01906,11.059469251911311,46.25853182191543,38
baseline_01907,11.288487328851513,45.93463661726465,21
baseline_01908,11.510068772763404,46.05666560345693,207
baseline_01909,10.762079060097543,46.1411655292185,28
baseline_01910,11.64307161834828,46.233730032688406,12
baseline_01911,11.632832054576651,46.02081081553251,44
baseline_01912,10.750239273147471,45.93223535586734,18
baseline_01913,10.508051849936024,45.96058787976498,20
baseline_01914,11.54753705678948,46.30943806409621,21
baseline_01915,10.88110551469312,45.75270756337506,26
baseline_01916,11.285731127601673,46.12130468389787,23
baseline_01917,11.621645617864885,46.29778879438109,15
baseline_01918,10.542758682903187,45.993692356705544,15
baseline_01919,10.640651544157176,45.9291642890461,56
baseline_01920,11.56530170370504,46.06265076498057,22
baseline_01921,11.803190903313489,46.212834135747826,17
baseline_01922,11.257789311297314,46.18514056722236,110
baseline_01923,10.981423200349752,45.91761596740845,38
baseline_01924,11.637705498449307,46.28776369682628,12
baseline_01925,11.467981620274427,46.2873306100998,33
baseline_01926,11.237211938464558,45.88587381117117,13
baseline_01927,10.947449602812977,46.17380363159689,41
baseline_01928,10.600224973642955,46.28499906769862,29
baseline_01929,11.171631499231864,46.05664413045002,69
baseline_01930,11.010059719924076,46.12553649791933,22
baseline_01931,11.34079785450148,46.11924813151625,14
baseline_01932,11.048562220041028,45.899688476363764,255
baseline_01933,11.205732080933926,46.03708222351903,45
baseline_01934,11.116988479717042,46.473716357266085,15
baseline_01935,10.644237963168703,46.2845777104775,15
baseline_01936,10.647653741505282,46.27887832083547,14
baseline_01937,10.773422087747413,46.08003343755332,18
baseline_01938,11.360980578873091,46.024349689414045,46
baseline_01939,10.63478532410523,46.16468213187382,14
baseline_01940,10.910308722786489,46.09084576375859,23
baseline_01941,11.803061037985863,46.43760777052528,21
baseline_01942,10.7778616080278,46.377454202273114,16
baseline_01943,10.978873022444432,46.421582215674825,20
baseline_01944,11.08299278416774,46.165795482819846,66
baseline_01945,11.632509173003706,46.081643665477095,20
baseline_01946,11.539885598035955,46.19388058486283,26
baseline_01947,11.60320642542346,46.10704993340882,15
baseline_01948,11.148493817859698,46.05988293451389,250
baseline_01949,11.130575977801305,46.41807187375515,55
baseline_01950,10.943475709421456,46.360841342090154,20
baseline_01951,11.456000331883967,46.02521714389496,24
baseline_01952,10.803905559186704,46.01297588586257,22
baseline_01953,11.796701780108414,46.30587744995079,30
baseline_01954,11.520512382651313,46.16488000484168,14
baseline_01955,11.654880264840342,46.28135059242371,14
baseline_01956,11.3868175984454,46.169061113091395,25
baseline_01957,10.738305732083163,46.08216677282422,19
baseline_01958,10.822734267329185,46.279818502355646,21
baseline_01959,11.671137681741262,46.19486557562041,11
baseline_01960,11.112362221789784,46.02978301234745,224
baseline_01961,10.60225793774925,45.81750974110599,17
baseline_01962,10.669782582392981,45.89268738937553,105
baseline_01963,10.587597483921908,45.936762266885495,17
baseline_01964,11.067435563450355,45.81840006526263,21
baseline_01965,11.380429846509005,45.95267239331167,13
baseline_01966,11.041246752940134,45.948157157976524,41
baseline_01967,11.075813907747918,45.951749511640415,39
baseline_01968,11.019454038150117,46.38486571552902,28
baseline_01969,10.634936135230355,45.847102590536046,17
baseline_01970,11.58837614575718,46.17695188264989,21
baseline_01971,11.033858372827588,45.7718565127016,20
baseline_01972,10.543795314240885,46.07269443748576,15
baseline_01973,11.0671334882094,46.08933699822357,199
baseline_01974,11.067763900052721,45.87392356807499,67
baseline_01975,11.907627254750638,46.25356586057733,58
baseline_01976,10.824289278692621,46.15000994014145,22
baseline_01977,11.066634172029135,45.745042400565,22
baseline_01978,11.264204778557149,46.03736630485844,45
baseline_01979,11.02646374852804,45.975146263363456,28
baseline_01980,11.407215024173503,46.17620361130972,16
baseline_01981,11.568812709658227,46.15721311874671,30
baseline_01982,10.906348337697445,46.01289655399752,20
baseline_01983,11.104726169945778,46.19795400811079,223
baseline_01984,10.847015368328218,46.32031215054825,25
baseline_01985,11.136079601551051,45.88440718045671,25
baseline_01986,11.146776535849954,46.18855093090005,67
baseline_01987,11.172048240649522,46.44826338134268,18
baseline_01988,11.46839341231454,46.02825759382002,25
baseline_01989,11.804594670330438,46.277824603471586,20
baseline_01990,11.603982887643305,46.13575175540927,17
baseline_01991,11.641506119643662,46.23120129345499,12
baseline_01992,11.709148605699948,46.25056872440524,24
baseline_01993,11.679990120249373,46.38462954402062,15
baseline_01994,10.992946952628714,45.825277635790066,39
baseline_01995,11.61229208457863,46.2724317289063,14
baseline_01996,10.992728336644035,45.7502534548847,234
baseline_01997,11.198150944779796,45.98510812137916,22
baseline_01998,10.748413020830698,46.37917316842513,19
baseline_01999,11.050531592607665,46.42114326766489,21
baseline_02000,11.311889208020755,46.09780091477319,19
baseline_02001,11.285730124588447,46.240440510655404,19
baseline_02002,11.306760452171385,46.259833211837474,18
baseline_02003,10.844392891493555,46.163080955490585,63
baseline_02004,10.796568423772737,46.12280490262697,16
baseline_02005,11.499027440262033,46.1312875247366,16
baseline_02006,10.834266739437737,46.15466219622141,49
baseline_02007,11.137904467635714,46.47961262135269,26
baseline_02008,10.866162286627839,46.257932126466095,12
baseline_02009,11.157029544269914,45.98379435216501,21
baseline_02010,10.791406758738788,45.911936721787825,22
baseline_02011,11.08674951141411,46.05896436320564,89
baseline_02012,10.575785121977768,46.164729322970416,79
baseline_02013,10.56465423214037,45.887895926215904,20
baseline_02014,10.70067025638344,45.94021296105812,28
baseline_02015,11.177240874397683,46.36793555865876,16
baseline_02016,11.347280300709917,46.211589259463544,13
baseline_02017,10.957201375057162,45.88826176478663,40
baseline_02018,10.615108621291522,45.877896486890506,20
baseline_02019,10.967019400739154,45.71968844599903,25
baseline_02020,10.956122686180503,46.35593793811364,14
baseline_02021,11.396855069788453,46.17084930978318,22
baseline_02022,10.502573672948081,45.942340658900356,45
baseline_02023,11.11976563525683,45.93218345460996,29
baseline_02024,11.475731975549948,46.153924233804375,18
baseline_02025,10.897705335823822,46.00098369258443,21
baseline_02026,10.596965738197373,46.31968367257956,24
baseline_02027,10.80434318027892,46.1886044214394,14
baseline_02028,11.032153429683634,46.35684417792473,251
baseline_02029,11.78143719595619,46.205510817398206,25
baseline_02030,10.965228597925583,46.479349824908006,39
baseline_02031,11.634895597849061,46.063450381994656,255
baseline_02032,10.947973335801988,45.83843367030323,29
baseline_02033,10.60732753419524,46.1848190294675,37
baseline_02034,10.554237310790604,46.351899698861565,44
baseline_02035,10.744678442764103,46.16592712419485,16
baseline_02036,11.088176926964428,46.296166332114375,38
baseline_02037,11.123853176574315,45.88201951278343,30
baseline_02038,10.923007976649924,46.047770645898254,21
baseline_02039,10.922284977717204,46.434308761490676,22
baseline_02040,10.918487598828506,45.967819670214645,32
baseline_02041,11.338079465648526,46.25632093997073,18
baseline_02042,11.713817961008814,46.41149729135066,13
baseline_02043,11.08976930356059,45.84095036795459,20
baseline_02044,10.754886096472013,46.45433207796196,33
baseline_02045,11.638422343832366,45.96665982311655,17
baseline_02046,11.461072656293574,46.2704975857689,25
baseline_02047,11.935495615443447,46.188764800308995,15
baseline_02048,10.95243226544536,46.17039882091469,37
baseline_02049,11.90700821385823,46.202820705257544,21
baseline_02050,11.084684855865543,45.81245537346431,22
baseline_02051,11.138472407371195,46.35170612880803,14
baseline_02052,10.51594015612387,45.86159338870254,23
baseline_02053,10.80005614412359,46.20954455587272,20
baseline_02054,10.813266364087376,46.30473633307812,43
baseline_02055,11.000275473640896,45.736288273443456,22
baseline_02056,10.891148504526736,45.84008702746668,25
baseline_02057,11.78966098250517,46.29118907309281,23
baseline_02058,10.965532255409284,46.14983575998069,22
baseline_02059,11.72545936692863,46.45618035388137,19
baseline_02060,11.024604570799774,46.35017734210477,181
baseline_02061,10.913046371587605,45.87943681184981,41
baseline_02062,11.675015002083356,46.24136114611046,21
baseline_02063,11.023506021206257,45.99479030762042,26
baseline_02064,10.947198301973241,45.71867870454106,25
baseline_02065,11.654054177411739,46.42366809151281,22
baseline_02066,11.738482556767854,46.50584261081657,41
baseline_02067,10.575179070902749,46.077721068336906,48
baseline_02068,11.42664829227821,46.1108300872596,31
baseline_02069,11.205370248131729,46.07221596270011,141
baseline_02070,10.93835001996497,45.99446638406018,29
baseline_02071,11.501329376876255,46.28844788038047,84
baseline_02072,11.199636396499722,45.90368117233588,21
baseline_02073,10.783820653770192,45.84748195906042,18
baseline_02074,10.914446179266985,46.437308193153626,33
baseline_02075,11.017330435626121,46.14643552173347,21
baseline_02076,11.12367341820144,45.975281337092966,30
baseline_02077,11.334336676772217,46.07306394769784,23
baseline_02078,11.39047591058299,46.03938760854098,25
baseline_02079,11.15848615470945,46.02463605414922,67
baseline_02080,11.029813365830789,45.82732406257505,40
baseline_02081,10.80536799319466,46.22798217081321,22
baseline_02082,10.99464969015918,45.74376088007691,80
baseline_02083,11.725039373197252,46.11395463309416,14
baseline_02084,10.754787444447937,45.842016285530505,18
baseline_02085,10.949555873424817,45.93325394443259,24
baseline_02086,11.684194917306566,46.26082733544439,39
baseline_02087,10.866810272895217,46.2798399510048,14
baseline_02088,11.588753217615203,46.309239178566784,60
baseline_02089,10.904589705389732,46.380192801922874,21
baseline_02090,11.635196382810824,46.0202133718233,56
baseline_02091,11.065142551338997,46.17172609130705,108
baseline_02092,11.442112193115122,46.078870858545045,24
baseline_02093,10.677708521624117,46.01478925954575,23
baseline_02094,10.794999104997023,46.31725258755935,95
baseline_02095,11.168890037082852,46.11656470122256,58
baseline_02096,11.639496138697462,46.32455046754221,19
baseline_02097,11.543627130470268,46.069750593084066,26
baseline_02098,10.735965331910442,46.335311001127494,16
baseline_02099,11.131931280908173,46.15322643392597,77
baseline_02100,11.018225936003624,46.16962268874921,19
baseline_02101,11.08536768739883,46.26273990419474,212
baseline_02102,11.061532575712807,46.34263306453955,81
baseline_02103,11.264308068023292,45.953350911657104,24
baseline_02104,11.403638482651726,46.19155216822992,13
baseline_02105,11.042298786377858,46.132619983543,45
baseline_02106,11.31251275322043,46.061264312745124,21
baseline_02107,10.609780025040227,46.148461052660686,75
baseline_02108,11.190302863551763,45.833453960167695,15
baseline_02109,10.880938988163507,45.87332056287942,240
baseline_02110,10.711764298300244,46.41236188481746,37
baseline_02111,11.072850753381434,45.80794418157458,18
baseline_02112,10.619494331425928,46.13430801541405,74
baseline_02113,10.648480182458126,45.849784212776626,15
baseline_02114,11.105086061171638,46.28330555806618,28
baseline_02115,11.169406317728825,46.19216001870398,36
baseline_02116,11.870888869297344,46.17821020604704,16
baseline_02117,11.055291085029392,46.36751128666988,42
baseline_02118,10.887123622632249,46.43067210074934,20
baseline_02119,11.141500445472056,46.27525859816472,26
baseline_02120,10.71675013201119,45.88716534550776,18
baseline_02121,11.81168910552137,46.30358179093864,30
baseline_02122,11.14379886193971,46.45633875021676,22
baseline_02123,10.729315329533685,46.161973034440415,13
baseline_02124,10.814287856870976,46.4216794630824,19
baseline_02125,10.865770559632843,46.213125605805885,51
baseline_02126,11.506668310063374,46.29426221774062,237
baseline_02127,10.780389461913664,46.09735040539363,20
baseline_02128,10.611156758753431,46.33222128061507,14
baseline_02129,10.944679428186488,46.06074877539921,27
baseline_02130,10.83403342151752,46.10816876634053,29
baseline_02131,11.150353850062038,45.73582751028878,17
baseline_02132,11.501293183512631,46.317767886357146,21
baseline_02133,11.02797744804351,46.31451755629012,45
baseline_02134,11.583152935959362,46.089842544029125,21
baseline_02135,10.555283700209834,46.14460900661568,79
baseline_02136,10.664074800694307,46.37857381791633,29
baseline_02137,10.896538978530986,46.13276040838604,45
baseline_02138,11.042621080823464,45.73960349391884,18
baseline_02139,11.605680505393904,46.25553196348222,16
baseline_02140,10.684076194884488,45.98088280074429,15
baseline_02141,11.678072535486256,46.224246739441526,15
baseline_02142,11.042271961919594,45.938078355896884,48
baseline_02143,11.619004954572784,46.33271601475947,14
baseline_02144,10.961452357292229,45.838150246098586,34
baseline_02145,10.704545965889261,46.030422623579476,16
baseline_02146,10.61487172225773,45.95426437123234,21
baseline_02147,10.765078720004704,46.13882359642323,28
baseline_02148,10.775140313449386,45.97958337221111,17
baseline_02149,10.714477091105413,46.018775466186234,19
baseline_02150,10.92991648777264,46.007633822457485,27
baseline_02151,11.14523057555641,45.729652166672395,22
baseline_02152,11.683469999547501,46.23193047676501,16
baseline_02153,11.009585006647844,45.73078327765025,22
baseline_02154,10.782362281422643,45.93223779557897,20
baseline_02155,10.60600415433103,46.134074488619575,78
baseline_02156,11.504057051007415,46.25597699908038,15
baseline_02157,10.95379348430795,46.21937925974538,58
baseline_02158,10.958413904736208,46.19630937283913,50
baseline_02159,11.33596010032301,46.00177153624583,31
baseline_02160,10.80357869782112,46.203031909229104,20
baseline_02161,11.566894761903377,46.32422742561911,28
baseline_02162,11.017959256893354,45.92800617059388,58
baseline_02163,10.681318007116733,45.84867315202003,17
baseline_02164,10.87234190994516,46.22647448009406,29
baseline_02165,11.601004957360944,46.12090642016204,16
baseline_02166,10.818145509191838,46.13676701341342,18
baseline_02167,11.821760919795198,46.24488552644292,15
baseline_02168,10.827343636972797,46.26410502319523,18
baseline_02169,11.539083054361011,46.195904985584285,33
baseline_02170,11.028476477882236,45.949529583599684,35
baseline_02171,10.742942623493965,46.218530707978815,23
baseline_02172,10.666002701790553,45.848530950912796,16
baseline_02173,10.590816308795707,46.182630362831496,26
baseline_02174,11.707844981198974,46.474384780843614,19
baseline_02175,10.718727832609131,45.88702308441444,19
baseline_02176,10.88325816227865,46.05845660050345,23
baseline_02177,10.705631757754185,46.0525256196864,21
baseline_02178,11.600749035126038,46.37786599918614,45
baseline_02179,11.02837585865734,46.40748890046336,27
baseline_02180,11.152595196009942,46.06304295573557,250
baseline_02181,11.01890074651435,46.19415209465056,20
baseline_02182,10.560876654958257,45.79041467393942,16
baseline_02183,11.16106548860315,45.80595632793286,30
baseline_02184,11.194593557297528,46.469119144189435,19
baseline_02185,11.015876549602824,46.09396437576038,30
baseline_02186,11.420571396644322,46.178913010189206,13
baseline_02187,11.111275385513808,45.892432685633224,32
baseline_02188,11.222017919773698,46.09316504397118,48
baseline_02189,11.492235159079447,46.2719373696502,20
baseline_02190,11.40532039191442,46.25470831315132,12
baseline_02191,11.505803387068882,46.22796383578255,26
baseline_02192,10.846970299783603,46.06464946567009,24
baseline_02193,11.616833456022992,46.22715859021433,12
baseline_02194,11.091104248011426,46.386593081198754,30
baseline_02195,10.834191456015978,45.93282728538579,40
baseline_02196,11.913984971672814,46.23927724928197,36
baseline_02197,11.030444317830224,45.93778126638647,46
baseline_02198,11.073980314538662,46.426720818266226,26
baseline_02199,10.972443721366043,45.79562484118376,29
baseline_02200,11.053377618944426,45.937885756725095,48
baseline_02201,11.504059077206007,46.1244237688432,16
baseline_02202,11.440922875997371,46.303408279882085,33
baseline_02203,10.70996448072054,45.995131009828405,17
baseline_02204,11.132971854107659,46.37336442284929,21
baseline_02205,10.728235373717752,46.32587804255264,17
baseline_02206,11.069725580712358,46.21205398489749,34
baseline_02207,10.703154520599357,45.92500491063458,23
baseline_02208,11.02280058465878,45.91092961009217,210
baseline_02209,10.96905863155556,46.17662271537454,31
baseline_02210,11.17411499271516,46.25159362980339,255
baseline_02211,10.598493857954452,46.12216371837078,80
baseline_02212,10.961321427440394,46.0422702791333,168
baseline_02213,11.012311878677238,46.43854964866401,21
baseline_02214,11.873663522721367,46.24494768773506,68
baseline_02215,11.023868819660198,45.722104393198784,18
baseline_02216,10.99002167062743,45.956942759693625,23
baseline_02217,10.6035324734763,46.06589541347396,51
baseline_02218,11.507067526427601,46.29667998361812,89
baseline_02219,10.874367752427059,46.27435376892503,14
baseline_02220,11.68341994898876,45.989779463953774,24
baseline_02221,11.38628532546942,46.2396127547126,13
baseline_02222,11.170039867283812,46.028226249193395,59
baseline_02223,10.477326495814877,45.982705177512415,20
baseline_02224,10.943942352487467,46.05504599560254,23
baseline_02225,11.368779495541386,46.01707723230379,26
baseline_02226,11.098614063489427,46.47410159482189,15
baseline_02227,11.74693791759552,46.45149570294639,20
baseline_02228,11.237797720080792,46.1647921223652,26
baseline_02229,11.746488681312204,46.10694048055275,17
baseline_02230,10.645351842431044,46.358268691584755,19
baseline_02231,10.907420796146516,46.25181518250651,43
baseline_02232,10.706065017165464,46.05674959879578,23
baseline_02233,10.62694866712501,46.24285216172427,54
baseline_02234,10.816110175187438,45.85491411213633,33
baseline_02235,11.590066174700953,46.240360240557024,24
baseline_02236,10.587300277118976,46.0469494227304,34
baseline_02237,11.855500570259881,46.44929861805394,70
baseline_02238,10.841377832495109,46.082568150581174,33
baseline_02239,10.657278127444386,46.132665333585926,23
baseline_02240,11.359589630782699,46.22680518902825,15
baseline_02241,11.02171565054894,46.28999004706898,33
baseline_02242,11.422162782085628,46.15619671273463,15
baseline_02243,11.745489271909863,46.368269655609204,10
baseline_02244,11.007707432090498,46.406876543928234,65
baseline_02245,11.893418470486337,46.16911380586884,18
baseline_02246,11.003608903823409,46.25718265547741,22
baseline_02247,11.655494354780998,46.11994175840597,28
baseline_02248,11.049362698746842,46.135890664041064,48
baseline_02249,11.147990193035374,45.797334262423036,24
baseline_02250,11.207250774206683,46.06491935311044,70
baseline_02251,11.514104705056951,46.188006134094074,33
baseline_02252,11.519475571528096,46.08427165737421,66
baseline_02253,11.704017770271156,46.0986733030083,16
baseline_02254,11.188628107947716,46.009888505336555,43
baseline_02255,11.27992598929517,45.96309718915474,22
baseline_02256,11.596805953657597,46.00924787678378,12
baseline_02257,11.249565283040166,45.91632947478612,15
baseline_02258,10.649943045135362,46.319944409430214,35
baseline_02259,11.735925239451522,46.28323323278065,19
baseline_02260,11.143352250876672,45.81367206873079,28
baseline_02261,10.660004041476588,46.27150738233221,12
baseline_02262,10.89191189091552,45.797439285465906,28
baseline_02263,10.781721210821747,46.31660353924774,26
baseline_02264,11.548834402406676,46.168051714736606,14
baseline_02265,11.097397706240212,46.39683816550953,30
baseline_02266,11.434240918691346,46.18328558836945,14
baseline_02267,11.917071941683767,46.2121702515894,21
baseline_02268,10.816040396976453,46.0931685282127,16
baseline_02269,11.438318266235884,45.99575054943892,11
baseline_02270,11.497228370720999,46.35698226284635,17
baseline_02271,11.758714217320014,46.23224524838141,19
baseline_02272,10.8679454623708,46.234726442691446,18
baseline_02273,11.007082090010167,45.77608770369635,86
baseline_02274,10.577036031351184,46.093678219891984,58
baseline_02275,11.462480640199889,46.11133757119407,21
baseline_02276,11.578142687358326,46.356138009389824,42
baseline_02277,10.725768862028202,46.089354173542645,27
baseline_02278,11.42593088646013,46.045885453443745,30
baseline_02279,11.292187893296214,46.13427685190327,19
baseline_02280,11.679106437870885,46.09311465455872,21
baseline_02281,11.236055528475061,46.17582717743022,31
baseline_02282,11.530392442719272,46.35245990108647,24
baseline_02283,10.63965382955726,46.320565204049316,31
baseline_02284,10.725115648421642,46.18819734857098,30
baseline_02285,10.724018022892713,46.150022256488704,19
baseline_02286,10.646793913210466,45.85025979700662,15
baseline_02287,10.695728618660338,46.15670960208139,12
baseline_02288,11.001397084331355,46.14116712850948,15
baseline_02289,11.091265077385577,46.48592465282689,17
baseline_02290,11.881554233234166,46.1196765586225,33
baseline_02291,11.634703278350784,46.23985486949713,13
baseline_02292,11.124300274114937,46.16924681190975,78
baseline_02293,11.502223379745017,46.12244905040836,16
baseline_02294,10.601767746312111,46.378003185908,76
baseline_02295,10.904944812944287,46.38906885833748,29
baseline_02296,11.898485481512573,46.19081379865869,19
baseline_02297,10.778554234768883,45.98172419602764,17
baseline_02298,10.646304667552414,46.20816202522061,72
baseline_02299,10.564532315706717,45.892182336563486,22
baseline_02300,11.028924207655704,46.45016860722233,18
baseline_02301,11.056533492609704,45.74447960861612,24
baseline_02302,10.836167556108553,46.038734756645084,22
baseline_02303,11.50133798299276,46.13383604014359,13
baseline_02304,10.74318729966356,45.99297273064438,21
baseline_02305,11.366032739802767,46.03386886492811,21
baseline_02306,11.107240860661888,45.69515380252675,21
baseline_02307,11.419255314424474,45.984953553837634,10
baseline_02308,10.956015273006233,45.90791109899431,35
baseline_02309,10.467104325633256,45.997285387162854,41
baseline_02310,10.717664171645975,46.29935272951918,12
baseline_02311,10.91527778912794,46.37936221541287,23
baseline_02312,11.19182143330483,46.127862842770384,36
baseline_02313,11.285363116758207,46.19539210595881,15
baseline_02314,10.97362210181031,46.31050890424443,24
baseline_02315,11.172551146766146,45.782600758503236,39
baseline_02316,11.02442013694376,46.30545560539379,229
baseline_02317,10.82851220191132,46.19645531660202,11
baseline_02318,11.21087104291166,45.91012171337348,23
baseline_02319,11.098385664546198,46.48286977822644,17
baseline_02320,11.783626871262229,46.373065767844466,15
baseline_02321,10.913220170667588,46.41082572932706,19
baseline_02322,10.92462439804247,45.750403188232056,27
baseline_02323,11.289317170491566,46.09680243884434,31
baseline_02324,11.773000198300776,46.50049409051473,25
baseline_02325,11.092673401943772,46.11042051273045,255
baseline_02326,11.55614547457604,46.08545284417174,26
baseline_02327,11.793737034210363,46.273164438118314,15
baseline_02328,11.064708961235356,46.202978520526784,32
baseline_02329,11.82818752714726,46.314482997687655,46
baseline_02330,11.531013220857915,46.2772156359917,19
baseline_02331,11.695975483871456,46.430102515039756,88
baseline_02332,11.249968588081568,46.19687733172272,25
baseline_02333,11.090768002467993,45.99895307220706,43
baseline_02334,11.016086222393373,45.77026703554654,31
baseline_02335,10.630251979614798,45.93021101371398,52
baseline_02336,10.895633202776732,45.85613996143081,32
baseline_02337,11.567064610800225,46.1621680167809,27
baseline_02338,10.780704158332375,45.93506392976886,21
baseline_02339,11.861760614242545,46.22593391779901,24
baseline_02340,11.15169751749751,46.204236162618365,40
baseline_02341,11.18977889535957,45.978867484889676,16
baseline_02342,10.987760442067508,45.76003467799115,43
baseline_02343,10.639281195239274,46.09212450557797,36
baseline_02344,10.687299693993666,46.23768368522079,72
baseline_02345,10.79374369357199,46.01294293860034,23
baseline_02346,10.904303901206967,46.041313639130536,19
baseline_02347,10.727408534677869,46.37093306390633,25
baseline_02348,10.61639918450749,46.050113699676274,25
baseline_02349,10.986560201708588,46.04614666664085,27
baseline_02350,10.994866930655949,46.42165751016814,20
baseline_02351,10.752004955725303,45.83592691935444,20
baseline_02352,10.51301587750656,46.012243774095055,16
baseline_02353,10.69437246336426,45.844033902782385,16
baseline_02354,11.176226606454742,46.24508928044478,125
baseline_02355,10.853721041688242,46.035080716415116,30
baseline_02356,11.21031112014044,46.46728713517765,18
baseline_02357,10.8094685637237,46.25632949366193,26
baseline_02358,11.566167064984537,46.04646351928877,27
baseline_02359,10.889472366168633,46.090848949267624,22
baseline_02360,10.682564460833543,46.11262037606488,26
baseline_02361,10.829048703858401,46.33238344388226,21
baseline_02362,10.82585769421979,46.37873099397139,23
baseline_02363,10.75192616475957,46.28054379535719,11
baseline_02364,11.675716973956183,46.275971175807044,18
baseline_02365,11.096177011355989,46.203133997356886,64
baseline_02366,11.067466917673178,45.93646269370769,44
baseline_02367,10.960034221961767,46.085056555058,22
baseline_02368,10.911864498159034,45.90446447008371,46
baseline_02369,10.876011902691692,45.97480786663112,25
baseline_02370,11.08374664119439,45.94798462588383,38
baseline_02371,10.772417558631533,46.07891745431805,18
baseline_02372,11.001429716220798,45.93466558099728,39
baseline_02373,10.952532416632426,46.310504572763044,33
baseline_02374,10.998112022497473,46.34277490920324,30
baseline_02375,11.25110251115198,45.99249965876448,106
baseline_02376,11.03234879800741,46.4360049231,26
baseline_02377,10.64931572695426,46.31161878102111,30
baseline_02378,10.63401177604996,46.17740981961898,12
baseline_02379,11.830136841513012,46.235723970187394,18
baseline_02380,10.73987332081957,46.27899476135249,14
baseline_02381,11.277865705465413,45.9678176515187,25
baseline_02382,10.757344161050247,46.29285160412946,13
baseline_02383,10.518385747413557,45.83776739088723,20
baseline_02384,11.777112619739226,46.40696942965144,24
baseline_02385,11.822037041734022,46.511641751807886,78
baseline_02386,10.55448508459957,46.03328196064547,43
baseline_02387,11.65220892232011,46.26965613022904,16
baseline_02388,11.571127324553965,46.014779404570916,15
baseline_02389,11.586252324881881,46.003301797132536,12
baseline_02390,11.62952245682102,46.01766538995099,121
baseline_02391,10.862323243101997,45.831195354422185,23
baseline_02392,10.69390501551395,45.86021869894569,21
baseline_02393,11.646553996134212,46.06462384699214,17
baseline_02394,11.521336255177554,46.12451943154606,23
baseline_02395,10.910535446335999,45.862393731177754,34
baseline_02396,11.522092585814516,46.147810888939034,13
baseline_02397,10.675983922617057,46.432915768698685,41
baseline_02398,11.646515386881141,46.22545178257121,15
baseline_02399,10.82835577455493,46.38114020316391,11
baseline_02400,10.977079875775864,46.19340734100229,23
baseline_02401,11.009781687932904,45.74447279610401,22
baseline_02402,11.517873506465346,46.145337168587986,12
baseline_02403,11.542976424902847,46.02411144201642,17
baseline_02404,11.375908031614424,45.95210850357466,14
baseline_02405,11.410385164847906,46.14671579085786,14
baseline_02406,10.858243592861301,46.17319699942101,33
baseline_02407,11.672364191577707,46.3204873643291,24
baseline_02408,10.687316426283813,45.8721883346363,16
baseline_02409,11.047678308757797,46.19569758056807,29
baseline_02410,11.672756592899056,46.191802246050905,14
baseline_02411,11.700807665833075,46.329560494063365,22
baseline_02412,10.667669789489908,46.21252449558457,80
baseline_02413,11.177934254300819,46.15701498406372,42
baseline_02414,11.123402844209997,45.81319895234594,25
baseline_02415,10.95335506713826,45.80577471829777,26
baseline_02416,10.900457223000492,46.11288064712244,34
baseline_02417,11.097434517474365,45.799635841164246,19
baseline_02418,11.787911233191465,46.38060225541059,29
baseline_02419,10.622009058096612,45.81871661963017,15
baseline_02420,11.84696909065768,46.46411512929206,19
baseline_02421,11.80507551426898,46.19284551729315,17
baseline_02422,10.721193538425487,46.12917075094871,24
baseline_02423,11.357976410009243,46.25729545939366,12
baseline_02424,10.679126810393916,46.24683584792405,69
baseline_02425,10.907746272193233,46.376110164865096,21
baseline_02426,10.978475342174171,45.762258033223745,36
baseline_02427,11.836266126702942,46.24206906656302,34
baseline_02428,10.67674446579902,46.23701333358396,70
baseline_02429,10.935982718018057,46.00884917035445,27
baseline_02430,11.541864432809614,46.348570555006106,24
baseline_02431,10.872870164626404,45.75066676614322,25
baseline_02432,11.033811118341568,45.94753294599554,38
baseline_02433,11.092444465275744,46.269327115382254,39
baseline_02434,11.077508093792302,46.35541363917127,45
baseline_02435,10.955936414476902,46.36284494365595,47
baseline_02436,11.084630992740877,46.1004596788405,132
baseline_02437,11.25851740469716,46.13088575201111,30
baseline_02438,11.329807471282072,46.0357219205434,24
baseline_02439,11.325143504842059,46.269394310304335,18
baseline_02440,11.582559983822273,46.27764709718373,13
baseline_02441,10.979928312222857,46.402937986254386,15
baseline_02442,11.761549184351612,46.37735561231107,20
baseline_02443,10.897373786703914,45.796852098705756,28
baseline_02444,11.013670070541353,46.276192075711414,27
baseline_02445,11.717235332479957,46.42162560377765,14
baseline_02446,10.497803288816892,45.987039238375466,17
baseline_02447,11.57542156298388,46.31636665399449,22
baseline_02448,11.073849634389266,45.963034261576375,28
baseline_02449,11.632581015584666,46.270897950123036,16
baseline_02450,10.885397441065617,45.8069566033274,28
baseline_02451,11.586864324908827,46.10578682580286,24
baseline_02452,11.52375138949281,46.03729560311194,32
baseline_02453,10.641230934782975,45.8551062934076,16
baseline_02454,10.729692153839531,46.314550501065476,21
baseline_02455,10.925308318034197,46.22500252408285,20
baseline_02456,11.665727078720355,46.229093806312285,21
baseline_02457,10.569742241206509,46.191713347940144,63
baseline_02458,10.878505885105039,46.13870769837007,77
baseline_02459,10.550875770623461,46.186484017103055,80
baseline_02460,11.28558841513331,46.22199031563919,22
baseline_02461,10.521209819318406,45.94345961869338,24
baseline_02462,10.990958104750417,45.91578095246381,43
baseline_02463,11.05362863314537,45.840500134774835,37
baseline_02464,11.587935854546679,46.29708248977721,44
baseline_02465,10.599306536703802,46.02320282576622,23
baseline_02466,11.33919065641634,46.00154817756209,25
baseline_02467,10.890458411579784,45.803215269707124,31
baseline_02468,11.151771902754872,46.434293246401104,223
baseline_02469,10.593129747547223,46.290867398048135,37
baseline_02470,11.788180353030269,46.36743404454584,21
baseline_02471,10.9679458826266,46.34840347935469,17
baseline_02472,10.964328635282564,45.982800435873415,24
baseline_02473,11.797663677054656,46.33878947495018,23
baseline_02474,11.037764161706097,45.85248827607729,61
baseline_02475,10.682421984133336,46.21287309677072,81
baseline_02476,10.667650024072204,46.421608832995645,50
baseline_02477,10.594373164131575,45.9427185025679,14
baseline_02478,10.875349326817664,45.98539119238702,20
baseline_02479,10.586994269202531,45.82699764639691,17
baseline_02480,11.167111613751702,45.89309319909185,27
baseline_02481,11.776481985621746,46.23222903125751,24
baseline_02482,11.746788306262971,46.46176386420607,17
baseline_02483,10.647048068234922,45.988319213192725,14
baseline_02484,11.728411411214335,46.49178798337168,20
baseline_02485,11.016689550006204,46.25967605475391,24
baseline_02486,11.216480169864708,45.898943330509844,16
baseline_02487,11.774787982557632,46.25998114830217,14
baseline_02488,11.389702339675967,46.22670217902791,13
baseline_02489,10.691190092017349,46.01631617873794,21
baseline_02490,10.562446207070762,46.00680490992616,32
baseline_02491,11.15052165552947,45.753295534970874,18
baseline_02492,11.155958331905397,46.225513162922624,31
baseline_02493,10.581848123937453,46.3023209273789,36
baseline_02494,11.838118113900556,46.46636632083841,19
baseline_02495,10.948769372671414,45.94578601034811,20
baseline_02496,11.513083584940265,46.08249688609801,31
baseline_02497,10.687466942759619,46.07711916530338,18
baseline_02498,10.998274857879881,46.04283465238522,23
baseline_02499,11.76343455093927,46.49230412936368,23
baseline_02500,10.556827347101086,46.021294897557645,33
baseline_02501,10.902871628728514,46.28548616645642,16
baseline_02502,11.768371981105265,46.124265458097916,18
baseline_02503,10.979820643819322,46.033365325660554,28
baseline_02504,10.694941443329897,46.27213922912037,12
baseline_02505,10.988002217208239,46.26888034460162,23
baseline_02506,11.635111970437691,46.18649939935415,16
baseline_02507,11.574331529307196,46.306571170221645,27
baseline_02508,10.930332004808019,45.802327976819974,27
baseline_02509,11.145054040350596,45.79973052527443,19
baseline_02510,11.132818049856848,46.38896823834848,117
baseline_02511,10.64211289567771,46.05936619517656,35
baseline_02512,11.086921779664152,46.14259421813501,203
baseline_02513,10.703116597692839,45.99762996262788,17
baseline_02514,11.920119620139834,46.16904463740841,40
baseline_02515,11.210653448049102,46.419286947119325,22
baseline_02516,11.508591532584912,46.23104164680485,25
baseline_02517,11.141033460888252,46.02586956930988,94
baseline_02518,10.984254189570825,46.13948107878283,12
baseline_02519,10.623476343713866,45.82409676613955,17
baseline_02520,11.099320016232456,45.825026916448515,26
baseline_02521,11.35084688116637,46.139735571118976,16
baseline_02522,11.02859340163359,46.399789856033706,32
baseline_02523,11.49232769979139,46.049186094109025,252
baseline_02524,10.880079068582477,46.20649651727983,15
baseline_02525,10.609023007438788,46.23165487011026,26
baseline_02526,11.383126176687007,46.02663757553648,26
baseline_02527,11.123066220034016,46.17282693892121,78
baseline_02528,11.08762382789773,45.86458118217297,34
baseline_02529,11.138967559895287,46.00066056695003,45
baseline_02530,10.747617606901812,46.07678085788296,21
baseline_02531,11.691526142327692,46.27828503706574,11
baseline_02532,11.018140789211396,45.86549057855546,187
baseline_02533,10.880616931942788,46.429479119292544,25
baseline_02534,10.851756434725875,46.394106335709395,19
baseline_02535,11.653338591248021,46.02959386165047,22
baseline_02536,10.68389321782151,45.99491971045383,18
baseline_02537,11.685920369734179,46.37823637348214,21
baseline_02538,11.358481235615184,45.96110141312846,19
baseline_02539,10.743237123684024,46.22719038849311,38
baseline_02540,11.703810206878185,46.36214882293953,12
baseline_02541,10.714621674999613,46.45060853184857,79
baseline_02542,11.233602260865673,46.049106885532254,235
baseline_02543,10.602626962957167,46.36201147782727,47
baseline_02544,11.213934233903291,46.21601394273688,19
baseline_02545,11.63693816199552,46.398017145941864,16
baseline_02546,11.11297192770823,46.21382313786303,230
baseline_02547,10.571198348241893,46.001800308511875,31
baseline_02548,11.137572344767715,46.21606617550145,44
baseline_02549,10.993182018721992,45.87906861698672,65
baseline_02550,11.63051458589294,46.34900245102578,28
baseline_02551,11.61595640290122,46.23994098746224,24
baseline_02552,11.40001108773642,46.22198825878019,12
baseline_02553,11.145761991493563,46.18543777964526,53
baseline_02554,10.613954524941654,45.915833301243794,27
baseline_02555,11.198810138699884,45.9837302477693,20
baseline_02556,11.019063112355944,45.942603442477065,38
baseline_02557,10.722113938384577,46.16083639117598,13
baseline_02558,11.183199535800737,46.201015946172646,26
baseline_02559,10.68233831179296,46.41852665059281,24
baseline_02560,10.62560395616638,45.85948760844987,17
baseline_02561,10.946985494455065,45.86189894710459,37
baseline_02562,10.856426389049082,46.08710344670536,32
baseline_02563,11.28529496180391,45.92603306570216,24
baseline_02564,11.57789368232057,46.09934095040692,26
baseline_02565,11.226622497848062,46.01688538052734,38
baseline_02566,10.87680772056708,46.0107642112817,27
baseline_02567,10.922884517722649,46.355927965868815,154
baseline_02568,11.580740877748127,46.374673382836505,44
baseline_02569,11.393172542388275,46.19524476373891,17
baseline_02570,11.100723907813892,46.16070580428712,111
baseline_02571,11.01710857643438,46.217095520424,17
baseline_02572,10.549285240943634,45.8167296181764,27
baseline_02573,11.338728011091872,45.92530421634984,19
baseline_02574,11.700995237269545,46.2277612084236,12
baseline_02575,10.939646156584434,46.353172707178366,18
baseline_02576,10.992612772671368,45.735349977274765,23
baseline_02577,11.44459879393679,45.99281964166353,13
baseline_02578,10.933464760122092,45.68224364062802,20
baseline_02579,10.94899407700124,46.07317019264705,26
baseline_02580,11.653491481476829,46.445940043289404,35
baseline_02581,11.300617661291671,46.00454084137588,211
baseline_02582,11.36128526238347,46.126402481829764,13
baseline_02583,10.607675787271502,45.91203601798075,25
baseline_02584,10.9357794001095,45.84242652614065,23
baseline_02585,11.664799468394762,46.10179180269936,23
baseline_02586,10.639658890845462,45.820076263406705,14
baseline_02587,10.945980994857464,46.002189681118324,23
baseline_02588,10.881767095086987,46.39682334714187,23
baseline_02589,11.060689772226858,46.44343312009802,18
baseline_02590,10.595892558934924,46.36316523138342,47
baseline_02591,11.590730472959082,46.01723133337022,21
baseline_02592,11.292777083081909,45.94225053623167,17
baseline_02593,11.37717483854806,46.01119564454831,14
baseline_02594,11.504270910703426,46.063884749071846,242
baseline_02595,11.734207074041379,46.50478307012731,51
baseline_02596,10.635610893608778,45.9944899197069,21
baseline_02597,10.611022516665246,45.950580754461946,23
baseline_02598,11.490889997248667,46.047628145050865,252
baseline_02599,10.709295582762936,45.83729684810863,23
baseline_02600,11.816093951838305,46.524061645402426,78
baseline_02601,10.844488376892409,46.348052681925516,31
baseline_02602,10.565563322299012,45.956146001374904,14
baseline_02603,10.660309735464732,46.06914213019163,14
baseline_02604,10.64297620500192,46.41424355259839,75
baseline_02605,11.127109158846189,45.77812882275432,18
baseline_02606,11.2491793157366,46.16994634834309,26
baseline_02607,10.938483300320215,46.301535124806406,29
baseline_02608,10.793343816508493,45.899790255211954,23
baseline_02609,10.89969542428112,45.74408410037724,21
baseline_02610,11.448414814143078,46.30532305656749,30
baseline_02611,10.61011468359938,45.85235135152517,22
baseline_02612,11.344247517967965,46.12673130492052,18
baseline_02613,11.748990568857407,46.327016283447755,20
baseline_02614,10.923247514558744,46.0634032463734,25
baseline_02615,10.68483519133126,46.10683278164017,17
baseline_02616,11.763190114045903,46.11453357357317,17
baseline_02617,10.916179957746452,46.42107028010096,16
baseline_02618,11.775784643938543,46.31371635559895,15
baseline_02619,10.815597852845375,46.441943759848364,36
baseline_02620,11.452047387492124,46.06221530834256,31
baseline_02621,10.57919584679578,46.04400783697913,50
baseline_02622,10.679731065292604,46.104836310757165,15
baseline_02623,11.432011191363554,46.30251316369961,29
baseline_02624,11.09056573855221,45.925762126746434,120
baseline_02625,11.060510484381664,46.18385052687551,36
baseline_02626,11.252160971521821,46.09746106631974,39
baseline_02627,11.107147521333701,46.25878115736434,29
baseline_02628,10.506114939409093,45.90182560039995,25
baseline_02629,10.794302286597347,46.206362546815974,21
baseline_02630,10.605234779970234,46.30416706799723,40
baseline_02631,10.762942826349889,46.34872672537909,30
baseline_02632,10.977338511780484,45.92058962429785,39
baseline_02633,10.59456738566992,46.10573928392552,79
baseline_02634,11.510334884382225,46.082960398011124,31
baseline_02635,10.812662797908745,45.94391740734041,28
baseline_02636,10.557122796394834,45.834015055276815,32
baseline_02637,10.956826163616649,45.82556012884638,36
baseline_02638,11.333123113190922,46.092894518482616,16
baseline_02639,11.689273031163587,46.160813063564746,11
baseline_02640,10.912336229591762,46.306112850869354,20
baseline_02641,11.135925930573359,46.304933162966776,18
baseline_02642,11.187100383459173,45.98621787317156,20
baseline_02643,10.472690093938695,45.97618574322407,28
baseline_02644,11.622202285730381,46.409995394797214,28
baseline_02645,11.815015753975723,46.1853079787278,23
baseline_02646,10.62254138647412,46.26275827023537,14
baseline_02647,11.204228924253593,45.88306490140996,18
baseline_02648,10.995143645499848,46.31314789112315,27
baseline_02649,11.777216387766435,46.25675201565849,14
baseline_02650,10.852980415357614,46.25697982055393,12
baseline_02651,11.082568504869093,46.52782805585982,33
baseline_02652,10.919467799700037,45.70821989216912,27
baseline_02653,11.237832923221276,45.96814148369128,33
baseline_02654,11.37724550846984,46.04571612409766,20
baseline_02655,11.487759719088377,46.0739794800805,43
baseline_02656,11.394508169203311,46.24429570919492,12
baseline_02657,10.910891083544014,45.9208196373661,132
baseline_02658,10.51406844125694,45.9163100596925,25
baseline_02659,10.914177994489046,46.04301794561307,18
baseline_02660,10.832019560519324,45.974114329797786,14
baseline_02661,10.880105011898065,46.41176251477136,28
baseline_02662,11.45724459070028,46.33423949713805,27
baseline_02663,10.749380738527956,46.17626009870903,23
baseline_02664,10.574137115838633,45.86112191541077,47
baseline_02665,11.16698595307971,45.97791112486811,18
baseline_02666,11.678370520075132,46.22083397771937,16
baseline_02667,10.600452869810379,45.897595854767296,24
baseline_02668,10.908439468018672,45.94015270009812,37
baseline_02669,11.304042228369731,46.25685668581778,17
baseline_02670,10.939342134124724,46.170189514146735,33
baseline_02671,10.65717891043212,46.14964550251672,12
baseline_02672,10.906988706093195,45.74649572031533,20
baseline_02673,11.308207668408361,46.213328282678425,17
baseline_02674,11.27673525434072,45.99626175145926,87
baseline_02675,10.661588530939646,46.05297743332916,19
baseline_02676,11.528654320609883,46.07575263734966,34
baseline_02677,11.098240780531672,46.03457351012811,75
baseline_02678,11.088043417766858,46.32303240077236,43
baseline_02679,10.818744720472083,46.11345212670506,17
baseline_02680,10.644465886231169,46.14017139611396,33
baseline_02681,11.593212224519897,46.010620904914845,14
baseline_02682,11.67198361973765,46.42543951019971,23
baseline_02683,11.147413118852134,45.719613932911464,36
baseline_02684,10.599335579683,45.922812627171766,23
baseline_02685,11.179509006606674,45.95784795402074,31
baseline_02686,11.470971390835114,46.30884557863899,28
baseline_02687,10.532297081956571,45.84925731063432,22
baseline_02688,10.669960300403645,46.30975795843,19
baseline_02689,11.200410769917678,45.86515251840113,20
baseline_02690,10.906731818272482,45.940286050881625,39
baseline_02691,10.598526767479486,45.848594295058554,28
baseline_02692,11.16783889002925,46.389153712319676,18
baseline_02693,11.122631951211474,45.72073811353403,46
baseline_02694,10.63621281822943,46.02085522644195,12
baseline_02695,11.723706141370819,46.14313872319818,17
baseline_02696,11.693442310269965,46.25891871770649,38
baseline_02697,11.750282210612415,46.20372851286025,22
baseline_02698,11.10531721653332,46.22010499697816,190
baseline_02699,10.731375080671164,46.37695963108558,30
baseline_02700,11.572561672359475,46.1431058458221,32
baseline_02701,11.171488487117298,45.92234750248371,145
baseline_02702,11.196875191970776,46.247202516672424,28
baseline_02703,11.043134258426683,46.27296724458062,39
baseline_02704,10.614346050283514,46.03146898544881,23
baseline_02705,11.093956401412408,45.696926438417655,23
baseline_02706,11.142672149343749,46.15818296642502,255
baseline_02707,11.159024106807353,46.2948263853614,21
baseline_02708,10.992617525082547,46.40903493798878,17
baseline_02709,11.21234595355623,45.972923721406396,19
baseline_02710,10.983734214558998,46.29150943079005,16
baseline_02711,10.964737052394405,46.288045716599214,16
baseline_02712,11.42674261598578,45.99674068643324,11
baseline_02713,11.164832664369568,46.23969507735823,30
baseline_02714,11.623519078089611,46.1248296993491,14
baseline_02715,10.647709303551444,45.951628073971214,20
baseline_02716,11.384961027700331,46.02018129670784,20
baseline_02717,11.171873096604168,46.32651852250122,17
baseline_02718,11.80037205777686,46.32299577357766,17
baseline_02719,11.086740579469339,45.728235997634826,20
baseline_02720,11.605322347075749,46.19458901353558,15
baseline_02721,11.72213293224434,46.46727818489513,19
baseline_02722,10.937347106651789,46.273890227037036,19
baseline_02723,10.833623028647237,46.04920431452996,16
baseline_02724,10.884370630589716,45.84592698173524,30
baseline_02725,10.697056917407746,46.37290619779184,14
baseline_02726,11.331535608648515,46.214013697457965,17
baseline_02727,11.675802139664892,46.441249565329414,15
baseline_02728,10.995356750814837,46.023840047701874,25
baseline_02729,10.732125097267666,46.30077175357548,38
baseline_02730,11.828341750900616,46.22529630931458,19
baseline_02731,11.20172622361373,46.38887540955389,17
baseline_02732,11.313804400837371,46.08035798709511,20
baseline_02733,10.984095322358721,46.20486423526282,42
baseline_02734,10.553648490198647,46.04059993752508,50
baseline_02735,11.020368053260366,45.73382514080618,20
baseline_02736,10.57024863830597,46.3458535025901,32
baseline_02737,10.902705735113944,45.774304664458015,27
baseline_02738,10.800508561045143,46.190250557390954,16
baseline_02739,10.95209141488589,45.86556337138032,40
baseline_02740,11.873099272350567,46.466179302864596,28
baseline_02741,10.831941589912187,46.27780192840196,23
baseline_02742,11.055265019002038,45.721594015200154,12
baseline_02743,11.16366405675103,46.46197995707633,19
baseline_02744,10.962855098340725,45.897269156675996,37
baseline_02745,10.95756196903985,46.33067025102713,20
baseline_02746,10.662613853435973,46.14345535206534,14
baseline_02747,11.88424759941583,46.45073970202256,33
baseline_02748,11.514292050687343,46.331391338621074,19
baseline_02749,11.88713312192042,46.187375904709675,16
baseline_02750,11.434602198816224,46.04404390083177,24
baseline_02751,10.910547803339266,46.403868693698215,27
baseline_02752,11.677847975472602,46.13235787266399,15
baseline_02753,11.751763477953338,46.25945268520394,32
baseline_02754,11.566910300202414,46.148107681422275,30
baseline_02755,11.502735528599901,46.04249824784241,31
baseline_02756,11.096978541203239,45.79137297353406,21
baseline_02757,11.11377528730438,46.44456613995818,30
baseline_02758,10.744725402846404,46.048352725063424,27
baseline_02759,10.539702393689053,45.872455230199996,18
baseline_02760,11.650381797309059,46.161485615090115,31
baseline_02761,10.98041159727404,46.236458377288535,16
baseline_02762,10.821159696218407,45.9243917261752,115
baseline_02763,11.36781396534462,46.08463174071679,30
baseline_02764,10.830154565676983,46.14049537423509,39
baseline_02765,10.991425136753431,46.46000975925921,18
baseline_02766,10.784970228120388,46.286283679298585,15
baseline_02767,10.89433163368929,46.23511214043177,57
baseline_02768,11.248054312940337,45.90299285589807,18
baseline_02769,11.506256966510682,46.10591583399195,20
baseline_02770,11.517933866859494,46.20778272255693,37
baseline_02771,10.874845577601455,45.847958870656264,35
baseline_02772,10.800451794543228,46.311034916090996,90
baseline_02773,10.770592878998555,45.993185816884356,23
baseline_02774,11.433954330531627,46.06318047942315,30
baseline_02775,10.62477339622922,46.10201245531479,63
baseline_02776,11.032541100405174,46.38438182815045,37
baseline_02777,10.57984015989648,45.912934047816975,19
baseline_02778,11.373288189930339,46.0989588568429,23
baseline_02779,10.519298818966453,45.84982990134654,21
baseline_02780,10.730799458304153,46.043673512708125,255
baseline_02781,10.531148098569135,45.93534630084687,23
baseline_02782,11.27026761743672,45.972038138510854,27
baseline_02783,11.801424203618467,46.466545179565784,18
baseline_02784,10.967234535583223,46.38615429957328,24
baseline_02785,11.107918935788758,46.040632142603336,255
baseline_02786,11.553771975234893,46.305448821614405,20
baseline_02787,11.03848364589666,46.29330539492508,73
baseline_02788,11.317176785151766,46.161704479233705,14
baseline_02789,11.02818208472584,46.314239233603324,45
baseline_02790,10.829752383758203,46.13977142088294,39
baseline_02791,10.962080328891485,46.01229125422379,33
baseline_02792,11.382048935885901,45.983986190705,15
baseline_02793,11.67618077044969,46.19584991591526,20
baseline_02794,10.639981756466474,46.16182320101138,11
baseline_02795,10.937090572290037,45.90039711501862,31
baseline_02796,10.722276061758572,46.070888711726184,52
baseline_02797,11.11673065770741,46.07408444520386,255
baseline_02798,10.869802939723392,46.19785355093387,19
baseline_02799,10.926572497510309,45.72795522542141,26
baseline_02800,10.72381613662436,46.33173764921324,18
baseline_02801,10.86934775352248,46.420402780503025,30
baseline_02802,10.644386760358907,46.21506526910434,76
baseline_02803,10.674114269722466,46.2044087239368,80
baseline_02804,11.752180109877559,46.17167184465165,16
baseline_02805,10.843532257743224,45.894313584404394,255
baseline_02806,10.98595183088719,46.29074404083842,16
baseline_02807,11.359437692512643,45.973694063339266,20
baseline_02808,10.569244599336301,46.054621522742345,56
baseline_02809,11.224173775048744,45.87670902021558,28
baseline_02810,10.944340918515811,45.99229930516287,25
baseline_02811,10.66834030811705,45.95374747367908,15
baseline_02812,11.0687363652174,46.233679390152716,228
baseline_02813,11.219863667666356,46.1730444904444,239
baseline_02814,10.971930018647184,45.8576906555612,107
baseline_02815,10.791456308328433,46.105959259137116,19
baseline_02816,11.319951290689676,46.144440834565096,17
baseline_02817,11.083755580814554,46.30341122593162,49
baseline_02818,11.73257980860033,46.12682743829813,20
baseline_02819,10.529897101280344,46.07915055654357,41
baseline_02820,11.24443474467056,46.05221711361995,133
baseline_02821,10.85883154499802,46.39197721191453,17
baseline_02822,10.894908522903593,45.88277346739045,98
baseline_02823,10.81939078384931,46.333171196238624,20
baseline_02824,10.998988160107972,46.06495087251595,23
baseline_02825,10.816329005086024,46.30319847934131,15
baseline_02826,10.98391187095109,46.10780652361606,24
baseline_02827,11.833850917765716,46.23484209561194,21
baseline_02828,11.366446479296705,46.05905599240832,19
baseline_02829,11.084918910164827,46.16259836849477,70
baseline_02830,11.067950685641772,46.17585624842608,209
baseline_02831,10.660878971170542,45.89675120366912,20
baseline_02832,10.885572850158638,45.94282657333118,48
baseline_02833,10.57532749534635,46.03501815410092,54
baseline_02834,11.811549900875834,46.4267253142093,17
baseline_02835,10.850060112141902,46.14989926106039,74
baseline_02836,11.1039065687266,46.26642466783394,33
baseline_02837,11.761711543700198,46.4630393999009,18
baseline_02838,11.059944619973903,46.15193098566155,47
baseline_02839,11.807854756629506,46.44560450637372,32
baseline_02840,11.345689991332586,46.20327354774318,15
baseline_02841,11.13030498136041,46.024568917558256,143
baseline_02842,11.131601636975168,46.390941335828174,71
baseline_02843,10.889207275290909,46.083259495075076,22
baseline_02844,11.8050946695867,46.1834239867863,22
baseline_02845,11.010935401816734,46.231465782141406,19
baseline_02846,11.025287093595866,46.050126578231364,23
baseline_02847,11.220596187488484,46.178716781382306,110
baseline_02848,10.901378750239703,45.96628589609575,33
baseline_02849,11.09676093737599,45.9505300323941,34
baseline_02850,10.933448385123407,45.8263349362344,23
baseline_02851,10.668517166684925,46.3730347411688,21
baseline_02852,10.770458522320956,46.119411539135434,20
baseline_02853,11.321006557462841,46.202282548085435,16
baseline_02854,10.602458699190347,45.91783570811442,26
baseline_02855,10.631287761449588,45.90842332855684,16
baseline_02856,11.115231336901296,46.43441822090588,28
baseline_02857,11.848776135599755,46.24611349997851,55
baseline_02858,10.665203768315003,45.85078726380024,16
baseline_02859,11.719278870717549,46.322179355163,16
baseline_02860,10.75906899443753,46.4829806962857,55
baseline_02861,10.897742815168542,45.767154394327754,24
baseline_02862,11.123521977395129,46.044689360241215,255
baseline_02863,10.849577339893473,46.41648675033597,19
baseline_02864,10.628132973173573,45.977127444755745,24
baseline_02865,10.571643332334538,46.355257659863426,39
baseline_02866,11.218168629188046,45.910366909729355,25
baseline_02867,11.404823750426559,46.11400032843083,31
baseline_02868,11.626007896736152,46.28084391105801,13
baseline_02869,11.106863955833145,46.47486244252683,16
baseline_02870,11.723268426579684,46.24155185616073,15
baseline_02871,10.658967338346732,45.99647087021176,21
baseline_02872,11.876943515781814,46.25206073582145,77
baseline_02873,11.681633052953067,46.30385423459069,23
baseline_02874,10.87909916052717,45.8436735292052,30
baseline_02875,11.775282689637912,46.490745284138036,20
baseline_02876,11.747023713420274,46.31751829520705,12
baseline_02877,10.721264912160038,46.03255527763302,92
baseline_02878,10.849603445766416,45.999981375183964,25
baseline_02879,11.334241102947876,46.22141027333791,13
baseline_02880,10.724209533618911,45.931004588406914,18
baseline_02881,10.802502295640382,45.924136423439066,26
baseline_02882,11.184935148466472,46.35820453686402,22
baseline_02883,11.044676329874532,45.980057795666426,30
baseline_02884,10.621946745413764,46.430587043407336,79
baseline_02885,11.154233737526852,45.94718042623835,32
baseline_02886,10.62371244099057,46.272378782300514,15
baseline_02887,11.516902318812857,46.33836522203689,21
baseline_02888,11.182939322425398,46.36506451181596,19
baseline_02889,11.19115039235927,46.02725969784363,43
baseline_02890,10.806983789973652,45.923116535565335,30
baseline_02891,10.931998297879554,46.00951908785342,27
baseline_02892,11.119815700902562,46.015799294787826,87
baseline_02893,11.07126509245835,46.165319468617774,58
baseline_02894,10.70377237079497,45.85023478438917,16
baseline_02895,10.588540319201595,46.2790553747819,33
baseline_02896,11.287405381823026,46.23621979260239,20
baseline_02897,11.235674680537693,45.98433274026404,29
baseline_02898,10.79863687451015,46.36210903876358,40
baseline_02899,10.777912427740999,46.303659547374494,13
baseline_02900,10.607072358976383,46.01516095902343,15
baseline_02901,11.18469344598463,45.80786681037068,34
baseline_02902,10.907599243610859,45.87071064459322,74
baseline_02903,11.636594225534415,46.23651601463115,13
baseline_02904,10.65038490401419,46.30984536706825,30
baseline_02905,11.603863173858294,46.03016458410224,19
baseline_02906,11.563813315481573,46.35465532625131,49
baseline_02907,10.745689845845074,46.193864990571655,19
baseline_02908,10.9237977864883,45.95132711706494,27
baseline_02909,10.866183652087178,45.84719483107129,33
baseline_02910,10.851410333691387,46.23718243174378,13
baseline_02911,11.164300994949388,45.92338182765104,20
baseline_02912,11.299644346119283,46.08862994585991,20
baseline_02913,11.823322423527948,46.131513221711884,17
baseline_02914,11.2030244628661,46.01146891229366,65
baseline_02915,11.015261387452652,46.143020163857656,21
baseline_02916,10.615808997769676,45.86559746447855,18
baseline_02917,10.802837966081558,45.99097659037686,16
baseline_02918,11.302902718332348,46.22580053074776,22
baseline_02919,10.954380997251272,46.36933050832074,50
baseline_02920,10.707882056443584,46.41676627401702,36
baseline_02921,11.192112770141996,45.88788293491423,24
baseline_02922,10.665698398972246,46.20315215749491,81
baseline_02923,10.922687879830365,45.963491433713266,31
baseline_02924,10.679718872256975,45.94936270245825,14
baseline_02925,11.306164238063877,46.022555738468725,80
baseline_02926,11.592763209958235,46.35644085516676,25
baseline_02927,11.276369779858845,45.94211421185238,25
baseline_02928,11.523019288291186,46.115365421405784,20
baseline_02929,10.511211680697802,46.03773597897285,16
baseline_02930,10.710097157700007,46.363716040264535,14
baseline_02931,11.278630108641586,46.016423904755406,37
baseline_02932,10.900476153790917,46.047453478945016,22
baseline_02933,11.474400689338438,46.12228892350946,13
baseline_02934,11.381374058279146,45.99253365937779,14
baseline_02935,11.236778603563774,45.888975613526135,13
baseline_02936,11.151430421489792,46.47816076507147,20
baseline_02937,10.73570532028094,46.26986415188944,14
baseline_02938,11.264500651181468,45.95761358676444,24
baseline_02939,10.544514073544791,46.07602378755554,15
baseline_02940,10.688542342946214,45.97431608915362,19
baseline_02941,10.8669855904104,46.37885573096062,18
baseline_02942,11.76354415499666,46.17560942145002,19
baseline_02943,10.914070469934614,46.21004424484016,69
baseline_02944,11.06138097510377,45.89199483068508,108
baseline_02945,11.26946371744063,46.24003549856576,19
baseline_02946,10.569240042095341,45.80397565378223,23
baseline_02947,11.655976504832852,46.17805976940284,17
baseline_02948,11.61835386810585,46.18223410250841,35
baseline_02949,10.870999081162061,46.36728226599452,13
baseline_02950,11.768443665315301,46.247888291210664,23
baseline_02951,11.167331985890103,45.817461051865756,24
baseline_02952,10.59018016063594,46.36388824450364,48
baseline_02953,11.225185491044135,46.05107446900853,170
baseline_02954,11.298358640830326,45.997417483420556,112
baseline_02955,11.034585240675458,46.08099892728628,35
baseline_02956,10.923151444807992,46.121863656698494,38
baseline_02957,11.724416752848999,46.49463959044293,25
baseline_02958,11.298873347188513,46.09443092390872,26
baseline_02959,11.644013440762576,46.26239994691698,23
baseline_02960,11.294974826091474,46.0473966822195,31
baseline_02961,10.978165376350391,45.69462539237266,29
baseline_02962,11.004610933103898,46.073771669867725,255
baseline_02963,11.46436418567997,46.29949387338495,68
baseline_02964,10.775140274182291,46.15438526039202,24
baseline_02965,11.029944015812548,45.82684225436764,40
baseline_02966,11.120010600043718,46.12531886756252,230
baseline_02967,10.594364840693364,45.99015581555867,28
baseline_02968,10.867545724734818,46.08466055929547,28
baseline_02969,10.834443300610879,46.21070612527902,14
baseline_02970,11.756130388957395,46.470739506001486,20
baseline_02971,11.192851487337425,46.080113308247014,60
baseline_02972,11.773882190097845,46.3184992109081,13
baseline_02973,10.6836158753843,46.306121200479645,18
baseline_02974,11.086010095091426,46.40040189014334,31
baseline_02975,10.745536215452121,46.201014908832796,16
baseline_02976,11.061237053783518,46.393446153949014,174
baseline_02977,11.698519556375494,46.10426455690044,18
baseline_02978,11.122002025822969,45.90986579614939,21
baseline_02979,10.752335449012989,46.10765374707181,23
baseline_02980,10.713490150927578,46.315266757203055,15
baseline_02981,10.865750713746317,45.97451563571324,25
baseline_02982,10.968002078196193,46.161592838883635,18
baseline_02983,11.50402203383194,46.15988628006585,14
baseline_02984,11.151619557503231,45.772871787854335,23
baseline_02985,10.589007106480821,46.30040468566771,41
baseline_02986,10.73266065417175,46.181355485864096,24
baseline_02987,11.01796821530485,45.74277720805396,22
baseline_02988,11.717040658691495,46.2253694360411,14
baseline_02989,10.928860215394744,45.867231375728366,38
baseline_02990,10.736567666062319,46.43288661469892,38
baseline_02991,10.719749876526276,45.926559032156405,21
baseline_02992,11.192224854296727,46.17064432679283,31
baseline_02993,10.97919063038018,46.22494667881361,30
baseline_02994,11.131479928260056,46.21565726332689,153
baseline_02995,11.677160884920275,46.35779614860138,13
baseline_02996,10.765573655674942,46.274688551663296,13
baseline_02997,10.626373950958762,46.23914488730958,54
baseline_02998,11.338654774946207,45.993093574419525,22
baseline_02999,11.023074938362264,46.17898335176369,136
baseline_03000,10.957820632556082,46.23015535810667,41
baseline_03001,10.914864000565485,46.07443000296114,47
baseline_03002,11.67461252091324,46.06548805102713,19
baseline_03003,11.322256392821313,46.04701399581907,26
baseline_03004,11.05543695738309,46.39033211047572,216
baseline_03005,10.833743615493116,45.993895279788745,24
baseline_03006,10.962602855814358,46.256540685533786,11
baseline_03007,11.777652462930005,46.3293258696477,20
baseline_03008,11.813050009089256,46.108939639282376,18
baseline_03009,11.088145176468746,46.33870126198453,40
baseline_03010,11.845509838854104,46.435490064857206,75
baseline_03011,11.609055278417394,46.36228471075222,16
baseline_03012,11.145136295838407,45.81508929705732,28
baseline_03013,10.573619482574435,45.876025074021136,28
baseline_03014,10.821897136842663,46.261837387841325,17
baseline_03015,11.173279588153065,45.969377910237924,29
baseline_03016,11.163395152033623,46.26362040285952,27
baseline_03017,11.519025160821489,46.32922538642276,15
baseline_03018,11.620290086590359,46.445318412112556,41
baseline_03019,11.690579150145739,46.30111151399218,12
baseline_03020,11.093593078092104,46.011645400746566,47
baseline_03021,10.560449376805433,46.09289622832114,29
baseline_03022,11.570695174659285,46.177295846421835,14
baseline_03023,10.787095268504967,46.19629992160792,23
baseline_03024,11.612107915330345,45.99038388092284,14
baseline_03025,10.965582796948683,46.38099214641507,25
baseline_03026,11.83377612622291,46.2281734864148,24
baseline_03027,10.660787952184618,45.83455364008585,14
baseline_03028,10.771291850879704,46.04738571963809,31
baseline_03029,10.965183553098827,46.23545712412918,30
baseline_03030,11.095283255673932,45.917984661688116,70
baseline_03031,11.036527351009939,46.37930352180351,46
baseline_03032,11.089279491578463,45.8135416747418,22
baseline_03033,11.154515871876566,45.74395180408715,19
baseline_03034,11.755044508327273,46.36405720655644,17
baseline_03035,11.320318309256232,46.003164054224115,141
baseline_03036,11.139061497870536,46.09102970588819,194
baseline_03037,10.8429194072011,46.21831585474609,28
baseline_03038,11.132381447586324,45.993560275288516,40
baseline_03039,11.167544145063871,45.9610786791291,23
baseline_03040,11.260410967443367,45.986710282410776,90
baseline_03041,11.255407057083737,46.00271808829883,222
baseline_03042,11.680071484084312,46.29875177269046,11
baseline_03043,11.139510592798443,45.714622676024554,35
baseline_03044,11.191825680479894,45.988639071959064,20
baseline_03045,11.795376638368223,46.263277366857416,20
baseline_03046,10.833369040198138,45.96314157150823,21
baseline_03047,10.899559871751697,46.377492285005985,21
baseline_03048,10.9425939184693,46.21992052061215,50
baseline_03049,11.352186925484057,45.980158100539676,14
baseline_03050,10.595065895120966,46.29802805763226,40
baseline_03051,11.408292204451424,46.04368691575559,33
baseline_03052,11.699310907473011,46.39103873309412,32
baseline_03053,11.559001124871507,46.12321674200496,43
baseline_03054,11.144692255093188,45.738701040707674,16
baseline_03055,11.015348491671505,45.79909732023871,142
baseline_03056,10.62807676459314,45.83771312239814,14
baseline_03057,10.846434112886252,45.93367184670092,48
baseline_03058,10.820416570242532,46.3601037273807,38
baseline_03059,11.01752535033287,46.079657404121384,30
baseline_03060,11.601345088358768,46.04871468829197,20
baseline_03061,11.580424441687573,46.34234539723698,23
baseline_03062,10.870419474773346,46.250419538488394,19
baseline_03063,11.07808286724935,45.784488609321755,20
baseline_03064,10.855614816750936,46.18817743072174,13
baseline_03065,10.94255809348802,45.72767908541873,39
baseline_03066,10.887002060151824,46.28533727250605,15
baseline_03067,11.701431132085526,46.17857337964285,14
baseline_03068,10.975424889158516,46.05511214640632,23
baseline_03069,11.150021616841908,46.31160477719862,20
baseline_03070,10.770393121657635,46.27302974528165,20
baseline_03071,11.914045663846137,46.21596490865536,25
baseline_03072,11.300142053837279,45.969883113499364,23
baseline_03073,11.009904489134778,45.92388450161527,135
baseline_03074,10.928553724329364,46.25305314847398,13
baseline_03075,10.704073224606814,45.97532557257126,12
baseline_03076,11.292760898294672,46.095001537076385,29
baseline_03077,10.65114654706745,46.19509517384655,61
baseline_03078,10.692567325076132,46.34167077032363,16
baseline_03079,11.561679314371165,46.01789552852917,14
baseline_03080,11.069308329459853,46.31909666001721,250
baseline_03081,11.083906455858092,46.188322874488264,57
baseline_03082,10.934694925048811,45.985259083768995,33
baseline_03083,10.932235066730135,46.133597539860666,21
baseline_03084,11.04462090690422,46.41180212034409,26
baseline_03085,11.19969861637715,46.07191203386106,59
baseline_03086,10.887872916852931,46.13105027984633,44
baseline_03087,10.956827218667991,46.072004540423414,27
baseline_03088,10.712436440666925,46.45328324357655,78
baseline_03089,11.031297523796685,46.23464796712496,36
baseline_03090,11.413574540396752,46.2052058119859,12
baseline_03091,10.661531379856578,46.20610411189322,80
baseline_03092,11.961155573194986,46.188597812607135,13
baseline_03093,10.94317966827272,45.887858588524715,87
baseline_03094,11.312197242828631,46.078793056266605,20
baseline_03095,10.58961847741962,45.991384556971724,28
baseline_03096,11.4403108620741,46.1477304101143,11
baseline_03097,11.756512495728433,46.404277714477125,31
baseline_03098,10.695983927351993,45.990325178898296,17
baseline_03099,11.867847481542356,46.465415777160516,27
baseline_03100,10.939711172388515,45.924881330181385,35
baseline_03101,11.148861532209516,45.883649099962824,26
baseline_03102,11.364615955820229,45.95780635474199,19
baseline_03103,10.558498919948763,46.031635120926815,31
baseline_03104,10.845004331992241,46.28872890228024,17
baseline_03105,10.634959867880939,46.340872401743304,14
baseline_03106,11.429696338846092,46.13234492763115,26
baseline_03107,11.05402191430758,46.38019873887008,39
baseline_03108,11.613494024036951,45.98542990165532,14
baseline_03109,11.534736166187281,46.112895513821464,24
baseline_03110,11.433533959041808,46.041526159693746,24
baseline_03111,10.848735283693353,46.38270427235472,16
baseline_03112,10.70742548360601,46.028025366262106,17
baseline_03113,10.965558133573431,46.45818080119534,18
baseline_03114,10.598922645746566,46.225127022705976,67
baseline_03115,11.19477968231125,45.883375112681264,22
baseline_03116,10.844959475413079,45.926868456753986,52
baseline_03117,11.123925310398679,46.35014282168201,21
baseline_03118,11.508960913339,46.16164266347928,14
baseline_03119,10.67580944553681,45.920966276193354,22
baseline_03120,10.786079385120853,45.99186212918907,15
baseline_03121,11.000135122598028,45.9233643181029,43
baseline_03122,11.409764367649785,46.081692948143434,24
baseline_03123,11.116659771020972,45.92651367661605,29
baseline_03124,11.57568626152417,46.2707564452122,14
baseline_03125,10.673546820814114,45.92432304805777,25
baseline_03126,11.032616653583217,46.22059113557739,25
baseline_03127,10.909850233202105,46.17540847626672,71
baseline_03128,10.844085774581853,46.29316978262723,15
baseline_03129,11.065272687038412,46.20484800184903,32
baseline_03130,10.70962591067595,45.96894926952564,17
baseline_03131,10.687671990411186,46.40625736178081,16
baseline_03132,10.926979906205323,45.994882587889855,33
baseline_03133,10.707678374021862,46.12466021443561,27
baseline_03134,10.717144501975113,46.44455485260247,68
baseline_03135,10.96938352688413,45.938924792722695,30
baseline_03136,10.791046909270252,45.91226575248291,22
baseline_03137,11.627471346934607,46.3517774020832,73
baseline_03138,11.146055029434343,46.45794676184485,22
baseline_03139,11.821262376979197,46.395390536933725,35
baseline_03140,11.729786494573018,46.34645569161472,29
baseline_03141,10.75814608817177,46.24423013382473,59
baseline_03142,11.05416464576923,45.75788617951348,18
baseline_03143,10.9499694575018,45.73066840932378,240
baseline_03144,11.287994953609312,46.13284645961991,26
baseline_03145,10.839026632786696,46.30890781719295,14
baseline_03146,11.49406244314257,46.232672133214685,20
baseline_03147,10.822432687433487,46.26607275937114,19
baseline_03148,11.372366699523168,46.14766013003954,26
baseline_03149,10.590211773350669,45.83631149972148,27
baseline_03150,11.81647613874359,46.12235567072722,16
baseline_03151,10.544147487832245,45.868629900220256,24
baseline_03152,11.336927602658921,46.17285864100244,13
baseline_03153,11.153531854259567,46.1347214353426,66
baseline_03154,10.750391069482113,46.13939662505474,24
baseline_03155,10.776974113205675,46.09196839621832,20
baseline_03156,11.312232170884291,46.17323978949881,17
baseline_03157,11.791375893999957,46.34155996690225,22
baseline_03158,10.746467326662872,46.365963007137935,29
baseline_03159,11.380335967671355,46.065323553263894,22
baseline_03160,11.36060887036406,46.09659135844727,24
baseline_03161,10.718873410694814,46.109225408759734,17
baseline_03162,10.904836107149807,46.41885928607415,19
baseline_03163,10.82837681378652,45.909661843884955,77
baseline_03164,11.300049274863053,45.9384910370141,20
baseline_03165,11.162950484409224,45.813187281150974,22
baseline_03166,10.551238778778183,46.044473430692506,49
baseline_03167,11.121699094214204,46.2215550816725,50
baseline_03168,11.628645736282703,46.32905032006005,16
baseline_03169,10.774289034257702,46.10448302007699,19
baseline_03170,10.93561995935101,46.12910097313499,15
baseline_03171,10.607671140420571,45.93097091087522,18
baseline_03172,11.372954290981168,46.16403156081604,22
baseline_03173,11.609922769695267,46.34879852903866,16
baseline_03174,11.739773582938597,46.19767696438704,29
baseline_03175,11.643686512379004,46.34358915077067,15
baseline_03176,11.165179136704829,46.40937725587962,23
baseline_03177,10.91084957443085,45.79758004831681,28
baseline_03178,10.956324667661526,45.97731015255458,22
baseline_03179,11.57792310814078,46.05969239305959,21
baseline_03180,11.094658763652264,46.011380335468466,47
baseline_03181,11.082310724958747,46.32850849510666,47
baseline_03182,11.06260870942415,46.50609691611069,17
baseline_03183,10.986370140280908,46.365623146872196,27
baseline_03184,10.767329097373896,46.289327684711104,13
baseline_03185,10.89752424543891,45.9941192754316,24
baseline_03186,10.938384253945536,46.35319300501344,19
baseline_03187,10.944183947285383,46.15453857652609,16
baseline_03188,10.753496712178924,45.8577862503101,18
baseline_03189,11.211949876215352,46.409519962786526,20
baseline_03190,10.613588843552684,45.88200690046909,20
baseline_03191,10.943878661918983,46.08547585450091,21
baseline_03192,11.541744364005018,46.07703677291145,28
baseline_03193,11.44832033822,46.26449306952153,16
baseline_03194,10.875387530324513,46.19473656877531,44
baseline_03195,11.018707506705939,45.76012253342303,29
baseline_03196,11.01029327743701,46.46732570663356,18
baseline_03197,11.623284798408877,46.02878603711155,18
baseline_03198,10.903655366587662,45.844896123454845,27
baseline_03199,10.585145172553515,45.883803670815254,24
baseline_03200,10.846046469153336,46.12964112574294,76
baseline_03201,11.639384447430553,46.28479457866155,13
baseline_03202,10.926473860237978,46.40696515830302,22
baseline_03203,11.15965748741752,46.06923668674271,243
baseline_03204,10.955252042808857,46.2557776802132,12
baseline_03205,10.63225357602975,46.026206876197165,13
baseline_03206,11.050866645418434,46.091217349200875,53
baseline_03207,11.831353433379954,46.113499327301255,14
baseline_03208,11.658081920878853,46.35251995054146,17
baseline_03209,11.195433076087212,46.167306267277624,33
baseline_03210,11.410488343068435,46.304605269283826,18
baseline_03211,11.631359399259443,46.13027331467338,15
baseline_03212,11.658554333145334,46.400828712533645,17
baseline_03213,11.588034161898898,46.332716915077725,17
baseline_03214,11.103191851036767,45.91101795756471,28
baseline_03215,11.13392021208728,46.43028202501481,38
baseline_03216,11.568440564458372,46.2323594459297,34
baseline_03217,10.96552051219461,46.12679094024126,16
baseline_03218,10.792436578639316,46.04028846824048,19
baseline_03219,10.843227419368091,45.864590313437056,41
baseline_03220,11.143685821469987,46.245226025771714,30
baseline_03221,11.61525585242048,46.166981936017564,47
baseline_03222,10.98793112023926,46.43008517784161,22
baseline_03223,11.629659987865194,46.137424612820624,16
baseline_03224,10.928550949754918,45.87079547124854,40
baseline_03225,10.767628515648072,45.93343795572717,23
baseline_03226,11.093126603653577,45.906040174394356,31
baseline_03227,10.988987713785551,45.790978787769205,31
baseline_03228,11.122838280092644,46.31278426239381,28
baseline_03229,11.127158474919234,46.01622825261809,119
baseline_03230,10.762832389470958,46.00016601800592,27
baseline_03231,10.716705563922146,46.45844626743057,78
baseline_03232,11.191050766189052,46.193139719634786,30
baseline_03233,11.660367407146351,45.98240658395714,15
baseline_03234,11.665836464944064,46.017200371842996,19
baseline_03235,11.108029020168185,46.40212655134533,28
baseline_03236,10.579776981938082,46.226457176562704,75
baseline_03237,11.040863816150258,46.078318168505696,40
baseline_03238,10.664799976038148,45.88704776378333,88
baseline_03239,10.68749292106102,46.27074586011059,12
baseline_03240,11.664278434170141,46.41807145085311,25
baseline_03241,11.45063752622362,45.992595786342314,12
baseline_03242,11.078916007792111,45.808328883587805,21
baseline_03243,10.697486126996614,46.10084941965771,18
baseline_03244,10.914545547906634,46.21074231763026,69
baseline_03245,10.937216470967092,46.3466117787436,17
baseline_03246,10.953091811632136,46.43740412022741,32
baseline_03247,11.0217556035279,46.18768543539415,23
baseline_03248,10.622011955955056,46.08204091073783,27
baseline_03249,11.363504608722199,46.22067105148801,12
baseline_03250,10.922651512505443,46.07670579803738,21
baseline_03251,11.443722134735722,45.98733041326742,16
baseline_03252,11.17395294578114,46.31689289930286,20
baseline_03253,11.062242277275105,46.4357676224101,23
baseline_03254,10.611162270753699,45.867457620802575,19
baseline_03255,10.731101516178391,46.240037037302045,57
baseline_03256,11.461822251671197,46.120084153934044,12
baseline_03257,11.089708595364463,46.241613273378555,37
baseline_03258,11.033830175909241,45.71417094313786,29
baseline_03259,10.939421404214798,46.16495908811116,30
baseline_03260,11.183099636399088,45.96868109160592,32
baseline_03261,11.32412391450555,46.061753566951644,18
baseline_03262,10.776735813090392,46.20730169804659,27
baseline_03263,10.874122528898429,46.333917513808814,231
baseline_03264,11.671239609276405,46.092075470570336,21
baseline_03265,11.281372955777229,46.243373390581695,20
baseline_03266,11.004210729088102,46.225348191497645,19
baseline_03267,10.795299341633466,46.066337695276275,24
baseline_03268,10.620088023525538,46.14636051110045,74
baseline_03269,10.898908772718304,46.42405968161812,16
baseline_03270,10.91600416296594,46.04804244210763,20
baseline_03271,11.761843725384,46.10701540645416,19
baseline_03272,10.986860387999164,46.18977463722784,15
baseline_03273,10.681469983171105,46.412550133608136,21
baseline_03274,11.000032274013662,45.8710704589958,79
baseline_03275,11.882987614995944,46.129505729890575,12
baseline_03276,11.017881448438086,45.75900272656622,30
baseline_03277,10.702413396395213,46.218483967963586,76
baseline_03278,11.875477661434893,46.19728328491102,14
baseline_03279,11.1591706946392,45.789953216879645,31
baseline_03280,10.831862123146767,46.15091305776116,35
baseline_03281,10.541665748052088,46.02585986507655,28
baseline_03282,10.66941598222365,46.3803066845781,23
baseline_03283,11.607196969280587,46.36701448987454,19
baseline_03284,11.640007024698992,46.22860989925361,14
baseline_03285,11.042847915395882,45.83919920523504,48
baseline_03286,10.681583292765113,46.054250506394666,21
baseline_03287,11.467685946201936,46.327099407654735,19
baseline_03288,10.922243210380108,45.76113090675829,29
baseline_03289,11.401684417082043,46.07810129710237,27
baseline_03290,10.64082479077242,46.31189772921333,35
baseline_03291,11.138571104085653,45.733425261163006,15
baseline_03292,10.967888330248355,45.90692171816993,36
baseline_03293,11.156937332676584,46.17604827122503,48
baseline_03294,11.775854261834358,46.26762061295197,17
baseline_03295,11.65230746413728,46.325271491524454,21
baseline_03296,11.959184882577476,46.19182164450165,13
baseline_03297,11.357123673119245,45.98472121881298,13
baseline_03298,11.765459787838235,46.24480345897324,28
baseline_03299,11.716135500603453,46.50142142987388,36
baseline_03300,11.089184668266167,46.221707273423114,48
baseline_03301,10.832378088734822,46.10968178912637,22
baseline_03302,11.086120030374941,46.39222434484161,30
baseline_03303,10.604973009466901,46.366157082974055,47
baseline_03304,10.818893610658765,46.09863077395874,17
baseline_03305,11.345095475561298,46.245420955350944,15
baseline_03306,10.609254754571634,46.3445929827503,24
baseline_03307,11.522507069849576,46.15513940430984,14
baseline_03308,11.030140104950387,46.19039912914139,49
baseline_03309,11.893422789170884,46.168003052898015,16
baseline_03310,10.629659769413742,46.33006362360641,20
baseline_03311,10.997078568554766,46.251425726099825,19
baseline_03312,11.046995163530186,46.3131002864601,56
baseline_03313,10.976842038903756,46.350798618272776,21
baseline_03314,11.739585889572941,46.166041346026624,19
baseline_03315,11.680563277213395,46.21315583730014,14
baseline_03316,11.626891900005779,46.248379837482865,27
baseline_03317,11.663545754052414,46.29998061329529,11
baseline_03318,11.125941843106258,45.7139822915628,28
baseline_03319,10.849754329743378,46.355533576258324,22
baseline_03320,10.768495242745574,46.335894057736596,17
baseline_03321,11.278921149839963,45.94973960257582,20
baseline_03322,11.058439107229702,45.972670023042845,29
baseline_03323,11.684050916319059,46.399470076594014,16
baseline_03324,11.542766566886094,46.222904484928954,36
baseline_03325,10.924907533246268,46.100537437097096,26
baseline_03326,10.73346618969324,46.002051078421616,18
baseline_03327,10.852030338404548,46.281348215901644,16
baseline_03328,10.981811075927132,46.36607623602948,21
baseline_03329,11.805368177152815,46.32209859177689,18
baseline_03330,10.62060711950442,46.173354441636846,24
baseline_03331,11.825081618524973,46.2751826978132,60
baseline_03332,11.26529048937149,46.015190053733065,130
baseline_03333,10.588977647295666,46.187222582411195,15
baseline_03334,10.850050932481624,46.288652796868284,16
baseline_03335,11.257093070833522,46.01414538259705,52
baseline_03336,11.199184579861788,46.38960230182438,16
baseline_03337,10.793347039312366,46.23016717529315,28
baseline_03338,11.078386498875048,46.14701543158544,70
baseline_03339,11.310353640782537,46.027535508882735,34
baseline_03340,11.733047634002693,46.172536228084304,15
baseline_03341,11.011471049383724,46.44706590846669,172
baseline_03342,10.655369290523991,46.412566048487676,61
baseline_03343,11.218763293500857,46.08208249129463,255
baseline_03344,10.925754126876436,46.3672426859992,25
baseline_03345,11.536155994022263,46.22764765799733,27
baseline_03346,11.155065326555272,46.166827740433426,210
baseline_03347,11.203172586126756,46.048059768291154,50
baseline_03348,11.298077056899514,46.15369886040926,58
baseline_03349,10.539133289436982,45.971864868042935,13
baseline_03350,11.53812620321673,46.162952218652435,11
baseline_03351,11.53018558773936,46.095047074217185,25
baseline_03352,11.135163639008967,46.13597905280782,232
baseline_03353,10.927225163991347,45.67869484974485,20
baseline_03354,10.993526679844773,45.77581502755104,35
baseline_03355,11.928593080984314,46.200883018428705,17
baseline_03356,11.433197411408607,46.09862988639069,25
baseline_03357,11.881452303405155,46.16660730990655,18
baseline_03358,11.0678853480672,46.2719026560116,46
baseline_03359,10.661436909500484,45.968159456118926,22
baseline_03360,10.597015661171081,45.978362468474,27
baseline_03361,11.207022913573386,45.831625474284074,16
baseline_03362,11.058600562777585,45.86781614087958,56
baseline_03363,10.965385240385684,46.319556392367666,27
baseline_03364,10.541550902967339,45.99383696314771,15
baseline_03365,11.819514643439316,46.15745665397528,184
baseline_03366,11.75034978923059,46.49494200753996,30
baseline_03367,10.736925382367277,46.206923082218545,23
baseline_03368,10.726811342213246,45.86070567182199,22
baseline_03369,10.973735508735315,46.42301918144442,20
baseline_03370,11.830798178277055,46.18872695448032,132
baseline_03371,10.892439654699723,45.973112906901235,32
baseline_03372,10.724741906274037,46.11885576344855,17
baseline_03373,11.854955412617175,46.14422355864972,17
baseline_03374,11.039594360508659,46.058167917289595,29
baseline_03375,10.628010596050666,46.14979867767847,67
baseline_03376,10.963306313695382,45.987425706456506,22
baseline_03377,10.813919419650084,46.376129911592514,32
baseline_03378,10.736711013423747,46.020620707473846,19
baseline_03379,10.993484220680143,46.46130830510612,18
baseline_03380,11.82634710190613,46.281555816925696,66
baseline_03381,10.93643145662696,46.12646710367598,15
baseline_03382,11.320929471146613,46.130413733161724,19
baseline_03383,11.047659547741663,46.142847876426,35
baseline_03384,10.75573230922752,45.948393667193955,19
baseline_03385,11.128808323875347,45.84321638942322,20
baseline_03386,11.109524420308551,45.74373540006166,18
baseline_03387,11.300032167310484,46.1972812915578,14
baseline_03388,11.616483883245596,46.335923158812975,15
baseline_03389,11.507963890825748,46.12665001170191,15
baseline_03390,10.916139248363486,46.17819120112609,73
baseline_03391,11.812159995764855,46.13975634667014,19
baseline_03392,11.420395723698018,46.30875408274557,19
baseline_03393,10.909834152714483,45.83478456287108,20
baseline_03394,11.699043298948112,46.42440242961924,44
baseline_03395,11.56784160900797,46.123582908896196,44
baseline_03396,10.721529405916998,45.99183873793081,19
baseline_03397,11.800195659021888,46.28566153520891,26
baseline_03398,10.562423252746711,45.84800471632857,153
baseline_03399,10.764501106867643,46.223738337778485,31
baseline_03400,10.763432959826117,46.26585949727591,24
baseline_03401,10.815333382869182,46.37273416964684,31
baseline_03402,11.013820444767635,46.39350691379779,69
baseline_03403,10.824073364474804,46.24791916449397,28
baseline_03404,11.779538191638814,46.30649743847588,23
baseline_03405,10.86401624168935,46.26662654309668,13
baseline_03406,11.0804432204836,46.02866774116197,47
baseline_03407,11.358759113873258,46.21179569081196,14
baseline_03408,11.04959848776934,46.27154715698568,216
baseline_03409,11.130656742223913,46.24312820764478,35
baseline_03410,10.789029660457155,46.22130914143955,26
baseline_03411,11.190187276910242,45.830586543880216,15
baseline_03412,10.8396717950952,46.25856187913974,13
baseline_03413,11.262277944433416,45.91776162074154,16
baseline_03414,10.632571207013811,46.3806819163238,72
baseline_03415,11.787613109525559,46.49020880962359,18
baseline_03416,11.290208743299106,46.10120365801075,30
baseline_03417,11.160610053902461,45.766921303472635,19
baseline_03418,10.797595484907827,46.38947049708511,16
baseline_03419,10.730877301466,46.32878260304575,17
baseline_03420,11.381706902737696,46.04971500418796,20
baseline_03421,10.667855747431085,46.18639001811789,72
baseline_03422,10.770081882800884,45.94633346482641,24
baseline_03423,10.75530512792664,46.226933035750584,22
baseline_03424,11.043319524092233,45.80455688339376,32
baseline_03425,10.89300560822438,45.72761622572407,21
baseline_03426,11.446196409510438,46.05037134101944,233
baseline_03427,10.823473594441865,46.127515749783704,21
baseline_03428,11.48660581688139,46.025471617778884,21
baseline_03429,11.25927741540331,46.20495658449511,27
baseline_03430,11.0116880388057,45.7962897487557,35
baseline_03431,10.60899363902961,45.87385605226969,17
baseline_03432,11.028064792937597,46.15689492322341,20
baseline_03433,11.681387148462568,46.334076111985695,33
baseline_03434,10.632935846145887,45.86599074626295,18
baseline_03435,11.401292956555357,46.15769238887053,21
baseline_03436,11.382807017375315,46.05966085295129,21
baseline_03437,11.582236576533889,46.260261208029505,16
baseline_03438,11.26257189346152,45.982644565607806,34
baseline_03439,10.670346259137595,46.22087575229407,79
baseline_03440,11.059813866195423,46.3955266264053,174
baseline_03441,10.985357155777354,46.48304532526089,35
baseline_03442,11.08837882060363,46.032182202425396,59
baseline_03443,11.560151465486086,46.05469051212493,27
baseline_03444,11.038985605741216,45.98559074857942,39
baseline_03445,10.944676178414175,46.01597438157701,187
baseline_03446,10.74617000064683,46.42431721409328,36
baseline_03447,11.448180974114745,46.20520605641142,16
baseline_03448,11.812277798839576,46.144417167799524,77
baseline_03449,11.606265911573216,46.02399549759632,24
baseline_03450,11.710363172081276,46.33913583173669,26
baseline_03451,10.780273553263454,46.14741706212151,22
baseline_03452,10.68894465346096,46.00342229082537,70
baseline_03453,11.121369796858449,46.269799154861886,28
baseline_03454,11.035251131036368,46.24659513120912,45
baseline_03455,10.865081281313318,46.31452982447935,19
baseline_03456,11.059278411543536,46.34539894955065,156
baseline_03457,10.751015713031432,46.02664623514915,18
baseline_03458,11.16004021931565,46.41952087117147,23
baseline_03459,11.775362181889943,46.254505149162405,14
baseline_03460,10.925465753712734,46.44857197867873,43
baseline_03461,10.77397997667327,46.39599384140052,24
baseline_03462,11.000461151448427,46.45497323771823,23
baseline_03463,10.889886904245662,45.76017377632459,24
baseline_03464,10.681841140405124,46.029997578584734,17
baseline_03465,11.256303674685286,46.2047008277036,26
baseline_03466,10.691302809028684,46.1479573646519,13
baseline_03467,10.673728319573248,46.05556014474051,16
baseline_03468,11.027665623220836,45.999189609067955,26
baseline_03469,11.858483731350391,46.1759731181604,17
baseline_03470,10.726882280407716,46.44184913152746,65
baseline_03471,10.556269849341966,45.78894124577622,16
baseline_03472,10.905541969619394,46.011443597428304,20
baseline_03473,11.647038386477764,46.24823834009405,26
baseline_03474,10.5776942050811,46.19138853995197,37
baseline_03475,10.707586652734978,46.40508955404992,23
baseline_03476,10.74227448579665,45.91392613269782,17
baseline_03477,11.191807007124922,46.452023754007755,19
baseline_03478,10.530772592349848,45.87827901833056,12
baseline_03479,10.915408555313538,46.0590242062521,21
baseline_03480,11.106217492411625,45.70766573664625,17
baseline_03481,11.585149334654547,46.326394470657675,16
baseline_03482,11.144190668118993,45.74189058963601,16
baseline_03483,11.027245634968905,46.4509211590507,17
baseline_03484,11.467181178343607,46.272282022538214,25
baseline_03485,10.959214059437699,46.36370950324181,40
baseline_03486,11.741691099972495,46.34734417557797,37
baseline_03487,11.067312604772528,45.96715593848399,24
baseline_03488,11.286632649269952,46.09334445523357,30
baseline_03489,11.676929400634636,46.366359364765756,13
baseline_03490,11.016244218746584,45.8053384433567,185
baseline_03491,11.662883826175786,46.34283371927489,26
baseline_03492,11.76666570960273,46.20398841379587,32
baseline_03493,10.688226279406901,46.21144240268624,81
baseline_03494,11.771562825257048,46.34907421827476,42
baseline_03495,10.572164303065211,45.948469819343785,14
baseline_03496,11.25181463327297,46.08234604737633,47
baseline_03497,10.887352794408253,46.25447928012709,41
baseline_03498,10.71784474915215,45.8429402609522,16
baseline_03499,10.669568861029044,46.13907801935459,14
baseline_03500,10.734759122908876,45.9493304155043,19
baseline_03501,11.411882746180463,46.18235300245106,12
baseline_03502,11.36091071520054,46.10867616532862,15
baseline_03503,10.883333880733213,46.03974970919331,26
baseline_03504,11.69764496148036,46.30547347928392,17
baseline_03505,11.253653580109184,46.236142879932224,17
baseline_03506,10.547044607692534,45.96895762181231,11
baseline_03507,11.559343128043045,46.206039679732655,18
baseline_03508,11.606956599083224,46.288843420012384,14
baseline_03509,10.585487363007857,46.17876645250644,54
baseline_03510,11.481043776795074,46.256230773792645,14
baseline_03511,10.551721169826896,45.8986077535121,26
baseline_03512,11.573359156990138,46.08613483906452,18
baseline_03513,10.739648922446458,46.17798413005526,22
baseline_03514,10.516706533349643,45.976416773683574,17
baseline_03515,11.154549277037322,46.06995624401246,245
baseline_03516,10.666834859038872,46.31846973594756,30
baseline_03517,10.662830470436987,45.94530314179381,17
baseline_03518,11.647654057747454,46.24210377990011,14
baseline_03519,10.713205758472704,46.18289401578179,26
baseline_03520,11.043288979526194,45.80180632453653,29
baseline_03521,10.961752325225024,45.6915159763861,26
baseline_03522,11.044709324084682,45.93394771359477,55
baseline_03523,11.895121128770372,46.145383241325625,20
baseline_03524,10.7962272033617,46.091369806213685,22
baseline_03525,11.54546832681348,46.04519711392841,33
baseline_03526,10.940554536899981,46.082910440804696,21
baseline_03527,10.889253672013472,45.87513809802764,216
baseline_03528,10.917480427059715,45.809292018719034,28
baseline_03529,11.404574642526779,46.26127310883129,12
baseline_03530,11.100247247956442,45.777676440966296,19
baseline_03531,10.647718530618453,45.91534651718758,16
baseline_03532,11.127560023916333,46.0315585379699,235
baseline_03533,10.768608493174648,45.95345508046028,25
baseline_03534,10.80483618729598,46.422827092775655,20
baseline_03535,11.290579989377942,46.169374399654785,19
baseline_03536,10.952304296316555,45.840064944577655,30
baseline_03537,10.644251361824828,45.949697971465476,56
baseline_03538,10.798020902454134,46.18280595071042,13
baseline_03539,10.810243410954598,46.37791174047313,33
baseline_03540,11.1902644906246,46.076934225782495,60
baseline_03541,10.59659172636988,46.31816028054066,24
baseline_03542,11.193818257841052,46.19120551134579,31
baseline_03543,11.798012084161254,46.49714494260454,22
baseline_03544,10.854034791956446,46.05950061753737,27
baseline_03545,11.626593475544558,46.35350405075883,73
baseline_03546,10.824696416037222,46.21741494753476,128
baseline_03547,10.946494021056571,46.38236724819959,22
baseline_03548,11.181148338446828,45.79855519706054,42
baseline_03549,10.864231699031473,45.948152174146486,42
baseline_03550,11.94057320705232,46.19307315510029,16
baseline_03551,11.560107094543376,46.305517973095164,23
baseline_03552,10.746685331952968,46.360012892387196,41
baseline_03553,10.878882517645302,46.353011796989875,29
baseline_03554,11.09117443914081,46.37699097066556,39
baseline_03555,11.43656295080104,46.328638282201084,18
baseline_03556,10.571103433987245,46.072794172197526,41
baseline_03557,11.397672473487123,46.150488979740395,19
baseline_03558,10.614963934431971,45.90816833620416,22
baseline_03559,10.869053349025483,46.28040258338152,16
baseline_03560,11.137009228001396,45.812989630876366,28
baseline_03561,10.639390402407425,46.419269356337864,76
baseline_03562,11.286923398451211,45.990116736324914,35
baseline_03563,10.92844895741184,46.292620889814316,32
baseline_03564,11.283225450667233,46.21381988005578,23
baseline_03565,11.42854674067317,46.01309679910157,20
baseline_03566,10.94558175257541,46.39203259128687,22
baseline_03567,11.306624258441596,46.16189937167377,64
baseline_03568,10.6811659513066,46.12254738819996,25
baseline_03569,10.963025503868462,46.02780923488401,33
baseline_03570,11.586437979582783,46.096462816262054,20
baseline_03571,11.275648689330751,46.12418064572684,22
baseline_03572,11.421734535916423,46.013486000628816,19
baseline_03573,10.686323256352892,46.38065479571413,14
baseline_03574,11.682381251663772,46.058651819284286,17
baseline_03575,10.846100184743431,45.87867594139694,248
baseline_03576,11.426175498684819,46.15257077822555,11
baseline_03577,10.783027018009253,45.87299905190936,30
baseline_03578,10.682768423368506,46.42163090369937,30
baseline_03579,11.208385549479674,45.95065921400086,24
baseline_03580,11.59416073406784,46.24940742926048,21
baseline_03581,11.195762074315182,46.24887332438078,27
baseline_03582,11.505279697080345,46.14598746526208,13
baseline_03583,10.767672859984994,46.17412201481636,22
baseline_03584,11.330742951987428,45.98951137904669,22
baseline_03585,10.773627214838056,46.13411616623824,29
baseline_03586,10.877312840685656,46.151347737138096,75
baseline_03587,10.756719982003693,46.195522480582234,15
baseline_03588,10.957478124031706,45.95419264796086,18
baseline_03589,11.363650776960679,46.23318944156122,18
baseline_03590,11.225336316580956,46.02183021652643,63
baseline_03591,11.6676856522377,46.31181315474093,91
baseline_03592,11.710426319929967,46.25279936595395,31
baseline_03593,11.791579326718868,46.37636627866077,24
baseline_03594,10.997437326156174,45.71963227201277,22
baseline_03595,11.398016531878932,46.16045167434975,28
baseline_03596,11.224270250834305,45.93943511545573,61
baseline_03597,10.956641665302369,46.10260186422607,19
baseline_03598,11.539747541300859,46.292163303303504,23
baseline_03599,11.143883730094016,46.00898233918834,137
baseline_03600,11.177556821391715,46.18616542606814,31
baseline_03601,11.653134609609292,46.24662160382093,16
baseline_03602,10.599084228206415,45.98945248697249,27
baseline_03603,10.87513989518057,46.23509674514377,29
baseline_03604,11.142438564496228,46.47475719245889,23
baseline_03605,10.63396747567633,46.220545937829,76
baseline_03606,11.781969530329318,46.47458303789943,115
baseline_03607,11.547099508631486,46.064454901332766,20
baseline_03608,11.791258856582616,46.27061542937738,17
baseline_03609,11.052726121710082,45.99751680818445,24
baseline_03610,10.508340367012348,46.04487995282462,19
baseline_03611,11.15569244720773,45.82341644641425,26
baseline_03612,11.776055932277252,46.28350350970976,15
baseline_03613,10.855964004127662,46.25025001514403,13
baseline_03614,11.648543295147153,46.288378594476235,13
baseline_03615,10.585765788100815,45.98880511298527,25
baseline_03616,11.691973621110817,46.14130784583136,14
baseline_03617,11.016061694620557,46.44858671894402,67
baseline_03618,11.549198593965583,46.138018787849234,17
baseline_03619,10.93667039464597,46.22278616583026,25
baseline_03620,11.067020468443573,46.1719480247437,142
baseline_03621,11.472931689674846,46.023666644268836,22
baseline_03622,11.849083123729123,46.22807617716087,42
baseline_03623,11.133134938671787,46.13668103211773,232
baseline_03624,10.971025193090977,46.46276042914852,20
baseline_03625,10.968300253198004,46.21709464250367,49
baseline_03626,11.649017663366196,46.38223712499078,18
baseline_03627,11.05093038461451,46.38116867867017,37
baseline_03628,11.273964910497456,46.119784746351925,25
baseline_03629,11.569610786083032,46.261232785432995,14
baseline_03630,11.64213907384126,46.09364514727549,19
baseline_03631,10.943885099782197,46.39237275623439,22
baseline_03632,10.783133542917435,45.97490235137794,16
baseline_03633,11.068526235211825,46.31934146075553,250
baseline_03634,10.61297259838104,46.22377980272079,60
baseline_03635,11.137493533070712,46.39054962061994,143
baseline_03636,11.06568846095037,46.38270716674405,39
baseline_03637,10.732744080701734,46.34041764868558,18
baseline_03638,10.559965010859798,45.890863291082155,19
baseline_03639,10.992264991903273,46.019516347962735,25
baseline_03640,11.037934921491399,45.852168089466275,61
baseline_03641,11.099531902402573,46.180101586181024,67
baseline_03642,11.17493428963874,46.20170251770105,29
baseline_03643,10.499815869954883,45.947804817938106,47
baseline_03644,11.492388857480574,46.206371994504295,26
baseline_03645,11.546298295356795,46.28841228399042,28
baseline_03646,10.920208416504448,46.34136032768966,21
baseline_03647,10.646141583561558,46.414950430533,71
baseline_03648,11.12355960431489,46.104734999315234,147
baseline_03649,11.151883316507249,46.27251853301748,26
baseline_03650,11.336902936081602,46.27345225850872,17
baseline_03651,11.19405772357535,46.448965926403154,19
baseline_03652,10.895398208586146,45.812856382627906,24
baseline_03653,10.890711098683683,45.95794085916061,35
baseline_03654,11.624035878264854,46.36685482611065,18
baseline_03655,10.51848177557301,45.83000097252111,23
baseline_03656,10.965914312017881,46.26039192190629,12
baseline_03657,11.123916773360982,46.27565727562816,31
baseline_03658,10.66248798987673,46.30969970278104,21
baseline_03659,11.882245804843024,46.156945757367446,17
baseline_03660,11.113993477664241,45.988270508344186,38
baseline_03661,11.16771139543282,45.91277037795827,95
baseline_03662,11.294032929785148,46.03607843749169,33
baseline_03663,10.550658506012473,45.89889872547037,26
baseline_03664,11.821737025909137,46.42597462727068,24
baseline_03665,10.635003528830419,45.81221051345594,13
baseline_03666,11.313880768891126,46.244571504436884,20
baseline_03667,11.016136324248473,45.89909751655598,175
baseline_03668,10.553141241069035,46.3524000944705,44
baseline_03669,10.732436022029495,46.02833736096549,213
baseline_03670,10.542831565442349,46.35075624714831,46
baseline_03671,10.622528570090314,46.24566412973519,15
baseline_03672,11.16937539305617,46.084660115910005,78
baseline_03673,10.601824971597539,46.00649055127211,18
baseline_03674,11.409012064780791,46.138565697656794,20
baseline_03675,10.643983585735645,46.111440271229746,34
baseline_03676,10.998621924690239,45.86669950541878,130
baseline_03677,10.848688988627424,45.72419587475804,34
baseline_03678,11.10458810507536,46.42179054093245,52
baseline_03679,11.042510392752748,46.19450575851384,29
baseline_03680,11.761795287450402,46.31679792822431,12
baseline_03681,10.644543666757574,46.20178216818122,68
baseline_03682,11.646283171161304,46.43733848119118,13
baseline_03683,11.428112659363213,46.32266571973696,19
baseline_03684,10.689799317913748,46.18809089778008,55
baseline_03685,10.886694451835979,46.33786407665545,109
baseline_03686,11.10590306922215,45.69945822401532,19
baseline_03687,11.421102219962128,45.990718110571784,13
baseline_03688,11.046273465243715,46.072422244812024,80
baseline_03689,11.670972060786143,46.461738617886304,54
baseline_03690,10.910666441102245,46.133308440695195,42
baseline_03691,10.946302762840594,45.93792147183444,23
baseline_03692,11.035437209253388,46.42221230543759,22
baseline_03693,11.492178200884398,46.27090013261042,20
baseline_03694,11.847172102523274,46.193446291118995,26
baseline_03695,11.450723079720074,46.166594597702506,23
baseline_03696,11.161170655310913,45.751131840153135,15
baseline_03697,11.191907441349528,45.9673979362197,21
baseline_03698,11.233180052386048,46.21594926213207,22
baseline_03699,10.832260464397546,45.90357465442548,151
baseline_03700,10.861956185644079,45.921410580661004,173
baseline_03701,11.227923671730272,45.94214471098135,21
baseline_03702,11.820520360907176,46.45322883402023,14
baseline_03703,11.307225530033772,45.97264772174837,23
baseline_03704,10.914972767554893,46.38314005435423,24
baseline_03705,11.234198468717874,46.026860858217155,45
baseline_03706,10.850866811335981,46.037448585192145,23
baseline_03707,11.272120745081704,45.9491042272347,26
baseline_03708,11.657707890692247,46.17327030864245,17
baseline_03709,10.714165986288565,46.29614023625438,12
baseline_03710,11.775708259492161,46.22216785343319,22
baseline_03711,10.76298580209177,46.35235438697389,33
baseline_03712,11.430282443269343,46.10033357241626,24
baseline_03713,10.823258624855132,46.08948478246992,16
baseline_03714,10.861184712824745,46.16160670504647,76
baseline_03715,10.737599098372023,46.47637117954689,53
baseline_03716,11.948986002628121,46.17484836132935,32
baseline_03717,10.870778774023474,46.16097383872391,71
baseline_03718,11.351420854292035,46.08262478158881,23
baseline_03719,11.036631848016127,45.77560978261066,21
baseline_03720,10.725781149362843,45.983676586156946,14
baseline_03721,11.636317826284516,46.46916794907287,57
baseline_03722,11.798617782034091,46.16021146831444,28
baseline_03723,11.101463598108518,45.87112618663005,28
baseline_03724,11.386225212502023,46.16369495348091,28
baseline_03725,10.855135197475793,46.1482107592608,74
baseline_03726,11.288638117785283,45.94529823511675,18
baseline_03727,10.784343353628937,46.36591521906149,40
baseline_03728,10.589937682579707,46.309785475426786,31
baseline_03729,11.146334340963758,45.815347759122155,26
baseline_03730,10.714358587921074,45.862398281296464,20
baseline_03731,10.614423196946182,45.878250473479156,20
baseline_03732,10.9182154214204,46.171454097343926,51
baseline_03733,11.358134795475562,46.00549770387958,19
baseline_03734,10.576069469910513,46.28567394979069,39
baseline_03735,11.120685819849811,46.308674375843964,129
baseline_03736,11.032992560274996,46.20191734069274,26
baseline_03737,11.026477524705722,46.138446814366105,25
baseline_03738,10.86266934031063,46.43137075768745,35
baseline_03739,11.194693421751351,46.35204707516553,18
baseline_03740,11.243660275413207,45.949910660860624,20
baseline_03741,11.206041519735827,46.20242046529532,24
baseline_03742,11.718416254899331,46.19460676310052,16
baseline_03743,11.015598834015705,46.27795940290983,27
baseline_03744,11.022703501000638,46.35074150307888,181
baseline_03745,10.765096235709612,45.943142636168126,22
baseline_03746,11.064151298670787,45.88684780718383,248
baseline_03747,10.891303488669337,45.871476401315405,155
baseline_03748,11.359221370692753,46.07690023411362,25
baseline_03749,10.820900707392978,46.272905491366515,21
baseline_03750,11.135366185439718,46.36108994724704,20
baseline_03751,11.039630666194556,45.96978415744746,28
baseline_03752,11.027698538503202,46.09517408326362,32
baseline_03753,10.587344219704534,45.89214651850694,27
baseline_03754,10.797462185320864,45.988200929075646,17
baseline_03755,10.70680340507125,46.40714890559592,29
baseline_03756,11.42655370406689,46.18819959699656,14
baseline_03757,11.67600351167574,46.40048740183378,109
baseline_03758,11.136657783201395,45.925028328639975,23
baseline_03759,10.922904483799252,46.12059255239496,38
baseline_03760,11.636910458008185,46.49333106501436,46
baseline_03761,10.605546010293862,46.37587552373472,73
baseline_03762,11.150912230537925,46.32733654524214,15
baseline_03763,11.609850636105401,46.11434594150509,15
baseline_03764,10.53808237543746,45.788946151965334,18
baseline_03765,10.652043228966438,46.41406583394115,69
baseline_03766,11.712465961325798,46.16648827393245,17
baseline_03767,10.87408001723867,45.88428730307796,178
baseline_03768,10.827157452405077,46.2234931702226,255
baseline_03769,11.148246895558957,46.360003907200294,19
baseline_03770,11.475672996855327,46.012648841255476,16
baseline_03771,11.270146447540172,46.02028848224675,61
baseline_03772,11.584160917728386,46.31939801343396,16
baseline_03773,11.242957902027708,46.023539781419444,42
baseline_03774,11.212265781442069,46.102717114293874,52
baseline_03775,11.358258487673293,45.988980683721685,16
baseline_03776,10.903030808487875,46.192750358287945,72
baseline_03777,11.075194852675253,45.996243066798876,30
baseline_03778,11.016599398159581,45.94342941668369,38
baseline_03779,11.110126715676273,46.22204598107249,48
baseline_03780,10.674519686410285,46.41708407627778,27
baseline_03781,11.646368834465235,46.317328486178184,21
baseline_03782,10.795218418613237,46.050504189879405,19
baseline_03783,11.18752715693801,46.074006640654254,61
baseline_03784,11.154941862240342,46.43186719085554,94
baseline_03785,11.1520635722149,46.030525858918274,126
baseline_03786,11.807269469708325,46.466586505067625,17
baseline_03787,10.898462622853009,45.71855859598789,27
baseline_03788,11.154767711078449,46.00537173591445,41
baseline_03789,11.43927757296492,46.04564964132606,135
baseline_03790,11.355899310181204,45.97803339505763,17
baseline_03791,11.226478926813977,46.08326125966855,167
baseline_03792,11.176473628645137,45.97606192597459,18
baseline_03793,10.744474149687708,46.46593153774164,49
baseline_03794,10.672659930620187,46.28453853432988,15
baseline_03795,10.782563103797509,46.12109408549017,16
baseline_03796,10.488670392863426,46.01987008852582,46
baseline_03797,11.658433783797111,46.068795660702165,22
baseline_03798,10.638458140558635,46.049963837644704,25
baseline_03799,11.188646495028584,46.32972727387513,17
baseline_03800,11.552923482953197,46.16002501440769,13
baseline_03801,11.450130073260055,46.05122279555163,234
baseline_03802,10.592976779393132,46.00307739219995,21
baseline_03803,10.746006113129273,46.16255761746851,20
baseline_03804,11.083013778005107,46.38330082828113,37
baseline_03805,10.681281553303307,46.143428363140195,11
baseline_03806,10.573006572584765,46.06820671050013,48
baseline_03807,11.810844213711395,46.20341871036674,20
baseline_03808,11.456663766911715,46.12592663023239,17
baseline_03809,11.34312436215647,46.26002058298065,22
baseline_03810,11.670031827998447,46.34233433384638,25
baseline_03811,10.822749139420166,46.373847322477715,27
baseline_03812,11.10761282266206,45.90699547272628,26
baseline_03813,11.697041362817217,46.15027369675283,12
baseline_03814,11.271264769831156,45.98510272760323,82
baseline_03815,11.57385904682236,46.03352914719348,29
baseline_03816,10.952534531848176,45.74265185484637,145
baseline_03817,10.69759452892415,46.086758345630834,17
baseline_03818,10.926467467145683,46.437822206530186,28
baseline_03819,11.110256457183645,46.37395826732903,32
baseline_03820,10.684906215673525,46.07987738364684,18
baseline_03821,10.630797310018332,45.87559390238815,24
baseline_03822,11.899771506177832,46.1790112575543,14
baseline_03823,11.064476700025505,46.40353886862906,39
baseline_03824,10.88494202717359,46.19806360641387,40
baseline_03825,10.946386044903193,45.99702016580001,24
baseline_03826,11.268487054796628,46.096628633557046,34
baseline_03827,11.672916362904777,46.23023143821508,19
baseline_03828,10.991866514753292,46.16488212266735,20
baseline_03829,10.950916085279925,45.706363876484914,21
baseline_03830,10.614652145639065,46.18326646368606,24
baseline_03831,11.38187950077573,46.125391894711434,15
baseline_03832,10.550306808100688,46.19427456222498,81
baseline_03833,10.844933294599473,46.22635573832659,16
baseline_03834,11.456765092289295,46.27060699489219,22
baseline_03835,11.676197829178665,45.98145475641595,22
baseline_03836,11.220911430549098,45.92545880902693,98
baseline_03837,11.518169147517865,46.01787619242233,18
baseline_03838,10.945580521268653,45.879893860305735,38
baseline_03839,10.572226493553774,46.17837462095021,74
baseline_03840,11.130342518637892,45.801313441719955,21
baseline_03841,10.563146336851293,46.33551369381292,25
baseline_03842,11.491081684936011,46.17113818584151,24
baseline_03843,11.537781312567468,46.04732912581862,87
baseline_03844,10.637432004608353,46.2270842994703,75
baseline_03845,11.87606187387806,46.14778449512496,14
baseline_03846,10.769085674838795,46.079923954116445,20
baseline_03847,11.052651649700103,46.282849767584125,46
baseline_03848,10.941003309042658,45.78718637186391,34
baseline_03849,11.09020323701109,45.943638608375274,36
baseline_03850,11.83514660050403,46.16021267193442,22
baseline_03851,11.635314853018153,46.493718733994434,46
baseline_03852,11.080312802566825,46.09167897983648,98
baseline_03853,11.822780329082503,46.29286444106855,54
baseline_03854,11.08343847039048,46.33593795874775,43
baseline_03855,11.406204466049623,46.28476234641681,18
baseline_03856,11.660997948869083,45.99373108540115,23
baseline_03857,11.697426636092587,46.10387851214627,18
baseline_03858,10.771034169848223,45.958889038364106,27
baseline_03859,11.447183470755318,46.30642165367864,30
baseline_03860,11.21502804740376,46.12950489177681,61
baseline_03861,11.377391064955582,46.19948442050319,16
baseline_03862,11.109220544360275,46.48987150735299,15
baseline_03863,11.661104930791463,46.0642036653209,18
baseline_03864,11.53848635001542,46.14348617487622,12
baseline_03865,10.51944702322284,45.958964292309275,19
baseline_03866,11.06752599499181,46.21223062376076,34
baseline_03867,11.648353728173078,46.08103296089837,20
baseline_03868,11.778863450762845,46.472007026152376,255
baseline_03869,11.833049838718852,46.19650474843271,31
baseline_03870,10.801070096754664,45.94397508084793,20
baseline_03871,11.344807293306243,46.05931689651651,23
baseline_03872,10.905810804861222,46.23374517924055,47
baseline_03873,10.510680744647807,45.87025276382081,28
baseline_03874,10.853065885582136,46.12939626849278,77
baseline_03875,11.130840624849755,46.014337580782666,185
baseline_03876,11.682472682426088,46.14298964032846,16
baseline_03877,11.081753948716747,46.104459080520016,194
baseline_03878,10.627240238908929,45.874863696313696,22
baseline_03879,10.948568081334217,46.141714286794695,17
baseline_03880,10.754712641261793,46.26215605032452,27
baseline_03881,10.572564512854914,46.22926221483562,68
baseline_03882,10.648397392622657,46.31748756205653,33
baseline_03883,10.84223083034867,46.23839222632706,48
baseline_03884,11.467040616642965,46.030332853685564,25
baseline_03885,11.271431343381996,46.14482587929007,23
baseline_03886,11.771290501071086,46.40661847315105,22
baseline_03887,11.628454006472191,46.35620923752495,23
baseline_03888,10.623462385909546,46.06105466070753,41
baseline_03889,10.635650315416699,46.331757401354096,19
baseline_03890,11.629772236852796,46.073101894017775,23
baseline_03891,10.636644994426758,46.247459465677125,18
baseline_03892,10.872604940552202,45.744491672559306,24
baseline_03893,11.644066269143204,45.976713703337545,16
baseline_03894,11.038136387778728,45.835697333233135,46
baseline_03895,11.828238174803491,46.20646682459091,21
baseline_03896,10.96898199889953,46.12195053718295,16
baseline_03897,10.983002452332256,45.96548040213315,35
baseline_03898,11.04024748955371,46.32380643470302,52
baseline_03899,10.608656457008754,46.113635304761274,79
baseline_03900,10.739435377754692,46.22121639607968,28
baseline_03901,11.620596648524684,46.31604599866606,19
baseline_03902,10.794734595270677,46.23802110495408,17
baseline_03903,11.616632291333927,46.00598998637336,13
baseline_03904,10.51559646225614,46.06244626655935,25
baseline_03905,10.457826852084297,45.978589991612864,47
baseline_03906,11.432154813736137,46.03029675684954,18
baseline_03907,11.717359083972479,46.506874318584416,49
baseline_03908,11.725672306416222,46.184366049932585,16
baseline_03909,10.657299078878044,46.098088286492384,13
baseline_03910,10.966870401298445,46.21042754726893,57
baseline_03911,10.931165281149433,45.94129016944959,26
baseline_03912,10.659035026117987,45.89503296759534,23
baseline_03913,11.025599152609,45.80450462201084,35
baseline_03914,10.96571911935039,46.027282848206994,26
baseline_03915,10.564589101102577,46.12958508454818,77
baseline_03916,10.565668287468817,45.938130723847976,13
baseline_03917,11.85919089567549,46.19146926877135,19
baseline_03918,10.595949127332153,45.900123844539415,22
baseline_03919,10.956419822639397,46.43704967455024,28
baseline_03920,10.72806854077628,45.85549012223986,15
baseline_03921,10.869907512998772,46.396672239832185,17
baseline_03922,11.283348215289841,46.13848269161067,18
baseline_03923,11.750189599373272,46.37096166268099,11
baseline_03924,11.281426905559725,46.16949661539614,16
baseline_03925,11.286608625444721,45.92880727264947,20
baseline_03926,11.804681734387254,46.31997490325378,18
baseline_03927,11.08691429966603,46.23877099773664,45
baseline_03928,10.858628322707114,45.717641762336434,26
baseline_03929,11.172725196499972,46.076478830857184,73
baseline_03930,10.997724154808111,46.139048753906245,15
baseline_03931,10.851428906291577,46.18110201459285,27
baseline_03932,10.57608720668194,45.81770225992597,18
baseline_03933,11.431805763008887,46.16231706752166,15
baseline_03934,11.761427860961582,46.21549595537879,24
baseline_03935,10.865072869376425,46.35641094057193,26
baseline_03936,10.770952228681058,46.2464994368347,43
baseline_03937,10.74295221005202,46.12684872499371,22
baseline_03938,10.972254981517242,46.02082362152674,26
baseline_03939,10.886747437004647,45.88707576651475,137
baseline_03940,11.08699440210356,46.23054785493193,48
baseline_03941,11.064820007864784,45.83730136002831,32
baseline_03942,10.730695431664138,46.224081905339624,41
baseline_03943,10.633442112077983,46.25006182145319,14
baseline_03944,11.556832975047387,46.26128222707751,15
baseline_03945,10.653056970757904,45.86050079176923,15
baseline_03946,11.90147175865956,46.16709918496814,17
baseline_03947,11.436892307217862,46.289812654661986,181
baseline_03948,10.613768721224796,45.850348864779974,23
baseline_03949,10.6703104559541,46.295900688755786,14
baseline_03950,11.63892639194052,46.42018409963143,23
baseline_03951,10.943317589075665,46.02650612060113,186
baseline_03952,11.448474407015942,46.25805345574817,14
baseline_03953,11.122021514893333,45.84623337297055,20
baseline_03954,10.985714890272563,46.421173237565064,20
baseline_03955,11.74846903849198,46.24256094528893,27
baseline_03956,11.192266656234942,46.489291811914384,16
baseline_03957,11.113016913678315,45.88972559687409,33
baseline_03958,11.106736712830111,45.80929434332633,17
baseline_03959,11.63257524460487,46.38998256214233,14
baseline_03960,11.582621640466936,46.123838858777866,29
baseline_03961,10.886063412104322,45.91667896424192,255
baseline_03962,10.719671311598542,46.334384165215184,19
baseline_03963,11.16707084659335,46.32886167340354,16
baseline_03964,10.550839309195142,46.06375341320797,23
baseline_03965,10.91021145124664,45.8658167012808,39
baseline_03966,10.755720102306672,46.41592338826503,24
baseline_03967,11.72030301472614,46.50164830648578,37
baseline_03968,10.85952154437514,46.08605009493323,30
baseline_03969,11.1140418104969,45.787688263189374,19
baseline_03970,11.631993250060642,46.22786648231796,12
baseline_03971,11.285671771858782,46.225000515118396,22
baseline_03972,10.670776427942215,45.90311374711258,21
baseline_03973,11.012385832355928,45.892047985852045,94
baseline_03974,11.23239899186383,45.93970659567344,33
baseline_03975,11.062055275352087,45.727029927965695,15
baseline_03976,11.844715089075857,46.21264058339373,18
baseline_03977,11.493969904067692,46.14929164367128,17
baseline_03978,10.91495829979973,46.33017677164104,20
baseline_03979,10.831618118327956,46.36495430921481,32
baseline_03980,11.33770550756226,46.21378263848405,17
baseline_03981,11.306018183764794,45.979851039458325,24
baseline_03982,11.02611328974494,46.21014599322991,26
baseline_03983,11.598637315138548,46.13089569071438,16
baseline_03984,11.197156786204932,46.04344834328453,53
baseline_03985,10.80161269752132,46.41824907187271,18
baseline_03986,10.761815883711902,46.02756674105697,17
baseline_03987,11.118803039760623,45.78961032522827,18
baseline_03988,10.598515510280906,45.89346327513049,146
baseline_03989,11.796336819862997,46.441087617008264,22
baseline_03990,10.830332547876164,46.187527156802346,13
baseline_03991,10.816576021548908,46.08231882850464,22
baseline_03992,11.596220165774987,46.29964275926139,128
baseline_03993,11.213093447173874,45.87012915950952,17
baseline_03994,11.590179268936044,46.151368503615444,18
baseline_03995,10.700387441652202,46.30844755798454,17
baseline_03996,10.520490103253103,45.82717424958311,22
baseline_03997,10.897831014113862,45.72557399052465,22
baseline_03998,11.131168545380389,46.20500818415889,196
baseline_03999,11.595106840221595,46.32753638307584,17
baseline_04000,10.692493839002065,45.9980854838728,117
baseline_04001,10.71670399024656,46.39791133157189,31
baseline_04002,11.087194511304375,45.74583285777934,21
baseline_04003,11.079182581613068,46.04671292138878,64
baseline_04004,11.530313723088973,46.28678984560018,135
baseline_04005,11.787314130354714,46.12950205627581,17
baseline_04006,11.813123019219379,46.18181515025643,22
baseline_04007,11.905235100968373,46.17660041124903,18
baseline_04008,10.950776432965009,46.06257162832016,24
baseline_04009,11.704151058745135,46.184040131993825,13
baseline_04010,11.130551557928875,45.820932379059236,21
baseline_04011,10.929146052541734,46.19437225983908,70
baseline_04012,10.898638051880418,46.3373986362482,107
baseline_04013,11.154433825539405,45.751163712142976,16
baseline_04014,11.56552056166647,46.13180481078563,26
baseline_04015,11.7470524176208,46.15461821665131,45
baseline_04016,11.048297225525811,46.23168127145153,28
baseline_04017,10.532012231437415,45.82751920384823,182
baseline_04018,11.775184706712096,46.36009408908734,34
baseline_04019,11.748755402521272,46.14051629040158,15
baseline_04020,10.564250243726304,46.13650133462132,75
baseline_04021,10.57844223456702,46.12452172767219,79
baseline_04022,10.593500845203426,45.89749201610044,21
baseline_04023,11.645619324363324,46.273933058046275,14
baseline_04024,10.587226675183539,45.80001922836624,19
baseline_04025,11.120414048619303,46.03596418612453,255
baseline_04026,11.600469770936268,46.06931884591284,26
baseline_04027,10.962305610701792,45.70134381466853,28
baseline_04028,10.939367371507906,46.32449646899551,16
baseline_04029,11.672725491590382,46.17678970771926,13
baseline_04030,10.577029408626405,45.8366623206024,23
baseline_04031,11.635984050823865,46.13652581032598,20
baseline_04032,11.013451434280014,46.35022181734234,53
baseline_04033,11.582844345495738,46.19315895663224,10
baseline_04034,10.924786203463704,46.25105513514471,13
baseline_04035,11.652660870555074,46.10641016514647,20
baseline_04036,10.890069305051759,45.92415535874607,173
baseline_04037,10.692804389108113,46.14232670989645,15
baseline_04038,10.675688051841718,46.24758435314215,41
baseline_04039,11.267947622668014,45.91989396371432,22
baseline_04040,10.679666415068539,46.381954575570866,14
baseline_04041,10.88873302770165,46.20759622286613,52
baseline_04042,10.516344517553142,45.9992545554957,13
baseline_04043,10.51320750641856,46.046774389431164,17
baseline_04044,10.823226942358541,45.96992867699575,18
baseline_04045,10.968057447702622,45.98378996348163,24
baseline_04046,11.2315080087247,46.128787614244054,49
baseline_04047,11.064273752369798,46.15714424403112,52
baseline_04048,10.859173785384657,45.86885225729427,51
baseline_04049,10.938074013948034,46.241718280464596,13
baseline_04050,11.005401679957439,46.37956432472483,26
baseline_04051,11.638235181757883,45.99571088526262,14
baseline_04052,10.766282967581017,46.02569465634443,16
baseline_04053,11.745314959122123,46.15306778116164,45
baseline_04054,10.549660269961697,45.90322977841787,16
baseline_04055,11.043870435256894,46.39102179853561,234
baseline_04056,10.639918375837846,46.15094407779351,20
baseline_04057,11.858419689216623,46.11642535280854,13
baseline_04058,11.023343467987514,46.329910639522204,248
baseline_04059,10.710322309367143,46.16438595282953,11
baseline_04060,11.463542541798418,46.3012660578678,59
baseline_04061,11.06798659556162,45.809283819864554,21
baseline_04062,10.818851318318666,46.03396627141202,22
baseline_04063,11.547733229868797,46.12731313101628,22
baseline_04064,10.77528281081188,45.9391628449242,25
baseline_04065,11.771627413452098,46.3799588884918,23
baseline_04066,11.041157840447559,45.9779488385426,31
baseline_04067,11.585595480313966,46.32458204241232,16
baseline_04068,11.061397326730216,45.869913970921004,66
baseline_04069,11.022109630292391,46.02656184750879,21
baseline_04070,10.87485131514009,45.92283313490076,69
baseline_04071,11.21538333580752,46.4625477551466,18
baseline_04072,11.618441806272362,46.30146243413751,14
baseline_04073,11.008666310991018,46.15119944667093,16
baseline_04074,11.607882026509568,45.97828205133167,22
baseline_04075,10.928154509172234,46.282622962864046,45
baseline_04076,11.048467846688913,45.86372054218069,77
baseline_04077,10.595069390704674,46.18884469692618,13
baseline_04078,11.641608608891884,46.141124778564766,22
baseline_04079,11.348469038999127,46.21552581939343,16
baseline_04080,10.751288230040045,45.859336624902696,18
baseline_04081,11.063988490485823,45.950719351414996,38
baseline_04082,10.793173248991867,46.43186662176926,30
baseline_04083,11.743483983348115,46.295080606019916,11
baseline_04084,11.376501897886085,46.10715537601201,17
baseline_04085,11.04034184218657,46.070018957909014,34
baseline_04086,11.208536055110796,46.023126214571406,39
baseline_04087,10.731406741257787,46.378506870282244,30
baseline_04088,10.613454722690436,46.342624128948046,16
baseline_04089,10.821373433179463,45.99740163171111,20
baseline_04090,10.850832069160655,45.91685358749306,129
baseline_04091,11.547052088360518,46.03027716630835,17
baseline_04092,10.775022152223258,45.98932783250762,20
baseline_04093,10.539736437722672,45.94057595086998,21
baseline_04094,10.885498802023267,46.136696114713054,68
baseline_04095,10.793364313121664,46.01435646440172,23
baseline_04096,11.17328381078034,46.39374597134358,18
baseline_04097,11.067439474684404,45.81961259664668,21
baseline_04098,11.368485408196323,46.1079864246673,15
baseline_04099,10.563236059867036,46.06105495511036,50
baseline_04100,10.958543890351729,46.03264957877192,27
baseline_04101,10.896242492652247,46.11988056664836,35
baseline_04102,11.067392505426238,46.31553933631139,255
baseline_04103,11.70537091748378,46.2151855030634,12
baseline_04104,11.19598604441127,46.01306140506924,62
baseline_04105,11.109875521312796,46.35303124355603,105
baseline_04106,10.5158893568696,45.838826987864756,20
baseline_04107,10.759131335826753,46.00884071046438,19
baseline_04108,10.684824452391545,46.064785358060256,15
baseline_04109,10.936167328633633,46.31383273952698,24
baseline_04110,10.60318259405901,45.823833854722224,18
baseline_04111,10.782427568914532,46.444864530544,32
baseline_04112,10.989668349813067,46.375968352509176,20
baseline_04113,11.316329267191367,46.09038177261791,15
baseline_04114,10.911435799339298,46.14985791996413,63
baseline_04115,11.630838324133007,45.96756933087324,19
baseline_04116,10.810859428946998,46.415051067402175,20
baseline_04117,11.830963808784734,46.306518555246036,58
baseline_04118,11.250718659958887,46.02334964524572,42
baseline_04119,10.772392178413032,46.22779355620456,43
baseline_04120,10.607002884783498,45.99161414751008,26
baseline_04121,11.694303962317218,46.10931700857756,20
baseline_04122,10.550151832950634,45.921756921451816,25
baseline_04123,11.531757486571468,46.062617026988875,121
baseline_04124,10.837775768743029,46.36730400087999,26
baseline_04125,11.06075665651194,46.18712020737665,33
baseline_04126,11.0877704507913,46.21002959314601,48
baseline_04127,11.672873410860912,46.42085404308224,45
baseline_04128,11.579139253290185,46.2542636191491,15
baseline_04129,10.587636940366975,46.122058669035155,79
baseline_04130,10.671514929552293,46.34683702356869,15
baseline_04131,11.327263088497077,46.22060375908633,179
baseline_04132,11.618838497045228,46.4361293122268,54
baseline_04133,11.74653705994216,46.492857625487055,29
baseline_04134,11.71987764190172,46.36709116339665,16
baseline_04135,10.78911020252939,46.344254236393155,28
baseline_04136,11.624834478398055,46.04263238791108,21
baseline_04137,10.686348645556423,46.22358206955598,79
baseline_04138,11.142822025883374,46.032163306241294,116
baseline_04139,11.799064850495519,46.22504133583271,14
baseline_04140,10.714919796790833,45.85858362754683,22
baseline_04141,10.796787731296295,46.19475913171203,87
baseline_04142,10.944324363786214,46.2427671882334,18
baseline_04143,11.823615866830655,46.23214086785289,17
baseline_04144,11.809509735540622,46.12033497796431,17
baseline_04145,11.445058874726424,46.155554462878584,14
baseline_04146,10.972881907241915,46.02336248740361,26
baseline_04147,11.815139138987778,46.15995384567948,120
baseline_04148,11.108028000428948,45.698620316585995,19
baseline_04149,11.66760928532583,46.34730606725231,21
baseline_04150,11.06585622866035,46.32926761664203,158
baseline_04151,11.283960856428859,46.1656700572143,18
baseline_04152,10.972934078401488,46.21507787450397,48
baseline_04153,11.784985151473172,46.33217992745236,18
baseline_04154,10.961053330405493,46.4675148580703,40
baseline_04155,10.633757374281828,46.398255510093634,80
baseline_04156,11.626269292297996,46.01579153556627,28
baseline_04157,10.677211377565081,46.178312788628176,44
baseline_04158,11.620115478997969,46.40380851298962,23
baseline_04159,11.743217198835483,46.388984696724236,20
baseline_04160,10.700313581295017,46.32000149511953,15
baseline_04161,11.22849875076645,46.18930682653907,31
baseline_04162,10.74425298672648,46.19919657146703,17
baseline_04163,11.696273297552374,46.38106667306285,25
baseline_04164,11.018968050001945,45.721024628419315,17
baseline_04165,11.068212935519272,45.82527984696807,22
baseline_04166,11.332071101287987,46.05419224105659,18
baseline_04167,11.073264247177582,45.79642878798264,24
baseline_04168,11.200356603852724,46.053660075713246,52
baseline_04169,11.531247811076202,46.059105077815985,146
baseline_04170,10.663281349417904,46.01970422588844,19
baseline_04171,11.755875069726322,46.250379785425885,32
baseline_04172,11.352992231254508,45.969239095755846,22
baseline_04173,11.770123086909694,46.296480406753595,19
baseline_04174,11.699967441800968,46.466657189211055,19
baseline_04175,10.553103816493842,46.341855876627676,35
baseline_04176,11.137814307795606,45.749582803474475,17
baseline_04177,10.992815826316228,46.47335116132651,27
baseline_04178,10.758279907869916,46.46062780891267,35
baseline_04179,11.058426156922087,46.07473240077822,255
baseline_04180,11.823280369427033,46.25609069180198,24
baseline_04181,10.570929583289546,45.81340399257857,19
baseline_04182,11.025974367354591,45.861133359668685,134
baseline_04183,11.089525218905328,46.382651611062194,36
baseline_04184,11.158753108696605,46.14261706411359,51
baseline_04185,10.739803226033192,46.05778408404907,23
baseline_04186,11.798752232299737,46.141822272272485,19
baseline_04187,10.916106647318035,46.18256531060989,74
baseline_04188,11.103513631732003,45.91780961691644,29
baseline_04189,10.532115592614018,46.06143919889796,15
baseline_04190,11.053965782450021,46.13235439590697,52
baseline_04191,11.853561856455928,46.45135810256228,47
baseline_04192,11.571431350968584,46.10265828524914,32
baseline_04193,11.803081133656136,46.17950142801323,25
baseline_04194,10.744332293276035,46.11966057531558,23
baseline_04195,11.095750305345623,46.38365487662535,37
baseline_04196,11.773574665135556,46.136808428098604,18
baseline_04197,11.776459618596666,46.40235700344343,42
baseline_04198,10.719907765609749,46.259100467594074,21
baseline_04199,10.933241933879112,45.69794685600828,91
baseline_04200,10.797993090246049,46.31822815134989,60
baseline_04201,11.63894180632365,46.17917328620565,16
baseline_04202,11.53860073335075,46.041612746125296,32
baseline_04203,11.137372130867544,46.275082268656405,25
baseline_04204,10.8086301560823,46.02130883943109,25
baseline_04205,11.649208318017319,45.98690340848153,15
baseline_04206,10.724790568030642,46.214064675313615,35
baseline_04207,10.947515524114914,45.80982081115454,29
baseline_04208,11.86772342398176,46.26358690338912,78
baseline_04209,11.063898124628842,45.80218539344539,25
baseline_04210,11.314179325183954,45.95448034195681,17
baseline_04211,11.053317532453237,46.06572893851379,42
baseline_04212,10.857826635584987,46.042706775913864,28
baseline_04213,10.6913882170281,46.44029094730906,46
baseline_04214,10.509287464802174,45.957481557786686,21
baseline_04215,11.554392311003419,46.24256956892392,14
baseline_04216,11.35587879738753,46.26759438432387,20
baseline_04217,11.218623410172649,45.923922838222886,253
baseline_04218,10.648564609739687,46.431959857835814,73
baseline_04219,10.962365236713865,46.30545761353302,25
baseline_04220,11.225941351210937,46.21435807982375,21
baseline_04221,11.134788913055848,46.14225544882242,81
baseline_04222,11.14388541807293,46.369828207797006,20
baseline_04223,11.831257531506441,46.27092662707374,71
baseline_04224,11.118990932067014,45.97989436164098,38
baseline_04225,10.7226656452975,46.4428882272811,68
baseline_04226,11.058941316742553,46.00876023604593,27
baseline_04227,10.748264913535152,46.33443039140898,19
baseline_04228,11.256140722577554,46.00358047597232,146
baseline_04229,10.67866916615434,46.20930476763657,79
baseline_04230,11.323523894734725,46.09771131903347,17
baseline_04231,11.58479714904842,46.35285585409321,31
baseline_04232,11.482943974718733,46.35447058605161,14
baseline_04233,11.009133271688704,46.27111695226594,25
baseline_04234,11.786093300576194,46.2436504019795,20
baseline_04235,11.76308245868442,46.322783547282015,14
baseline_04236,11.041571109016521,46.29880323990612,44
baseline_04237,10.953537262627194,46.065651288661286,29
baseline_04238,10.705863818910462,46.446819809224735,73
baseline_04239,10.717929788431894,46.31496085057403,15
baseline_04240,10.727973497777441,46.12323921643542,21
baseline_04241,11.148115642478093,46.01183175280553,68
baseline_04242,10.664223441887836,46.38377073811647,29
baseline_04243,11.484736845335863,46.30884308472432,23
baseline_04244,11.731292834623039,46.35200177487616,21
baseline_04245,11.87308070081076,46.142676674567355,15
baseline_04246,11.814035470576107,46.16539582949445,30
baseline_04247,10.607951348005859,46.02115088660847,19
baseline_04248,10.84606047604541,46.2616272322452,15
baseline_04249,11.602522089079839,46.2942720685792,16
baseline_04250,11.370553777567332,46.263320235127345,16
baseline_04251,11.886633558734465,46.153431228069465,13
baseline_04252,11.189026495622722,46.25787156210562,34
baseline_04253,10.745501715480856,46.21316392439158,17
baseline_04254,10.633442932674003,46.253849101262425,11
baseline_04255,11.226099304520698,46.169154869024226,157
baseline_04256,11.179130516950778,46.089403727211796,72
baseline_04257,11.516701883886979,46.17346637033406,19
baseline_04258,10.916835102847648,45.95263393499962,32
baseline_04259,11.137527735952048,45.953942981042346,25
baseline_04260,10.947327518153314,45.76509630424005,36
baseline_04261,11.790743561406591,46.376089753780455,24
baseline_04262,11.171031127438827,46.400464060543,20
baseline_04263,11.096097106909996,46.40535319845995,31
baseline_04264,10.853652768030031,46.40109169833738,23
baseline_04265,11.50528146914543,46.22622500598816,26
baseline_04266,10.986744087937574,46.065649159755814,57
baseline_04267,10.636518391279779,46.181859778528455,22
baseline_04268,11.174291282962509,45.90655979190856,24
baseline_04269,10.648243936457764,46.39945488790062,60
baseline_04270,10.978370464357042,45.81289366148627,37
baseline_04271,10.658929717381342,45.95749152188025,18
baseline_04272,11.67442604299568,46.36908188100909,13
baseline_04273,11.098969788965107,45.72307433483445,14
baseline_04274,10.942325969888383,46.337714736338164,15
baseline_04275,11.131640846526365,46.053235620804514,255
baseline_04276,10.90334500668613,45.81702276974554,27
baseline_04277,11.196494107293075,45.96351039518765,29
baseline_04278,10.961707179692905,46.31008289543099,27
baseline_04279,11.46327000176842,46.138519790182826,12
baseline_04280,10.965107339326668,46.17892351641161,26
baseline_04281,10.931558598478793,46.2858899727611,34
baseline_04282,10.95416845973903,45.78995785818183,23
baseline_04283,11.737743120145216,46.43195884803025,27
baseline_04284,11.014907804372537,45.87033917915448,246
baseline_04285,11.777560348816753,46.43246985102777,28
baseline_04286,11.70158407006706,46.36041167057375,14
baseline_04287,11.40842077884862,46.15073127984687,16
baseline_04288,10.91031226794919,46.404977126702846,27
baseline_04289,11.244954122324716,46.00237035172167,206
baseline_04290,11.193348353913574,46.10259476982172,49
baseline_04291,10.787686625749275,46.05908724870287,28
baseline_04292,11.414941560408309,46.052257036429694,125
baseline_04293,11.886452934973878,46.226081831564144,28
baseline_04294,11.005527762576188,46.116124869860535,39
baseline_04295,11.0093650337722,45.852772280433605,253
baseline_04296,10.547244928246055,45.84505679161508,39
baseline_04297,10.66854140774777,46.3964140617772,27
baseline_04298,10.592092301167707,45.997285686829336,28
baseline_04299,10.821921247625244,45.898567383144666,45
baseline_04300,10.69412819462047,46.29007765374102,77
baseline_04301,10.701542724354338,46.078575604890915,20
baseline_04302,11.141078758903994,46.349754884264705,14
baseline_04303,10.936878288492203,46.3152651814862,24
baseline_04304,11.000834777298905,46.21282568642565,16
baseline_04305,11.183082250817861,45.99879380134471,30
baseline_04306,11.755454264742367,46.48326607296561,23
baseline_04307,10.943804947515298,46.204978338231435,56
baseline_04308,11.463979184965165,46.06301730206339,178
baseline_04309,11.811216043022617,46.14922917624152,255
baseline_04310,11.116167566840481,45.776887130693986,19
baseline_04311,11.160331335918126,45.72733456816093,24
baseline_04312,11.641364757203227,46.29933212110388,14
baseline_04313,11.85070837954401,46.23661934440116,54
baseline_04314,10.712849126771196,46.168882617284936,19
baseline_04315,11.308524176496578,46.201707699965844,15
baseline_04316,11.659780916011847,46.238211534644975,14
baseline_04317,11.336171315483805,46.223683604893864,13
baseline_04318,10.809116788446257,46.14652752001116,19
baseline_04319,11.43910785568494,46.27711115656282,25
baseline_04320,10.821577878274002,46.16970587447309,16
baseline_04321,11.292012623228892,45.93785227256842,18
baseline_04322,11.083446327202832,46.09357911520114,100
baseline_04323,11.425945751390588,46.306911495222764,22
baseline_04324,11.875034086862222,46.16406191698708,20
baseline_04325,10.846528044226938,45.89126098812939,255
baseline_04326,11.676942060341972,46.33943972683543,33
baseline_04327,11.375501388142393,46.29651619647469,20
baseline_04328,10.724807930509643,46.05721411062955,23
baseline_04329,11.69824991417137,46.413141964658,15
baseline_04330,11.115048938665167,45.83354223054652,21
baseline_04331,10.53594858306589,45.884889792938836,19
baseline_04332,11.24828978665965,46.100974592650566,38
baseline_04333,10.62216679139281,46.094632197833505,65
baseline_04334,11.327714717380248,46.15311068458384,16
baseline_04335,10.677645732766518,46.37160134103824,19
baseline_04336,11.650461535833616,46.014467901378495,111
baseline_04337,11.646461652667808,46.41517534235003,24
baseline_04338,11.289393068095086,46.194629152815104,15
baseline_04339,11.871753885873918,46.43396771188188,73
baseline_04340,11.235636912631138,46.108040448779875,39
baseline_04341,11.311615906324851,45.973335605266875,22
baseline_04342,10.770315082490267,46.30937690418895,14
baseline_04343,11.415100633296339,46.012071535207454,18
baseline_04344,10.872347567302294,45.932727473501636,58
baseline_04345,11.84579845865638,46.22802689125217,42
baseline_04346,11.68284738575039,46.40847243337561,18
baseline_04347,10.698439365090666,45.85354695287318,15
baseline_04348,10.677609172748813,46.169347427534966,21
baseline_04349,11.629293359573145,46.30059088515575,14
baseline_04350,11.338743524066116,45.97241920224682,21
baseline_04351,11.162331565489579,45.853861506953976,14
baseline_04352,10.68149444613355,45.85113348868146,17
baseline_04353,10.630574965916338,46.263619983276946,14
baseline_04354,11.510230308320597,46.0688419260205,159
baseline_04355,11.15697831518438,46.24073674581755,40
baseline_04356,10.62246361687751,46.01925440930169,13
baseline_04357,10.647830925652988,45.828305729824685,15
baseline_04358,10.634921825454667,46.29362680821462,28
baseline_04359,11.126672994489935,46.294769692638944,18
baseline_04360,10.751229586001369,46.20873083130843,17
baseline_04361,11.316091104708804,46.04398625972732,28
baseline_04362,10.961749252776677,46.13404604151155,41
baseline_04363,11.449708551399736,46.06453977768313,32
baseline_04364,11.776806228484727,46.370688229856384,18
baseline_04365,10.603957423012424,45.917542800757154,26
baseline_04366,11.645330596797722,46.26039930359988,28
baseline_04367,10.678987899961147,45.919488960729396,25
baseline_04368,10.646780952623137,46.39540279099605,66
baseline_04369,11.345573994398936,46.2755245237101,17
baseline_04370,10.776406466000406,46.24655816155405,44
baseline_04371,11.501406282246176,46.09999154562402,24
baseline_04372,10.868316911758209,46.03746063538189,43
baseline_04373,10.994533581389932,45.953832113878036,25
baseline_04374,11.006126716873815,45.93689210094961,40
baseline_04375,11.793769911930358,46.34252782910536,22
baseline_04376,10.99877308465146,45.81217485116698,39
baseline_04377,10.800860966673403,46.09852841984933,18
baseline_04378,10.543307370698862,46.18816655394357,79
baseline_04379,10.877285100520629,46.23205887853839,47
baseline_04380,10.846564184465592,46.416101756412374,17
baseline_04381,11.702628526730527,46.26160954372623,36
baseline_04382,11.06481251626665,46.09984443063961,70
baseline_04383,11.833202936844836,46.22323732470977,22
baseline_04384,11.008959827706985,46.4410358314375,19
baseline_04385,10.917860570047724,45.72867682047688,23
baseline_04386,11.121115905557518,46.255261292302364,28
baseline_04387,11.094465701479308,45.8212312798469,24
baseline_04388,10.823959123796591,46.085380202962625,20
baseline_04389,10.831515156520748,46.04633996154463,15
baseline_04390,10.619216808909847,46.15021117814526,73
baseline_04391,11.614091251137069,46.35864569837505,17
baseline_04392,11.649398517832259,46.14926666747623,21
baseline_04393,10.603834332996978,46.01576388002184,15
baseline_04394,10.696731799063635,46.116955703223546,30
baseline_04395,11.274532738776372,46.11744773051212,25
baseline_04396,11.679317783252566,46.24934848120103,30
baseline_04397,11.128591762337132,45.80028581378216,21
baseline_04398,11.152299270314252,45.84101799670819,18
baseline_04399,10.51633060764849,46.06249246683123,22
baseline_04400,10.82457162059253,46.0702194098389,22
baseline_04401,10.997713480323442,46.12935439182256,18
baseline_04402,10.868446604536947,45.93112156999219,59
baseline_04403,11.25537694028604,46.127142197865844,169
baseline_04404,10.988970723716296,46.039220777047035,33
baseline_04405,11.100983639951275,45.8911443543953,33
baseline_04406,10.75487659701875,46.019154253371916,17
baseline_04407,11.694800320085909,46.46375610263038,18
baseline_04408,11.116076503591733,45.891540444232824,30
baseline_04409,11.113053253726434,46.011450752948896,120
baseline_04410,11.33612667870723,46.12412608673788,16
baseline_04411,11.707047625484782,46.27453666947865,17
baseline_04412,11.095060026837713,45.94003699482319,105
baseline_04413,10.951203111844166,46.17977764273984,34
baseline_04414,11.592851003308146,46.35679146379119,25
baseline_04415,11.441802046631013,46.17655235349202,17
baseline_04416,11.374512796577946,46.10453150071067,19
baseline_04417,11.706198543892846,46.37967911430471,25
baseline_04418,11.417297741123258,46.230280599336595,13
baseline_04419,10.752305812512136,46.180640362018636,21
baseline_04420,11.029587262836081,46.151587978711824,23
baseline_04421,10.8942298251347,46.026299998711806,22
baseline_04422,11.029259121025506,45.75851990562273,28
baseline_04423,10.778922243946338,45.91943912982857,21
baseline_04424,10.526381440406603,46.08565578476387,50
baseline_04425,10.85428676709587,45.87354373894997,63
baseline_04426,10.715343968909844,45.950116692678066,28
baseline_04427,10.728667304789855,46.306785075467154,137
baseline_04428,11.913014321304622,46.248950248058485,47
baseline_04429,11.351193610088766,46.174229323761104,14
baseline_04430,10.701668993585493,46.04341721518579,20
baseline_04431,10.691420715726508,46.24518827464658,62
baseline_04432,10.807513547324012,46.26152134667737,21
baseline_04433,11.586551243062212,46.16450812878066,29
baseline_04434,11.630530407678805,46.05872245509652,168
baseline_04435,11.556386211977898,46.13521015934073,24
baseline_04436,11.683823441023367,46.40521665161707,16
baseline_04437,10.661030771289838,46.324732282124536,31
baseline_04438,11.133924377020358,46.42996956470403,38
baseline_04439,10.990054339442421,46.1142594354363,24
baseline_04440,11.852683204284045,46.164099688038135,19
baseline_04441,11.117401838991302,46.108842637838244,145
baseline_04442,10.712896215921251,46.37121384980071,17
baseline_04443,11.168692729659025,46.07996436148038,97
baseline_04444,10.580798995193653,46.18525365747012,50
baseline_04445,10.590430072244736,46.23021615660526,64
baseline_04446,10.579144114874188,45.808628468555526,25
baseline_04447,11.79813198806719,46.25291474050158,133
baseline_04448,11.358414824844953,46.03712722951393,21
baseline_04449,11.87710634815031,46.24941875057387,75
baseline_04450,11.73308933267565,46.244522025133385,18
baseline_04451,10.98792497888562,46.2864971222118,18
baseline_04452,10.842923021831695,46.35280668885957,27
baseline_04453,11.645752956998187,46.037168755480025,23
baseline_04454,10.987877845890527,45.7107326359061,25
baseline_04455,11.811118653801174,46.22537753868445,15
baseline_04456,10.719624796083204,45.9172563905752,23
baseline_04457,11.802320667272431,46.2671849555575,255
baseline_04458,11.295401624090825,45.959567708193724,21
baseline_04459,11.022284418299051,45.76491279911344,27
baseline_04460,11.858586431877006,46.172655049239474,16
baseline_04461,11.74979796201522,46.23940205869688,27
baseline_04462,10.87976429503796,46.19742026566347,26
baseline_04463,11.031867400403614,45.88675255366437,255
baseline_04464,10.852258407143383,46.19912265972363,11
baseline_04465,10.490907873207213,46.0625755912109,27
baseline_04466,10.924105902800811,45.72857148639508,23
baseline_04467,11.600333248981915,46.38295476587756,45
baseline_04468,11.066460508104633,46.13961237603623,64
baseline_04469,10.641116644895174,46.10513088051056,20
baseline_04470,10.787561346485353,46.13273309201926,18
baseline_04471,11.256905287880427,46.1045080650554,34
baseline_04472,10.659850610513514,45.89524816500109,23
baseline_04473,11.589526523494445,46.05579276070593,16
baseline_04474,11.321931683971854,46.03836580425877,26
baseline_04475,10.905232511319381,45.857332031151984,31
baseline_04476,11.705541886724872,46.177355184388304,14
baseline_04477,11.595256710800545,46.29629347973108,128
baseline_04478,10.992616694032126,46.32271809446308,32
baseline_04479,10.774481403674912,46.29194411105335,12
baseline_04480,10.83667078925291,46.151374449769406,49
baseline_04481,10.594798494742511,45.958831231892304,18
baseline_04482,10.70231950552603,46.45255054717388,76
baseline_04483,10.872780312894545,45.932714260278935,58
baseline_04484,10.599278760885719,45.946301091605534,17
baseline_04485,11.309044909346614,46.0187111746267,185
baseline_04486,11.183695917646713,46.45695890944532,18
baseline_04487,11.58140936721483,46.33726255870067,21
baseline_04488,10.643714244662313,45.8953860317472,17
baseline_04489,11.404616766324484,46.14312593309189,17
baseline_04490,10.572477750666506,45.905861377267655,16
baseline_04491,11.641463265193446,46.39518194158486,14
baseline_04492,11.27686266168627,46.20313469247471,16
baseline_04493,11.050140932848336,46.204921206987144,27
baseline_04494,11.1173913195432,46.47309203125485,15
baseline_04495,11.027987793747002,45.94154145189913,41
baseline_04496,10.966238459211311,45.89755969686101,38
baseline_04497,10.92586121317861,46.240499159303006,10
baseline_04498,10.61934634163048,46.20075110716384,24
baseline_04499,11.543432622102412,46.25737264505615,14
baseline_04500,11.173902901207743,45.98366036226675,17
baseline_04501,11.709813504722083,46.1354816749029,13
baseline_04502,11.617317159994375,46.367458017919255,18
baseline_04503,10.76511228738328,45.9432942221429,22
baseline_04504,11.07274253353268,46.283034614370656,43
baseline_04505,10.642182129368889,46.115568996153755,48
baseline_04506,10.844817157941218,45.99318443178618,21
baseline_04507,10.53651330587566,46.09048671867659,51
baseline_04508,10.657474978625068,46.12906083179785,24
baseline_04509,10.895289273855386,45.99657964708233,24
baseline_04510,11.018746342876787,46.41707266022963,25
baseline_04511,11.638805017392327,46.30987489858567,18
baseline_04512,11.293233543343733,46.046961986727254,33
baseline_04513,10.921611013054932,46.03722715061077,19
baseline_04514,11.002345557126992,46.323384936352284,35
baseline_04515,10.965682177489532,46.44053785871438,25
baseline_04516,10.918256460270577,45.94720305114699,31
baseline_04517,10.785643027680877,46.34488334926901,28
baseline_04518,10.649875290157716,46.41006521141049,66
baseline_04519,11.010415390299128,46.36008296524365,36
baseline_04520,11.775315466990865,46.34662055943179,37
baseline_04521,11.084743291023496,46.27550106403644,183
baseline_04522,10.534067707397705,46.013916272257646,15
baseline_04523,10.956747510180378,46.19605719051189,50
baseline_04524,11.501756693996123,46.25371219410783,15
baseline_04525,10.716420250031245,45.92585367597748,20
baseline_04526,11.099015433464832,46.430981878660056,37
baseline_04527,11.500483375884327,46.08054340442065,37
baseline_04528,11.058311042825359,46.329872867051954,128
baseline_04529,11.378613656041708,46.00845688042565,17
baseline_04530,10.608787747641262,45.8250117387382,17
baseline_04531,11.25797095243735,46.117634882898315,36
baseline_04532,11.038686615932766,45.7244501379404,18
baseline_04533,11.232081540227522,46.01356409653715,37
baseline_04534,10.64533793931852,46.425188283588064,73
baseline_04535,10.713370725296475,46.18511947370725,26
baseline_04536,11.66357409646582,46.05660222386474,14
baseline_04537,10.797840938055025,46.32635755760022,21
baseline_04538,11.175360765553737,45.868965105739285,25
baseline_04539,10.97444740588966,46.17928563313543,16
baseline_04540,11.035098226302665,46.32019600968687,51
baseline_04541,11.008853610941415,45.90057736873781,68
baseline_04542,11.228736663664764,45.93931588102334,88
baseline_04543,10.638621445735465,46.1524051991222,32
baseline_04544,11.58693323888708,46.10593070374866,24
baseline_04545,11.10060952560876,45.93565166992119,128
baseline_04546,11.007239458100553,46.233876216901564,19
baseline_04547,10.96360127453864,45.798143863503434,26
baseline_04548,10.749504478765052,46.429863885319,30
baseline_04549,10.68508429542621,46.28610422528116,15
baseline_04550,11.128120749771696,46.33498401666043,21
baseline_04551,10.580404357591487,46.0499556801944,42
baseline_04552,11.620733009907582,46.33017252122552,16
baseline_04553,10.819123198789683,45.92530101863735,38
baseline_04554,11.42127675577348,46.31133841375232,20
baseline_04555,11.76281404759641,46.15033800437535,19
baseline_04556,11.02548708474615,45.818851574420215,33
baseline_04557,10.562139993292519,46.081218107224636,17
baseline_04558,11.531098876715966,46.23632577760213,16
baseline_04559,11.36874552058522,46.005774316125944,17
baseline_04560,10.949117829478263,46.21936910461705,56
baseline_04561,11.53860629220807,46.105568252570194,28
baseline_04562,10.670979117913634,46.20972428138271,81
baseline_04563,10.798792146582686,46.40209412666837,13
baseline_04564,11.748053453660583,46.415385778463765,14
baseline_04565,11.642312806743279,46.309656617419115,13
baseline_04566,11.050913540174573,46.0807345408353,132
baseline_04567,10.712405181455841,45.89143848977126,79
baseline_04568,10.84745680838528,46.04058766106409,24
baseline_04569,11.260495636473573,45.983931911109536,34
baseline_04570,10.551839862188485,46.19134970047047,81
baseline_04571,10.780673190979,46.27892315192166,14
baseline_04572,11.488837847282655,46.32285633114811,18
baseline_04573,11.66136718727614,46.248766692732545,26
baseline_04574,10.816143336417205,46.185319057178084,13
baseline_04575,10.674388861260379,46.06552903746427,14
baseline_04576,11.772668625745084,46.30538573133056,18
baseline_04577,11.66658186325014,46.16135652664738,18
baseline_04578,11.095092371954113,46.17720715224924,67
baseline_04579,11.791689085731083,46.26690064356951,16
baseline_04580,10.927290854131211,46.170712287569515,30
baseline_04581,10.652879975888771,46.085182173643794,19
baseline_04582,10.866472342722526,46.059439729677784,24
baseline_04583,10.65995771448587,45.997015451376186,21
baseline_04584,11.553278395386375,46.18743588952612,19
baseline_04585,11.58167702839835,46.000883076868384,15
baseline_04586,10.833831925960247,45.9032202571013,182
baseline_04587,11.818628704264526,46.38822051236446,25
baseline_04588,11.432125594937165,46.18242585192333,14
baseline_04589,10.69803042728555,45.87540768115615,16
baseline_04590,11.448490648080453,46.102925687109725,25
baseline_04591,11.044203686980174,46.37555006313633,38
baseline_04592,11.877757866335806,46.16022342804264,20
baseline_04593,10.799671597127862,46.4375273066099,42
baseline_04594,11.035204523597914,46.04615558363472,26
baseline_04595,11.219472292913384,46.21596062830381,18
baseline_04596,11.46653028457675,46.152935346866684,16
baseline_04597,11.66376165146842,46.08647687734716,21
baseline_04598,10.57850797940773,45.927022975413294,22
baseline_04599,11.015161203959451,46.35830208772471,40
baseline_04600,10.807545370670612,46.14856921419446,19
baseline_04601,11.854879438708092,46.231870821495335,40
baseline_04602,11.181200793988694,46.03511928627927,51
baseline_04603,10.919477954009901,46.41807962999884,15
baseline_04604,10.752142609284958,46.33786021805996,24
baseline_04605,11.062905689013867,45.82974431908423,30
baseline_04606,11.011213915415546,46.37440514349707,32
baseline_04607,11.340929027503371,46.04922153589089,22
baseline_04608,11.493054225592733,46.04782529296884,254
baseline_04609,11.921176439719158,46.24784102320105,36
baseline_04610,11.08980051235408,45.75202627623351,17
baseline_04611,10.791780249542663,45.91560062275739,22
baseline_04612,11.672409352576178,46.13878161211258,16
baseline_04613,10.604127982156973,46.20111357877745,23
baseline_04614,11.84557211874965,46.18164171207411,184
baseline_04615,11.619029470303959,46.076660033920746,22
baseline_04616,11.61990509531471,46.326776148425424,16
baseline_04617,11.101605388451723,46.14444232440138,251
baseline_04618,10.896624238693727,45.79400189768757,27
baseline_04619,11.259310748920422,46.16098623420939,19
baseline_04620,11.249731522565837,46.13730364141518,184
baseline_04621,11.295163621962772,46.120189170486,22
baseline_04622,11.664989135859882,46.04166875735459,22
baseline_04623,11.00058393971661,46.39875880932423,66
baseline_04624,10.652662674348097,46.43083162005996,69
baseline_04625,11.606302064290002,45.981243814961445,19
baseline_04626,11.735110131336953,46.21568593510773,13
baseline_04627,11.148568365335931,45.961552541472756,23
baseline_04628,11.147941664136768,46.065894461260434,255
baseline_04629,11.51878684936776,46.250010586533065,15
baseline_04630,10.660621549415016,45.928163692934454,17
baseline_04631,10.59808621179141,46.25173958337528,13
baseline_04632,11.713229964715307,46.14718717475162,14
baseline_04633,10.875671929765392,46.1963251563631,21
baseline_04634,11.11043626275076,45.82513959294973,24
baseline_04635,10.957148338610887,46.1783331446656,35
baseline_04636,11.1308846854143,46.370605258106075,23
baseline_04637,11.784010166508137,46.458557865307604,15
baseline_04638,10.851506796031721,46.302005380405646,12
baseline_04639,10.895789454776352,46.091001476405815,25
baseline_04640,11.706762876770693,46.283851770578586,12
baseline_04641,10.547930352989981,46.016331677488594,26
baseline_04642,11.85002225301049,46.445709905046876,72
baseline_04643,11.071562985862556,46.490578742860635,16
baseline_04644,11.146110083578597,45.854596965526,15
baseline_04645,10.657664836097634,46.40196325723795,45
baseline_04646,11.16218970861055,45.82565498203653,27
baseline_04647,10.69836421621241,46.15455384139688,13
baseline_04648,10.947829356154037,46.293152692852004,17
baseline_04649,10.586586657744862,46.12030239906613,79
baseline_04650,10.728294015332601,46.26539309994372,19
baseline_04651,10.65802328792316,46.03386785395048,20
baseline_04652,11.01587160448118,46.08701351798489,28
baseline_04653,10.541205358390988,45.975158607299505,17
baseline_04654,11.7816996970849,46.31272043429992,21
baseline_04655,10.795733957771784,46.375575068268276,28
baseline_04656,11.102045668042681,45.94288314074365,87
baseline_04657,10.839560799422806,46.275554946034816,18
baseline_04658,11.300819771506623,45.954339497251325,19
baseline_04659,10.894863597184308,46.37023143413698,28
baseline_04660,10.664971318983705,46.16100251221251,11
baseline_04661,11.15965569998782,46.18303242990054,39
baseline_04662,11.074759819364992,45.78598368778262,19
baseline_04663,11.60930905199725,46.02847828803483,17
baseline_04664,11.650156252626592,46.11557124785232,20
baseline_04665,10.665577719909688,46.08070382165718,16
baseline_04666,11.66789360999987,46.37041088542791,20
baseline_04667,10.983625460488453,46.15583578166712,15
baseline_04668,10.728909833486947,46.07566076466671,22
baseline_04669,11.636017093833818,46.299391108340835,14
baseline_04670,11.113620512457532,46.12361170295498,255
baseline_04671,11.2527303583905,46.021779251789056,43
baseline_04672,10.86461075064944,46.14223620923157,77
baseline_04673,10.510993920699867,46.042109688878064,19
baseline_04674,10.744892337220817,46.1442005536459,23
baseline_04675,11.798140753326344,46.47364180784781,23
baseline_04676,11.212609102524603,46.143519968408626,37
baseline_04677,11.65734985709956,46.21530938426031,13
baseline_04678,10.956733030274371,46.05608673237717,23
baseline_04679,11.123413875197294,45.91087629322693,20
baseline_04680,10.52791738581117,45.98261956643745,15
baseline_04681,11.002397762321023,46.014411308284636,25
baseline_04682,11.697921972801684,46.18386554107416,15
baseline_04683,11.269199603705774,45.95956735045262,23
baseline_04684,11.555877349573176,46.245811407919966,15
baseline_04685,10.60344138206793,46.34286167702378,28
baseline_04686,10.948487380029928,45.92655868252469,25
baseline_04687,11.875836414606367,46.259483605633456,78
baseline_04688,10.805394341305137,46.37611884639638,33
baseline_04689,10.577822806440853,45.82522589239741,20
baseline_04690,10.656487681255244,46.04939572669944,23
baseline_04691,10.926150248217494,46.35574451285724,145
baseline_04692,10.542117125820555,45.80869530144995,139
baseline_04693,11.083152313238818,46.37171768601224,83
baseline_04694,10.619871753184661,45.85745846250322,18
baseline_04695,11.779276468411172,46.50431847841484,33
baseline_04696,11.441157273534044,46.263282501685396,15
baseline_04697,10.844400730555734,46.217971215265706,28
baseline_04698,11.152662199257465,46.14660115617815,61
baseline_04699,11.34328691737689,45.98782479662637,16
baseline_04700,10.46689195697716,46.010630448611586,44
baseline_04701,11.89843970298564,46.20792802046882,25
baseline_04702,10.978209663515482,46.47943827462738,34
baseline_04703,11.27209831136106,46.21207429877992,23
baseline_04704,11.016865874929701,46.160654341781175,19
baseline_04705,10.673519307691107,45.98368609438684,50
baseline_04706,11.908049343463617,46.16264329469773,23
baseline_04707,11.324739560456388,46.22692456311769,14
baseline_04708,11.053095503976621,46.04142692088082,29
baseline_04709,11.832901747961813,46.38186062802326,23
baseline_04710,11.535497808697038,46.08359891997799,27
baseline_04711,10.817219403274876,46.08487311964067,19
baseline_04712,10.85561874729658,46.257970493255804,11
baseline_04713,11.452541133021725,46.16340154777404,20
baseline_04714,10.888731269757564,46.17267174986078,76
baseline_04715,11.193570572784525,45.99713138940478,40
baseline_04716,10.94781935196919,45.86035502354431,37
baseline_04717,10.562294933962743,45.855667404229806,128
baseline_04718,11.02545078373792,45.89229975080825,255
baseline_04719,10.611977471590231,46.13498401787401,78
baseline_04720,11.089306611881707,46.255001886221244,32
baseline_04721,11.606762667814856,46.138231119448946,18
baseline_04722,11.832172620842856,46.11192958153978,14
baseline_04723,11.045238304236705,45.862056306201296,77
baseline_04724,10.877573779726669,46.25635354901153,22
baseline_04725,11.141850785628291,46.321639472063325,21
baseline_04726,11.747103879788359,46.413218963495005,16
baseline_04727,10.584724745429694,46.18330855293639,38
baseline_04728,11.348890483698751,46.037147197653034,22
baseline_04729,11.656663865185893,46.43389792824631,16
baseline_04730,10.665901931901468,45.991167865748885,20
baseline_04731,11.150015867075865,46.071441826246726,255
baseline_04732,10.589418578715971,45.96898256435673,18
baseline_04733,10.697076644776317,46.28676571784182,12
baseline_04734,10.601715670045623,46.35692762767674,36
baseline_04735,10.984798642781763,46.45595397318885,17
baseline_04736,11.639045524313437,46.12209441252475,17
baseline_04737,11.826638284904467,46.29458909131916,61
baseline_04738,11.489072057055992,46.15933069840489,22
baseline_04739,11.107403579903998,46.337608937334934,136
baseline_04740,11.212236086461944,45.85473793096957,17
baseline_04741,11.013283582864755,46.146165516813966,21
baseline_04742,10.575398606974439,46.1791127895674,71
baseline_04743,10.924942287561906,46.31767199193774,18
baseline_04744,11.494920984374913,46.07753001248705,39
baseline_04745,10.965308510203945,45.87615375329265,41
baseline_04746,11.279240160419919,45.99580738134317,68
baseline_04747,11.381285566121464,46.13448139001456,16
baseline_04748,10.797585491714596,46.242717330198765,20
baseline_04749,10.68708316561029,45.889597223343294,174
baseline_04750,10.87128126573276,46.0920062636394,30
baseline_04751,10.873300656300593,45.85472633234881,39
baseline_04752,10.651118911355395,46.317397955457295,33
baseline_04753,11.088861496191884,46.49302779616629,15
baseline_04754,10.995871173039124,46.19107106053497,17
baseline_04755,10.643345221747795,46.212454307597476,73
baseline_04756,11.867792693055618,46.271441171190155,80
baseline_04757,11.535211846012796,46.10125510222568,26
baseline_04758,10.593501634822722,45.96142415698435,18
baseline_04759,10.52325550097433,45.890890604897976,15
baseline_04760,10.749855124715818,46.25965974168499,36
baseline_04761,10.989764402411106,46.44968126138702,11
baseline_04762,10.597152376947372,46.135009960380884,78
baseline_04763,11.355866815192273,46.030448913445944,25
baseline_04764,11.786757861988445,46.262761336569056,13
baseline_04765,11.573515815907681,46.076868782034005,22
baseline_04766,11.02339209050085,46.19595252051198,21
baseline_04767,11.583754388267684,46.129519368083464,27
baseline_04768,10.63246686968072,46.348236895532274,15
baseline_04769,10.850505020939162,46.397256868404824,19
baseline_04770,11.572877886235906,46.379220039848335,50
baseline_04771,10.553234821019444,46.005838400173985,34
baseline_04772,10.697227278557916,46.16100432947868,12
baseline_04773,10.631233931090385,46.09163913098968,42
baseline_04774,11.209145888956895,45.98845703311652,24
baseline_04775,11.293879584804705,45.98990376536817,35
baseline_04776,11.722977667761048,46.396644209210464,28
baseline_04777,11.031012457604946,46.275352932389524,36
baseline_04778,11.225849739728492,46.0115301635436,36
baseline_04779,10.998543356115515,45.93366778332024,40
baseline_04780,10.88565522916883,46.32923475518803,198
baseline_04781,10.837007938660019,46.23716211248078,69
baseline_04782,11.118340941793829,46.04401776531451,255
baseline_04783,10.79166586200305,46.031413758064204,16
baseline_04784,11.021592525619692,46.063053478337615,20
baseline_04785,10.647790576341539,45.81818696292187,22
baseline_04786,10.655666621843814,46.43159259189544,69
baseline_04787,10.629656416844922,45.92706254815603,52
baseline_04788,10.67404820820696,45.85904406870764,14
baseline_04789,11.072963180950422,45.79109342171419,23
baseline_04790,11.440960391339525,46.271052191969574,18
baseline_04791,11.258563169557146,46.09692439223828,38
baseline_04792,10.81490240245324,45.94049599699734,28
baseline_04793,11.359749319985863,46.26010389123607,12
baseline_04794,10.85050361377792,45.8457725420173,30
baseline_04795,10.964048823525047,45.87881061421369,37
baseline_04796,11.004529547316213,45.72241547099973,18
baseline_04797,10.846081082168942,45.84688533135988,29
baseline_04798,11.68369905507251,46.36867335979653,16
baseline_04799,11.712728671515698,46.40258358650187,32
baseline_04800,11.251313898155356,46.02181040588539,43
baseline_04801,11.016959878566885,46.29112997841579,28
baseline_04802,11.01081610277004,46.074484408497085,24
baseline_04803,10.95194847601596,46.06298128489538,25
baseline_04804,10.996764034219677,45.879246914003645,68
baseline_04805,11.012211731891009,46.07902925346504,26
baseline_04806,11.85886307857475,46.18436496849364,18
baseline_04807,10.548251822389648,45.852317186959546,26
baseline_04808,10.875711682208475,45.74088803264252,26
baseline_04809,10.97072879469936,45.991077628136765,140
baseline_04810,11.867402779698484,46.46169927828002,22
baseline_04811,10.914975584820764,45.74816482378982,28
baseline_04812,10.968361599274006,46.326955954197565,22
baseline_04813,11.352437143177474,45.950785014311805,27
baseline_04814,11.872093012820962,46.16808137631616,16
baseline_04815,11.052025133000344,46.39905689641805,35
baseline_04816,10.726716402981769,46.40697826142762,42
baseline_04817,10.814036898147462,46.06269650136994,23
baseline_04818,11.008018162703642,46.289957130634356,22
baseline_04819,11.89279659489757,46.232549935183464,25
baseline_04820,11.807604452989827,46.482251855461776,31
baseline_04821,10.93066372817972,45.938613397023836,26
baseline_04822,10.63384999957796,45.98971963345494,18
baseline_04823,10.688490065870235,45.98489215721751,14
baseline_04824,10.844600006599638,46.39897262899333,21
baseline_04825,11.434828607022796,46.25667553309243,13
baseline_04826,11.655596067086707,46.42578461751136,19
baseline_04827,11.123981968692151,46.0624952356148,255
baseline_04828,11.324279861681875,46.0171974925132,60
baseline_04829,10.941508177653523,45.83483726118512,25
baseline_04830,11.159210623185604,45.76875452049485,20
baseline_04831,11.828399514435391,46.22828378518131,19
baseline_04832,11.681334780328928,46.47491493568775,44
baseline_04833,11.007330712702716,46.231183988928215,19
baseline_04834,10.645596877690998,45.93882198950804,87
baseline_04835,10.935276672415617,46.24278847332539,13
baseline_04836,11.60488711187224,46.12797163457786,14
baseline_04837,10.751997201271843,45.84328011878144,19
baseline_04838,10.685100711532598,46.339985497033204,17
baseline_04839,10.718085455405616,46.292917299621486,12
baseline_04840,11.636653773349055,45.968739263630624,18
baseline_04841,10.984311093972766,46.44121541846879,15
baseline_04842,11.120937163538635,46.274393246082255,32
baseline_04843,10.73937559517357,46.122058709460674,22
baseline_04844,11.001443813102535,46.08031372934669,154
baseline_04845,11.70841262327436,46.345398767241655,21
baseline_04846,10.792847321428397,45.86781353297164,28
baseline_04847,11.096960258157226,46.10921071900391,255
baseline_04848,10.735347497657298,46.19510596973439,29
baseline_04849,10.601255891926801,46.09554802020085,78
baseline_04850,11.108924679156399,46.281395854064584,28
baseline_04851,10.848190367401491,46.41220872384728,19
baseline_04852,11.629490020543829,46.08443820573818,20
baseline_04853,10.942109467265844,46.32122191110412,19
baseline_04854,10.650129524381109,45.853348057374404,16
baseline_04855,11.220129531850475,46.21885196114313,17
baseline_04856,11.456758258672679,46.26236596448314,16
baseline_04857,11.021740751887465,46.37911245333667,34
baseline_04858,10.771036851016047,46.237215984688774,42
baseline_04859,11.175461445872864,46.35991787429452,19
baseline_04860,11.255197101588804,45.9064514070135,17
baseline_04861,11.484961348327825,46.09587841891751,24
baseline_04862,10.61012476215443,45.87613790778452,17
baseline_04863,11.185700838965905,45.944040247752234,25
baseline_04864,11.746442219604742,46.48983792266361,29
baseline_04865,11.618643187748619,46.234731333330295,16
baseline_04866,10.941576255204204,45.684523978361874,17
baseline_04867,11.03433890026123,46.0180470261638,29
baseline_04868,10.538810260249395,46.34770951305997,42
baseline_04869,11.004139384276053,45.72727918264867,22
baseline_04870,10.520231429356944,45.94676280250277,23
baseline_04871,11.86730759770324,46.24031132476717,60
baseline_04872,11.008538882079499,46.04112233147163,24
baseline_04873,10.969162854646378,46.041248041388556,105
baseline_04874,10.590158581153352,46.29296089431548,38
baseline_04875,10.93716785486213,46.14348494571545,17
baseline_04876,10.992625136770451,45.83188041388616,43
baseline_04877,10.659289377612431,45.89102417503456,19
baseline_04878,11.108705627031258,45.80902821660639,17
baseline_04879,11.101756388702471,46.48713442335183,16
baseline_04880,11.061781754236703,46.130460716144874,62
baseline_04881,11.429963623741545,46.0220819199049,19
baseline_04882,11.307799208487797,46.122925225660936,25
baseline_04883,11.193227643055168,46.08907999501095,99
baseline_04884,10.5729059558646,46.19063981613547,63
baseline_04885,11.437166206739219,46.253439118575336,14
baseline_04886,11.260019711902205,46.0815806788916,61
baseline_04887,11.275022159573634,45.976005534600155,26
baseline_04888,11.722103800335846,46.47796024668077,18
baseline_04889,11.873230845133504,46.26203025348179,79
baseline_04890,11.811907542586548,46.27350991293651,20
baseline_04891,10.918628043326931,45.77203436462472,26
baseline_04892,10.590719815032266,46.33516677457183,15
baseline_04893,10.948912930757453,45.83490248218961,29
baseline_04894,11.893032217518682,46.25099916485305,71
baseline_04895,11.638987161879836,46.22073896736924,12
baseline_04896,11.622307188442738,46.091159221714115,17
baseline_04897,11.302732157385432,46.0651862441235,21
baseline_04898,11.087962257845598,46.1556483174447,73
baseline_04899,11.049862461490628,45.938820319116175,48
baseline_04900,11.457328099321131,46.04726341084168,255
baseline_04901,11.05782402572895,46.165224987783155,42
baseline_04902,10.977226152461796,46.26692326263087,16
baseline_04903,10.502094168249885,46.022703482241766,23
baseline_04904,10.985450740875839,46.27415332482046,21
baseline_04905,11.305762337458694,46.20312655028129,14
baseline_04906,10.618234508178286,46.219066401543685,66
baseline_04907,10.763219682506994,46.270445903388094,19
baseline_04908,10.722973747719394,45.97372410125219,12
baseline_04909,11.076875336901496,45.85038036375497,32
baseline_04910,11.74123596957149,46.20108176866645,22
baseline_04911,11.836161569631292,46.20683063795999,21
baseline_04912,11.297521736822487,46.16309255477519,149
baseline_04913,10.95885798193269,46.01131902010889,40
baseline_04914,11.108747531814506,45.92965974082995,31
baseline_04915,10.951317664915889,45.89799524263693,35
baseline_04916,11.813444344683898,46.467101777838415,17
baseline_04917,11.806739228464991,46.19927987770477,19
baseline_04918,10.818461337999873,46.27987828404403,20
baseline_04919,11.133318713490937,45.86762238595838,14
baseline_04920,11.782916616697149,46.42729967433679,35
baseline_04921,10.850691893513078,46.125165707974865,57
baseline_04922,11.473401390744014,46.238328141233474,15
baseline_04923,10.524327120303054,45.95516457389497,18
baseline_04924,11.086849472252016,46.193647514483644,54
baseline_04925,11.172802164681507,46.47728060305792,19
baseline_04926,10.85947506125059,45.88720181767975,238
baseline_04927,11.803005590568125,46.16403029042892,28
baseline_04928,10.647205957950272,46.267478705522215,13
baseline_04929,10.626140327095163,46.08466256116071,36
baseline_04930,10.517691812409016,45.95399085118455,23
baseline_04931,11.810591143366922,46.11892738902225,17
baseline_04932,10.743321700014507,46.21503006915899,20
baseline_04933,11.637070665324494,45.99159797744632,14
baseline_04934,11.166139813586664,46.17658720371859,41
baseline_04935,10.872358862520866,46.04518082548188,76
baseline_04936,10.676349825884618,46.19837816436652,79
baseline_04937,10.665856377304372,46.30706785724198,21
baseline_04938,10.989632334976447,45.79016012439826,32
baseline_04939,10.625619491267592,46.30409351479401,39
baseline_04940,11.149301639603484,46.41129899975803,28
baseline_04941,11.757843144674958,46.12769501859522,17
baseline_04942,11.331901675467305,46.21305785959014,17
baseline_04943,11.720476609138043,46.50193576298412,37
baseline_04944,11.291156265846348,46.04295024091843,32
baseline_04945,11.669994771307389,46.466544485787594,62
baseline_04946,10.846608908372698,45.98295514313594,14
baseline_04947,10.902883461102697,45.895973569238215,55
baseline_04948,10.946557014785725,46.00651528699971,24
baseline_04949,10.580064896454036,45.86453207918476,31
baseline_04950,11.271008700480058,45.99197867578364,202
baseline_04951,10.729500915936613,46.3857879664771,38
baseline_04952,10.690231657420094,46.24982504617628,59
baseline_04953,10.65724101026671,46.41087199527687,53
baseline_04954,10.746624485947889,46.06641154650258,25
baseline_04955,10.728812717782958,46.02259288585831,20
baseline_04956,10.802649371354969,46.060599332803434,26
baseline_04957,11.32751382392019,46.10676679460619,17
baseline_04958,11.050771598115151,46.37954384466617,39
baseline_04959,11.435792756666084,46.28423798957135,207
baseline_04960,11.807492320948036,46.162373529811944,135
baseline_04961,10.876047911822276,46.320801792620706,119
baseline_04962,11.453223645833276,46.092024204676456,25
baseline_04963,10.908553396266427,46.39667671032061,32
baseline_04964,10.540492200339456,45.86931342950073,24
baseline_04965,11.65152739540153,46.39086435964441,16
baseline_04966,11.683442574689042,46.197142558056704,23
baseline_04967,10.875671989756128,46.00905894153219,28
baseline_04968,10.725885834185894,46.31937667277554,19
baseline_04969,11.554688275201082,46.321342374579615,24
baseline_04970,10.777778198734465,46.42793731238275,16
baseline_04971,10.799222010021095,45.8616395848967,24
baseline_04972,10.835351071561657,46.075810400153266,23
baseline_04973,11.464799877588504,46.04082748192908,89
baseline_04974,11.141481751409339,46.47524666183812,23
baseline_04975,10.666701264653696,46.084362296476556,18
baseline_04976,10.928328062741773,46.445854912488926,43
baseline_04977,10.537803613368254,45.91198917580051,18
baseline_04978,11.011420603510555,45.72107949689016,16
baseline_04979,10.800896545180267,46.17324637852466,17
baseline_04980,11.614734162274576,46.37482179181461,25
baseline_04981,11.26820504106914,46.06721440377248,41
baseline_04982,11.67503260878859,46.35856330860603,13
baseline_04983,11.138346711664528,45.813112784186536,28
baseline_04984,10.699046379718446,46.3584819501184,15
baseline_04985,10.894317533450577,46.43074604805418,17
baseline_04986,10.843364208357821,46.43248168517646,33
baseline_04987,11.150961810040327,46.34052092139291,15
baseline_04988,11.422300111824859,46.26723086761668,15
baseline_04989,10.937280204768543,45.896898423494605,33
baseline_04990,10.612133037662336,46.349528479401485,28
baseline_04991,10.995658502505165,46.13875593155095,15
baseline_04992,10.684966973451127,46.255751407444414,42
baseline_04993,10.6871810179867,46.187934648874545,66
baseline_04994,11.664707712976682,46.176009309832786,14
baseline_04995,10.836987911979886,46.10908799986122,29
baseline_04996,11.185551223805788,46.212366805148825,27
baseline_04997,11.134042458477625,46.33470020043942,18
baseline_04998,10.567477200590519,45.83312258765011,26
baseline_04999,11.49993400946952,46.35922949150648,16
baseline_05000,11.860885914485435,46.18747620460504,19
baseline_05001,10.984723316428553,46.178438151709344,14
baseline_05002,10.988405953402777,46.18740170372146,15
baseline_05003,10.717319026751522,46.4515931379933,79
baseline_05004,10.829511783089282,46.15246044759156,35
baseline_05005,10.622882487749264,45.824383859301236,17
baseline_05006,11.478092656281367,46.26216910102538,16
baseline_05007,10.845976903446335,46.42901713018102,33
baseline_05008,11.824992949488422,46.309425751925865,50
baseline_05009,10.896966461426286,46.053766456676854,29
baseline_05010,11.210831927360964,46.118921211937554,255
baseline_05011,11.220456277328488,46.17186099056998,148
baseline_05012,10.951598700885636,45.905940551543324,35
baseline_05013,11.75159267461869,46.200882336660435,21
baseline_05014,11.022490341275889,46.10939215984496,34
baseline_05015,10.979948455107607,46.19935791502517,34
baseline_05016,11.482237428362643,46.10022992902783,20
baseline_05017,11.052306201237991,46.21878349337673,153
baseline_05018,11.355138263715594,45.945138769860336,24
baseline_05019,10.994045133288642,45.80499853144032,29
baseline_05020,11.084179668845,46.43482516007317,25
baseline_05021,10.97984092052716,45.74487604359709,61
baseline_05022,11.440316579296733,46.165490575413735,14
baseline_05023,10.8839902611875,45.73422791762695,25
baseline_05024,10.681263896328941,45.94618276433435,13
baseline_05025,11.596408143570095,46.27595953652582,13
baseline_05026,11.059802151129684,46.04780807780362,38
baseline_05027,11.152022858300322,46.292363099828464,18
baseline_05028,10.685092598238041,46.02433737856364,17
baseline_05029,11.700967626307364,46.294529280138995,12
baseline_05030,10.51677589393771,45.997136774804986,13
baseline_05031,10.958594090550513,45.89583081341485,36
baseline_05032,11.441194919268554,46.326840086527305,20
baseline_05033,10.513304686644995,45.90735917202039,26
baseline_05034,11.70424192095222,46.34561576001787,21
baseline_05035,11.014318063856225,45.92753978072062,52
baseline_05036,11.526585244375418,46.13591944775976,11
baseline_05037,11.766017066002203,46.14031789751103,18
baseline_05038,10.945742107421035,46.15135573632774,16
baseline_05039,10.540556085382565,45.93892101015357,18
baseline_05040,10.913835394641707,45.78775577202317,27
baseline_05041,11.854142981071554,46.46041009639087,15
baseline_05042,11.177958592697113,46.38844996401269,19
baseline_05043,11.90201997319347,46.22148876829736,16
baseline_05044,10.877844312592869,46.42140136244727,24
baseline_05045,11.583543127878876,46.33956000822246,21
baseline_05046,10.631591206344634,46.0473373631031,24
baseline_05047,10.647526834870085,45.927644526606755,34
baseline_05048,10.724554350429857,46.198013959825495,35
baseline_05049,11.53206904199805,46.048003395106264,171
baseline_05050,10.728676970505974,45.935767957299184,18
baseline_05051,10.548828425421414,45.91743241699579,23
baseline_05052,11.376289007084301,46.13038952528314,13
baseline_05053,11.83747796087391,46.16174654642476,21
baseline_05054,11.754146972851302,46.41763795760017,14
baseline_05055,11.12670698426803,46.38283653130614,26
baseline_05056,11.065886954315106,46.19706377920644,32
baseline_05057,10.695235234284972,46.27353174445251,12
baseline_05058,10.619720492771146,46.14557601548675,74
baseline_05059,11.050446225607512,46.42376845907288,19
baseline_05060,10.945622531030711,45.827233486323905,27
baseline_05061,10.82120115774811,46.12829296451222,21
baseline_05062,10.807109579798421,46.28340255055766,15
baseline_05063,11.865093162142367,46.148670891898476,18
baseline_05064,10.696678119171846,46.03235786926889,15
baseline_05065,11.627983518563546,46.332881280347166,15
baseline_05066,10.546538236819178,46.060891461757976,18
baseline_05067,11.258836481389132,46.04462880165983,50
baseline_05068,11.69487510445371,46.3234023233018,19
baseline_05069,10.72004945602487,46.15095832498809,16
baseline_05070,11.795934738382341,46.43154952520237,26
baseline_05071,11.209923018579826,46.4409621151876,22
baseline_05072,10.760135017263314,46.37352519500039,16
baseline_05073,11.067786941686894,46.31540042647258,255
baseline_05074,11.216050785623947,46.21907500562947,16
baseline_05075,11.786474519636213,46.50161983329141,21
baseline_05076,11.831457290929707,46.318031436562364,45
baseline_05077,11.139339042988023,45.886044837724974,25
baseline_05078,10.73902484138812,46.24386879756438,55
baseline_05079,10.793008936124117,46.19651622385171,27
baseline_05080,10.6019795623002,46.13784438408032,79
baseline_05081,10.97989822285384,45.833576843610665,38
baseline_05082,11.565776675414527,46.29934885208894,25
baseline_05083,10.54782666108788,46.08305707166088,22
baseline_05084,11.522081057149151,46.33025558869512,15
baseline_05085,11.034755766955959,46.23253055185095,29
baseline_05086,11.090420062373653,46.21404294557044,255
baseline_05087,11.011479461929113,46.17348719839579,23
baseline_05088,11.615855107358549,46.2071789948613,11
baseline_05089,11.157788098446668,46.05529417346014,205
baseline_05090,11.071174478658236,46.06909959389008,105
baseline_05091,11.741090086952834,46.22617293116916,16
baseline_05092,11.269464911028463,45.929979271723425,28
baseline_05093,11.042530042862046,45.989959718593376,39
baseline_05094,11.032987562153503,45.81979687953606,32
baseline_05095,11.766239741864858,46.16724663684592,19
baseline_05096,10.594504279321205,45.951280711306424,19
baseline_05097,10.760578199695113,46.20337080339377,20
baseline_05098,10.697688447320159,45.95341179264654,18
baseline_05099,11.362104096853221,46.25018112831706,12
baseline_05100,11.123420142011389,45.929078625025774,29
baseline_05101,10.658406926596136,46.41403562939904,53
baseline_05102,11.170009790193278,46.33075305591625,17
baseline_05103,11.074579630444738,46.1805960745278,141
baseline_05104,11.11365429177735,46.205085321797306,211
baseline_05105,11.183985381985988,46.1566576958292,40
baseline_05106,11.287936516516416,46.18491699229082,18
baseline_05107,10.915948454192536,46.257538333031306,25
baseline_05108,10.837271360830291,45.975598208845575,15
baseline_05109,11.385462408030152,46.16400588479746,28
baseline_05110,11.064945596950588,45.73761019510177,24
baseline_05111,11.663677801053328,46.40141409891811,20
baseline_05112,10.622214334002079,46.07030299000953,39
baseline_05113,10.88873010524454,46.0671136607917,53
baseline_05114,11.054431679028998,46.173077584204115,38
baseline_05115,11.027471509170887,46.34070828580589,130
baseline_05116,10.929609647361644,46.35441037800875,145
baseline_05117,10.703968971565748,46.22338445766586,76
baseline_05118,11.670053851454,46.426237238636794,23
baseline_05119,10.945667180682259,45.819871218110606,31
baseline_05120,11.14508706320193,46.01410313128623,93
baseline_05121,10.890093759546868,46.19054278040888,65
baseline_05122,10.722815492480182,46.13274961660708,24
baseline_05123,10.833876395853055,46.12022740012583,21
baseline_05124,11.777391298072779,46.16586025783765,17
baseline_05125,10.739148675112576,46.24550431127122,55
baseline_05126,11.459406697896977,46.13809627888985,12
baseline_05127,10.810157782031256,46.18467218546293,14
baseline_05128,11.167815347598454,46.38973957870837,18
baseline_05129,10.773741618972235,46.25748790784465,38
baseline_05130,11.540142934698517,46.32640068730678,25
baseline_05131,11.061424330588205,46.182237456114315,106
baseline_05132,11.765576814740461,46.18590724279665,23
baseline_05133,10.894483340089064,46.15280609697427,72
baseline_05134,11.114261798205458,46.13853083911314,255
baseline_05135,11.104772655065537,46.16271876509051,111
baseline_05136,11.211512089512896,46.08562180125251,108
baseline_05137,10.630931380042222,46.0789569572214,17
baseline_05138,11.078264972860264,46.225732139509994,39
baseline_05139,11.585334546462757,46.04078491224251,22
baseline_05140,10.650888712713199,46.184931626595315,34
baseline_05141,10.666352207534313,46.342181780946724,16
baseline_05142,11.37560560652401,46.048062958625664,20
baseline_05143,11.17379727624391,45.94418739762766,26
baseline_05144,11.094919033864901,45.82620128280673,25
baseline_05145,11.372141172369178,45.95825879062759,19
baseline_05146,10.77767036315594,46.21924921865367,36
baseline_05147,11.44905793358445,46.05097796169199,234
baseline_05148,11.177896315862203,46.007299195502696,39
baseline_05149,10.944176652066512,46.18663623957494,44
baseline_05150,11.359744996625624,45.95350408501048,20
baseline_05151,10.802301269315826,45.866598108959245,31
baseline_05152,10.703302573609642,46.385861856103354,15
baseline_05153,11.571591264727786,46.01210652839743,14
baseline_05154,11.535501324029028,46.07912670039334,31
baseline_05155,11.846691297340442,46.22345565672342,41
baseline_05156,11.408877269559829,46.071396353487636,25
baseline_05157,10.689448574514559,46.33726344154028,16
baseline_05158,11.261993381359396,46.142156889778086,24
baseline_05159,10.824386980220668,45.970920356788184,18
baseline_05160,10.93708396431427,46.25357389217476,12
baseline_05161,11.335082473784704,45.93545448178177,20
baseline_05162,11.065628560646582,46.51368225402096,21
baseline_05163,10.947215119411496,45.98961904065838,24
baseline_05164,10.959747803349902,45.71778968567916,20
baseline_05165,10.918245012211166,45.752644403319316,27
baseline_05166,11.129310274485789,45.937159747265476,26
baseline_05167,11.164626640508859,46.330627115559444,16
baseline_05168,10.665419705721959,46.049931634312806,20
baseline_05169,11.644777290138483,46.06961551401068,20
baseline_05170,10.990592500978233,45.93115914783549,39
baseline_05171,11.669410509541189,46.16408974468096,18
baseline_05172,10.753476548731555,45.92178733466671,19
baseline_05173,10.95579274764043,46.09291434489389,18
baseline_05174,10.64074514022327,45.86018903806156,18
baseline_05175,10.577804767103478,46.35026441283607,36
baseline_05176,11.652229329593176,46.085679131736775,22
baseline_05177,11.701786042905319,46.046864719233724,22
baseline_05178,10.929507832519098,45.72670917379095,26
baseline_05179,10.726437575968042,46.05578933899656,23
baseline_05180,10.914039114447665,45.95389730576232,171
baseline_05181,11.553337542210116,46.088011829747494,21
baseline_05182,11.66940952816817,46.11315199550856,20
baseline_05183,10.605571482703706,46.158454759006226,75
baseline_05184,10.614412655145715,46.03831535226179,21
baseline_05185,11.174823548348408,45.924498939453045,22
baseline_05186,11.765452601985382,46.09999667433307,18
baseline_05187,11.562827301246235,46.05365847444012,31
baseline_05188,11.024570044122285,45.81271797595591,35
baseline_05189,11.674387196782027,46.1793786449187,11
baseline_05190,10.550853472276321,45.939856660095856,15
baseline_05191,10.769279437042519,46.01354071513403,17
baseline_05192,11.339923692491434,46.16797400938911,14
baseline_05193,11.794610575958869,46.21400451262637,20
baseline_05194,10.968005945202242,46.197219486649864,34
baseline_05195,11.256244459491574,46.1494905137159,27
baseline_05196,11.176824162078494,46.169563331635736,35
baseline_05197,10.699528631483245,46.278660746745516,12
baseline_05198,11.26838452517696,46.02519170284752,43
baseline_05199,10.709310287900085,45.926452974251745,23
baseline_05200,11.464292956899337,46.295799992936956,235
baseline_05201,11.332639823764572,46.04965639234487,22
baseline_05202,11.69676374702306,46.4382750337965,53
baseline_05203,10.94857719164369,46.28356975261542,15
baseline_05204,10.97869255899901,46.120068981872016,16
baseline_05205,10.668913944738431,46.052294502266896,18
baseline_05206,11.729759931065448,46.394198776911246,25
baseline_05207,11.268604057280376,46.22277202975963,23
baseline_05208,10.94793184108187,46.17228151874419,38
baseline_05209,11.64543718798556,46.35653482336026,16
baseline_05210,10.763555080624794,46.099803755430884,20
baseline_05211,11.772238360643817,46.1227983032983,19
baseline_05212,11.043178654180359,46.12305444332848,42
baseline_05213,10.575946951756976,45.88426388001436,24
baseline_05214,11.83657011778759,46.168701698056985,156
baseline_05215,11.653019265967982,46.237733338238215,12
baseline_05216,11.761086680541812,46.39860147172085,44
baseline_05217,11.32395882464555,45.991479703453976,31
baseline_05218,10.675481626582577,46.413854894495216,24
baseline_05219,11.848920874846144,46.17623969503925,158
baseline_05220,10.786063706502683,46.35181558716546,33
baseline_05221,10.925144133630504,46.1069025887409,32
baseline_05222,11.586448986254519,46.32190360854419,17
baseline_05223,11.154148414727377,46.317136619590435,25
baseline_05224,11.613555484361552,46.248265943445375,27
baseline_05225,10.747011301080809,46.25204948329527,58
baseline_05226,10.636287024416738,45.88028079831546,18
baseline_05227,11.900151699473872,46.13102667183185,14
baseline_05228,10.916522849407777,46.22881090679344,26
baseline_05229,10.928268266968775,45.77717340789019,30
baseline_05230,11.700489734053884,46.35893991424032,14
baseline_05231,11.744649752483351,46.289763070084,12
baseline_05232,10.516732234791897,45.95477944883968,23
baseline_05233,10.557461417481573,45.96812134155719,13
baseline_05234,11.505332947951983,46.34983647015644,13
baseline_05235,11.201747191533585,45.998970174568655,66
baseline_05236,11.222091391423032,46.188611301981595,31
baseline_05237,10.817761073432862,46.20503892655513,16
baseline_05238,11.51614053438983,46.211876746641195,33
baseline_05239,11.102066573849326,45.98830698603039,48
baseline_05240,10.824280458542109,46.23254681276549,168
baseline_05241,11.752488120153913,46.3785606292849,22
baseline_05242,10.813855116587943,46.09206537545019,19
baseline_05243,10.733081360103533,45.97110297620097,14
baseline_05244,10.890545930080872,46.0108170762905,25
baseline_05245,10.654661007476541,46.10988354094909,16
baseline_05246,10.814724325712504,46.09104662201638,19
baseline_05247,11.142450777088571,46.40853667722373,216
baseline_05248,11.275030692693548,46.035707683266594,42
baseline_05249,11.60888338914817,45.99819229501784,12
baseline_05250,10.897808805143645,46.121222233410215,33
baseline_05251,11.022774075965069,45.89211356402128,255
baseline_05252,11.074886174306613,45.70294011842333,23
baseline_05253,11.463215711634241,46.14326232108358,14
baseline_05254,11.086200193358048,46.036048714046494,60
baseline_05255,10.606963387046664,46.218008625620485,60
baseline_05256,11.474021604201639,46.06277160091747,89
baseline_05257,11.251112304543906,46.17091566686522,23
baseline_05258,11.851871582461223,46.167761296883484,19
baseline_05259,11.200399371767222,45.896621124211414,20
baseline_05260,11.751722073999185,46.21193252621586,19
baseline_05261,10.714596191479613,46.10781759451143,19
baseline_05262,11.379207263174962,46.06368089423746,22
baseline_05263,10.859495756307318,45.94803638221167,40
baseline_05264,11.61071107962699,46.135326935115806,18
baseline_05265,11.193847719161937,46.06296523646599,56
baseline_05266,11.643818764364731,46.324496844815734,19
baseline_05267,11.719813208591608,46.378861321712215,25
baseline_05268,11.623914348360941,46.331470807511685,15
baseline_05269,10.505249112525,45.93527645752765,28
baseline_05270,10.766808763342558,46.106286905998864,19
baseline_05271,11.197560294065605,46.14456442600964,169
baseline_05272,11.121682676902543,46.31576949650917,27
baseline_05273,10.805739638308049,46.020980503805205,23
baseline_05274,11.601740701648904,46.059519713265644,17
baseline_05275,11.535998272303916,46.19330697350721,29
baseline_05276,11.699814310437459,46.424094879043324,69
baseline_05277,10.51190244622364,45.89820241378624,27
baseline_05278,11.766259548998143,46.44223675360394,27
baseline_05279,11.375501785655722,46.29576905264039,17
baseline_05280,10.990127787645335,46.070115436648415,57
baseline_05281,11.49473049102332,46.265926183577406,17
baseline_05282,11.012986046455985,46.34447357719336,51
baseline_05283,11.721391740131727,46.22616866823669,14
baseline_05284,10.542081173518287,46.088089471375305,40
baseline_05285,11.586139121203885,46.14078778557514,18
baseline_05286,11.155563304981587,46.17811537885051,44
baseline_05287,11.56306603955397,46.081163599334076,23
baseline_05288,11.759702696431448,46.166894062044015,21
baseline_05289,10.570225699442453,46.09951918732148,70
baseline_05290,10.90318962174674,45.79686313685315,27
baseline_05291,10.889692879002995,45.90082477857752,166
baseline_05292,11.796748209098382,46.22826716625298,14
baseline_05293,10.775449889508511,46.033464191313435,15
baseline_05294,10.615171525202788,46.385464241633215,79
baseline_05295,10.53017836426358,45.83837998529929,24
baseline_05296,11.030116970467551,46.04413472990947,24
baseline_05297,11.169574170587923,45.80129836075136,36
baseline_05298,11.055471419387239,46.270219746096295,127
baseline_05299,10.809379080396987,46.44122505048397,40
baseline_05300,11.077750141479559,45.78945610361228,19
baseline_05301,11.900016097767601,46.17468388158345,19
baseline_05302,10.59688936155445,45.8822281310698,248
baseline_05303,10.95604700236241,46.359232573700815,16
baseline_05304,11.149186737741827,46.20216078239097,41
baseline_05305,10.587365871204845,46.320261605030865,32
baseline_05306,10.504482483710902,46.06120898283535,26
baseline_05307,11.26873692756942,46.00031212500028,190
baseline_05308,11.788478593152117,46.236352597325286,17
baseline_05309,11.200878464381825,45.832547137878294,15
baseline_05310,11.620612660689996,46.3123878386304,20
baseline_05311,10.619819702216786,45.81667355205943,15
baseline_05312,10.8401795943953,45.88350410616897,240
baseline_05313,11.698527136100525,46.32623207654882,19
baseline_05314,10.89501494795069,46.34940696974482,28
baseline_05315,10.670070254796503,46.23021082277362,73
baseline_05316,10.776490553026083,46.1784004764597,16
baseline_05317,11.555583530903746,46.17463971387877,15
baseline_05318,10.913074365561444,46.381039196047055,24
baseline_05319,11.657414324023136,46.08098374188629,20
baseline_05320,10.724557257147254,46.20361286595403,25
baseline_05321,11.162676203263487,45.74073677588468,20
baseline_05322,11.155567228127964,46.37677992631542,17
baseline_05323,10.994645702380678,46.13740194501411,17
baseline_05324,10.611978728157185,46.167441308616716,60
baseline_05325,10.589546505255349,46.36566825365629,48
baseline_05326,11.268671571544353,46.020894861544214,61
baseline_05327,11.368609236073757,46.133798457070526,17
baseline_05328,11.077023997212994,46.0848623788943,109
baseline_05329,11.098679925080532,46.428791857174026,37
baseline_05330,10.643902206078579,46.07164970425956,14
baseline_05331,11.207805500451565,45.90445431185187,19
baseline_05332,11.583946612576666,46.04989859676194,18
baseline_05333,11.112612676840277,45.71038074029643,19
baseline_05334,11.061978512368608,46.306792894405525,175
baseline_05335,10.756741272074576,46.19578994231908,15
baseline_05336,10.75036728449054,45.95331292939172,21
baseline_05337,10.800338953337041,46.1376449778807,18
baseline_05338,11.222400322016798,45.905473390535235,15
baseline_05339,10.690456744810025,45.86554635451043,18
baseline_05340,10.866593496357943,45.83414171062589,24
baseline_05341,10.551780465087637,45.81608505167219,22
baseline_05342,11.575304305530201,46.0957852380272,22
baseline_05343,10.827840278694651,45.92377075871315,154
baseline_05344,11.531250670378114,46.019778969393705,18
baseline_05345,10.63213350686347,46.35955934049337,23
baseline_05346,11.589637239652127,46.21286101084149,11
baseline_05347,11.19915314486796,46.4761103823391,20
baseline_05348,11.57331672652,46.173462335610864,14
baseline_05349,11.550040127715256,46.309404013251246,21
baseline_05350,11.385415556364228,46.00678906830934,18
baseline_05351,11.761289773286725,46.14390764852602,18
baseline_05352,11.177335263781876,45.89480228757646,20
baseline_05353,11.713603024003664,46.49268883943536,19
baseline_05354,11.452451166540982,46.15051616246809,13
baseline_05355,11.010189341979766,45.89576970390651,74
baseline_05356,10.844619112097002,46.40217495046084,23
baseline_05357,10.470389812304525,45.9851250287835,25
baseline_05358,10.941550679891261,45.87859692267587,40
baseline_05359,11.331379592712453,46.27847313760846,19
baseline_05360,10.540665675459772,45.791525868539445,16
baseline_05361,11.783395547623988,46.293065156294034,24
baseline_05362,11.67595994359977,46.28043977452356,13
baseline_05363,11.218071126548322,46.46478340416314,20
baseline_05364,11.438048313293164,46.114425952654074,30
baseline_05365,11.254148458737854,46.103637854394265,35
baseline_05366,10.557988611552519,45.89830036941265,25
baseline_05367,10.942788971479256,45.78980122485357,31
baseline_05368,11.285541724471896,45.95845692334774,21
baseline_05369,11.869550262313041,46.21334803268567,18
baseline_05370,10.97479837497387,45.68826302418416,29
baseline_05371,11.15410130922353,45.82158441125521,26
baseline_05372,10.53586379969372,46.039704323290515,38
baseline_05373,11.300492306994306,46.12219558503004,23
baseline_05374,11.544980524315013,46.31424245025979,21
baseline_05375,10.644280698686757,46.305099256757934,22
baseline_05376,10.982194131227736,45.780468603986336,31
baseline_05377,11.25637380132761,45.99479543267293,240
baseline_05378,11.204117531891155,46.04220972329435,49
baseline_05379,11.683185764409325,46.439455659015955,22
baseline_05380,10.9235966581694,46.29683989660627,33
baseline_05381,11.575366804399371,46.21126619365603,14
baseline_05382,10.761813570810402,46.302416297577714,61
baseline_05383,11.195143979642573,45.80094695962524,21
baseline_05384,10.807011593009953,46.15312962259836,18
baseline_05385,11.08945903877084,46.09535606390601,189
baseline_05386,11.07129646319297,45.818301902794914,22
baseline_05387,10.982548982938331,46.27394549200241,19
baseline_05388,11.056729849935927,45.8041657106934,23
baseline_05389,11.896929172756415,46.207377908686325,25
baseline_05390,11.39413079182725,46.079989931195634,29
baseline_05391,11.705803336024188,46.24263656183794,16
baseline_05392,11.325603717966995,46.222612205275574,17
baseline_05393,11.223002116187388,46.103467052193636,42
baseline_05394,11.182386284391711,45.93206828492262,21
baseline_05395,10.672109157372162,45.87525943395993,15
baseline_05396,11.757503664335728,46.37106309747282,12
baseline_05397,10.916863881054963,45.937144478093266,33
baseline_05398,11.085562288480544,46.30846476333089,76
baseline_05399,11.023820479461657,45.80392281888262,35
baseline_05400,11.646528359035193,46.04516906535759,26
baseline_05401,10.834050341995384,46.30789196664318,14
baseline_05402,10.990400972870207,45.97987658584688,40
baseline_05403,11.91732811565961,46.24051482004127,39
baseline_05404,10.869752494501775,45.91634240999481,255
baseline_05405,11.688417867584366,46.33211449348018,32
baseline_05406,10.604888969184564,46.283809479345955,25
baseline_05407,11.197016410881137,45.841085974781336,14
baseline_05408,11.283684850871058,46.12978644031391,23
baseline_05409,10.792613876120052,46.255347091692194,44
baseline_05410,11.64399828092468,46.10333307882786,16
baseline_05411,11.757361158296014,46.36641518782636,19
baseline_05412,11.545901036313177,46.12723919358307,22
baseline_05413,10.870983882867165,46.36218245929292,16
baseline_05414,11.064225805472075,46.41792202418259,28
baseline_05415,11.058632018338747,45.94034155655078,44
baseline_05416,11.57605033435567,46.12694458181301,36
baseline_05417,11.127021651233019,46.38515005788409,30
baseline_05418,10.769213658019764,46.46334956226865,43
baseline_05419,11.169502767719983,45.77331456545934,23
baseline_05420,10.613744809315994,46.266263200975494,16
baseline_05421,11.581434645937268,46.18010434773992,16
baseline_05422,11.157102118401344,46.23389730872599,35
baseline_05423,11.079013454598957,46.34437996754656,174
baseline_05424,10.610760570562713,46.21506765690436,51
baseline_05425,11.485065128226285,46.20345368462793,27
baseline_05426,10.948672871553782,45.986535488387084,27
baseline_05427,10.763437777544153,46.049234125962826,29
baseline_05428,10.789758199762806,46.128851195755566,16
baseline_05429,11.845918275068144,46.15293818344571,22
baseline_05430,10.660065766754233,46.07541126294497,12
baseline_05431,11.600942887169365,46.287939519223855,15
baseline_05432,11.15908626980802,46.48615253432901,19
baseline_05433,10.68578656515142,46.44165063385487,56
baseline_05434,10.831839419600522,46.094703168985944,17
baseline_05435,10.63440471018465,45.843150989153266,13
baseline_05436,10.964067743257447,45.8678547004586,44
baseline_05437,11.128059260061512,46.033472198815545,255
baseline_05438,11.756290268162166,46.446736843598,25
baseline_05439,11.278546773353733,46.252395155246944,15
baseline_05440,10.983781021247363,46.41874799417531,21
baseline_05441,11.43610505500478,46.248432574998276,14
baseline_05442,10.895051901348952,46.359629303536025,19
baseline_05443,10.656065130326343,46.4266679104761,68
baseline_05444,10.844328113932928,46.2460689282208,61
baseline_05445,11.112231164256318,46.266465074820104,27
baseline_05446,10.823672534523508,46.40375770088389,18
baseline_05447,10.66676637736493,45.94971630230044,15
baseline_05448,11.803659524663628,46.38117561120511,28
baseline_05449,11.894812070726672,46.23092643328676,22
baseline_05450,10.688674859719203,46.40275143568084,15
baseline_05451,11.513877309281385,46.27054624384959,17
baseline_05452,11.325159918437702,45.92107635013089,27
baseline_05453,11.744187806948181,46.10586750520827,18
baseline_05454,11.831191072547492,46.30818048098698,58
baseline_05455,11.008559307624775,45.73416975838486,21
baseline_05456,11.17165884289279,45.98659555678177,20
baseline_05457,11.672076865443156,46.146003313646226,16
baseline_05458,11.03852018746371,45.92300592747118,157
baseline_05459,10.944435464102211,46.37836624963162,23
baseline_05460,11.205492823361949,45.89614712561643,21
baseline_05461,11.691291874914512,46.17624544742024,12
baseline_05462,11.093432722207046,46.49790487148937,15
baseline_05463,10.935682555398209,45.885141438980234,38
baseline_05464,10.961215786430971,46.313229504735254,27
baseline_05465,11.130523662642158,46.096655143005925,197
baseline_05466,10.999464948727557,45.80599075238821,30
baseline_05467,11.74237882564693,46.22293895539479,12
baseline_05468,11.60392546864491,46.37140987853176,29
baseline_05469,11.14988902715696,45.868196805069516,13
baseline_05470,11.03129596431306,45.80491021395795,34
baseline_05471,11.64069440359011,46.04715438011005,21
baseline_05472,11.617935722268813,46.03659132950266,19
baseline_05473,11.1509709235129,45.79444893927865,24
baseline_05474,10.993154364236622,46.05266916126852,29
baseline_05475,10.998518126434835,46.3657420303552,34
baseline_05476,11.592250767377433,46.08633744055518,22
baseline_05477,10.779268843283997,46.09149126978805,20
baseline_05478,10.915800557786497,45.86921882959955,38
baseline_05479,11.120342819343353,46.379357654073715,27
baseline_05480,11.721917326560416,46.10575194085541,12
baseline_05481,10.942118192718585,46.06770133319704,31
baseline_05482,11.302100925073644,45.9587280729904,20
baseline_05483,11.61623772286672,46.01214161357956,21
baseline_05484,11.231966795585212,45.9311394747991,70
baseline_05485,10.521228900761786,46.03123071130813,20
baseline_05486,11.438175793019223,45.99736363635035,13
baseline_05487,10.764708787407027,46.084230412543704,22
baseline_05488,10.764184321398064,45.9638258906096,30
baseline_05489,11.057783296509866,46.03204744028252,33
baseline_05490,10.66121583665551,46.19218806700985,73
baseline_05491,10.781346032115213,46.12790903771498,17
baseline_05492,11.369713720217526,46.022472033675726,71
baseline_05493,11.24272395980313,46.01124453252577,119
baseline_05494,11.500441200417773,46.34394800117825,14
baseline_05495,10.976160279260279,45.69471467180675,29
baseline_05496,11.618390382048798,46.08081602639513,20
baseline_05497,10.742016031811923,46.23734320960244,57
baseline_05498,10.938117232961067,46.06014309464175,28
baseline_05499,11.565130534292175,46.10311703098111,32
baseline_05500,11.784303877774217,46.10279001780252,16
baseline_05501,10.964298754314338,45.89194465384333,36
baseline_05502,11.111330139054791,45.739078051109935,24
baseline_05503,11.70777351288118,46.12614991886827,11
baseline_05504,10.76951772479528,46.019034989955465,18
baseline_05505,11.60264070075796,46.39189779372407,24
baseline_05506,11.706200567207773,46.233051994041745,12
baseline_05507,11.192542218745148,46.1947730765574,30
baseline_05508,10.70051934858242,46.34331639073499,20
baseline_05509,10.690297055671536,46.43243270292348,42
baseline_05510,11.014069898995666,45.92141329588892,77
baseline_05511,11.093953799376969,46.170548571074626,70
baseline_05512,10.765397497827877,46.40958400263292,13
baseline_05513,10.72438855144529,46.028296850352774,169
baseline_05514,11.904011510538606,46.161993361132176,21
baseline_05515,11.132845213624181,46.43286037519238,38
baseline_05516,11.628253864885869,46.43684656279215,57
baseline_05517,10.892098796318079,45.84342540452033,25
baseline_05518,10.731287161008137,46.39122180299477,40
baseline_05519,10.729459577664375,46.46148880362061,60
baseline_05520,11.021299927208169,45.86543910552438,187
baseline_05521,10.623102412581638,46.36817712711033,40
baseline_05522,10.693763969906271,45.9125423048568,22
baseline_05523,10.787999144589527,46.15698952932576,19
baseline_05524,11.572211542503885,46.32335550398798,24
baseline_05525,10.943294598644732,45.72522167795151,39
baseline_05526,11.783005553253478,46.20254466944833,20
baseline_05527,10.943224501869512,46.274023632989,17
baseline_05528,10.783001221713272,46.193021758951396,22
baseline_05529,10.644383859253539,46.2756007708453,13
baseline_05530,11.037737611375617,45.97225932257652,30
baseline_05531,11.30299180826949,46.04208477549903,32
baseline_05532,10.641692102360281,46.04312482702409,21
baseline_05533,11.086325383561135,46.012748562335084,41
baseline_05534,10.95240545612953,45.82051128979296,81
baseline_05535,11.755869529588333,46.14851093511273,17
baseline_05536,11.583519316216316,46.177257287072614,17
baseline_05537,11.21606183249623,46.14263322614432,39
baseline_05538,11.727817365018302,46.18468720960463,18
baseline_05539,10.702818891558021,46.336615161135704,22
baseline_05540,10.843522157288017,46.16524774831355,37
baseline_05541,10.504463597325843,45.86655199055556,28
baseline_05542,10.742886824251128,45.85031146785032,17
baseline_05543,10.992274956991956,45.707907673375125,26
baseline_05544,11.675165647983064,46.45206809299012,29
baseline_05545,11.668780592004142,45.9688107132536,19
baseline_05546,10.962249924666327,45.9554852386162,18
baseline_05547,10.793654705972452,46.021081270804885,22
baseline_05548,11.213989514185384,46.149731717198925,47
baseline_05549,10.697225535676914,46.40384149724693,17
baseline_05550,11.047552797519748,45.8132565305637,27
baseline_05551,11.264005388850107,45.971190941537905,25
baseline_05552,11.58004872233057,46.135953349169206,29
baseline_05553,11.708498179597205,46.351249166553714,16
baseline_05554,11.630585272138205,46.31916196782717,19
baseline_05555,11.376280389804748,46.201689524179045,16
baseline_05556,10.818867391198843,46.099866744933834,17
baseline_05557,10.75143591120167,46.08671400021655,19
baseline_05558,10.918964330678307,45.99258823463374,31
baseline_05559,10.693980631007452,46.45253795431652,75
baseline_05560,11.032169678482502,46.18492435800335,117
baseline_05561,11.761838787851627,46.22416506242113,18
baseline_05562,11.049681181546784,45.738251499921475,21
baseline_05563,10.798252486213071,46.087140182886806,20
baseline_05564,10.802843382754306,46.01760802838557,22
baseline_05565,10.866213466291395,45.946832888172985,42
baseline_05566,11.460951288470552,46.11043219397773,21
baseline_05567,11.095301566938957,46.05871265549584,98
baseline_05568,11.572806354352236,46.13137748649173,31
baseline_05569,10.857920614304799,46.42513763544934,30
baseline_05570,10.860794408077233,45.83720409680825,25
baseline_05571,10.987901543863485,45.94622486212606,29
baseline_05572,10.861434393060575,46.292013693407846,15
baseline_05573,10.663044957214906,46.17338872426016,29
baseline_05574,10.610919448390213,45.877383456537345,17
baseline_05575,11.723094972692387,46.11794043520207,13
baseline_05576,11.1193097295103,46.461923236935604,143
baseline_05577,11.14858342740837,45.792996226280614,21
baseline_05578,11.017714702906579,46.31046749444573,55
baseline_05579,10.593331338956888,46.141880245621884,79
baseline_05580,11.272053710538021,46.09661977115602,34
baseline_05581,11.10390988292217,46.218255793456365,184
baseline_05582,10.767873754745784,45.87455811865593,25
baseline_05583,10.709241317617767,46.1799957714002,19
baseline_05584,11.295405250462583,45.97761687160133,30
baseline_05585,10.992951032344829,46.204031896484985,33
baseline_05586,10.538550247345132,45.96557719772571,12
baseline_05587,11.534414442589453,46.245320901782065,16
baseline_05588,11.562857847391944,46.12910552156898,36
baseline_05589,11.705309369013719,46.13863712540931,15
baseline_05590,11.112703159018492,46.35561416217019,32
baseline_05591,10.656098728141599,46.35114247912789,13
baseline_05592,11.053269401329608,45.780671471235756,22
baseline_05593,10.913153905483078,45.859271433144336,30
baseline_05594,11.630681515600989,46.42542663370386,38
baseline_05595,10.981462363882251,46.32228020958156,29
baseline_05596,11.257781729356713,45.97622219264549,26
baseline_05597,11.654360065456146,46.47611675380328,62
baseline_05598,11.065107080015569,46.32395837671854,181
baseline_05599,10.823334252017183,45.908146755511034,44
baseline_05600,10.886461567743325,46.16608672211785,74
baseline_05601,11.36684822570748,46.23638552576477,16
baseline_05602,11.048013145338054,46.38807748871305,78
baseline_05603,11.12197959489645,45.78845565828086,18
baseline_05604,11.054180800655574,45.898469177896835,152
baseline_05605,11.719812817154471,46.50110199207295,37
baseline_05606,10.997993505635652,45.83991659617616,225
baseline_05607,10.783941106891335,45.99176271121253,18
baseline_05608,10.755520991452327,46.20547331376329,17
baseline_05609,10.655333003141296,45.929093339240595,17
baseline_05610,11.152639188745962,45.747567123502016,18
baseline_05611,11.346306672795663,46.00172861248817,24
baseline_05612,10.669075489679571,46.090783827037406,16
baseline_05613,10.508507589260365,46.01691299180858,19
baseline_05614,10.782102129413243,46.12507714488316,17
baseline_05615,10.714239312426228,45.90629733393674,22
baseline_05616,11.867418031952026,46.20377981593734,18
baseline_05617,10.879876538062712,45.75299478814255,26
baseline_05618,11.109726848781486,45.79089683921361,23
baseline_05619,10.979352041543105,46.44695866981731,12
baseline_05620,11.161986769047035,46.442512871011324,21
baseline_05621,11.24278944454077,46.082831768938995,50
baseline_05622,11.086993013700006,46.46300792876195,19
baseline_05623,10.767055977892992,45.88877648106067,20
baseline_05624,10.893778867547372,46.209334391537325,68
baseline_05625,10.520186066289922,45.911515389750534,25
baseline_05626,11.099596856151255,45.73261558732305,19
baseline_05627,10.947369292205332,45.96548048702745,23
baseline_05628,11.225022034281206,46.05252925728573,170
baseline_05629,11.19906574457698,46.20229827681184,24
baseline_05630,10.737383910109308,45.930728613017955,21
baseline_05631,10.72826969230071,46.43171354035496,40
baseline_05632,10.885793312200239,45.861409998696075,64
baseline_05633,10.916943826498095,46.33648475669084,29
baseline_05634,10.569683079141607,46.099692373614296,70
baseline_05635,10.783062352657218,45.969927208052596,28
baseline_05636,11.631837630682746,46.357675009431965,17
baseline_05637,11.208988712667267,46.00723343042515,31
baseline_05638,10.838205397797314,46.16339863122325,47
baseline_05639,11.772688273913072,46.33753007372394,29
baseline_05640,11.010707627403265,45.866744620281686,254
baseline_05641,10.854356691262467,46.234418056294224,13
baseline_05642,10.964151652388619,46.10369178411471,17
baseline_05643,10.961602685844106,46.43466527992462,27
baseline_05644,11.179872898296916,46.48452946742243,19
baseline_05645,10.715624420429306,46.009034327930294,16
baseline_05646,10.872947182427852,45.94922860593146,39
baseline_05647,11.657787232390929,46.17310001646789,17
baseline_05648,10.785101977517977,46.131880185155,18
baseline_05649,10.847755122227952,46.04045310890699,24
baseline_05650,10.912521176640126,46.40094107619774,27
baseline_05651,11.41157169169868,46.3068463523162,17
baseline_05652,10.895716251675967,46.0647698259727,46
baseline_05653,10.868838719610624,46.065996198954984,28
baseline_05654,11.050672251140393,45.99558268007184,32
baseline_05655,11.271299414968462,46.06112405170545,38
baseline_05656,11.077733924708344,46.07487092370121,79
baseline_05657,11.478560019293113,46.00635456486784,16
baseline_05658,10.805442996930148,46.148930634462594,17
baseline_05659,11.015305709572223,46.11803029830869,37
baseline_05660,10.542554343699974,46.062362012296354,14
baseline_05661,11.23321874301629,45.96061246157161,24
baseline_05662,11.505853063503919,46.23181614569432,24
baseline_05663,10.890362574634404,45.87602878153056,216
baseline_05664,11.074416056480809,46.431797516137664,24
baseline_05665,10.79646033042967,45.886170847033306,31
baseline_05666,10.855548024435992,46.03827234240505,27
baseline_05667,11.221395083607181,45.85459860745149,17
baseline_05668,11.050942274229929,46.22734328923627,54
baseline_05669,11.063319310204895,46.27571148000455,42
baseline_05670,10.729263520430823,46.02580574780154,23
baseline_05671,11.747725966904401,46.45667547288024,18
baseline_05672,11.135179105374602,46.22943402923651,47
baseline_05673,11.103133207880909,45.86040988480866,18
baseline_05674,11.600149391076448,46.25455965896357,18
baseline_05675,11.163285633567218,45.84941364654034,15
baseline_05676,11.078664748036772,45.934943616324304,44
baseline_05677,11.680632475994617,46.2718687026065,26
baseline_05678,11.213115463566027,46.087106021673506,128
baseline_05679,11.056149135356993,46.311019716351765,56
baseline_05680,10.939603381694825,45.69171091417559,18
baseline_05681,10.660743311472654,46.38546303996372,36
baseline_05682,11.430938589039107,46.155452221621424,15
baseline_05683,11.607803185043354,46.33076178761215,15
baseline_05684,11.275578693326223,46.01820193269175,41
baseline_05685,11.042477053205955,45.833563131263595,38
baseline_05686,11.60479978301208,46.16994265979456,46
baseline_05687,11.675161125860274,46.172930795425735,15
baseline_05688,11.61043683894393,46.110668089342205,15
baseline_05689,11.382294311469748,46.25167905380771,12
baseline_05690,11.308185405111633,46.13435512315814,20
baseline_05691,10.684713634354534,46.27707475063715,11
baseline_05692,10.588818737513032,46.307275174810016,33
baseline_05693,11.845058742016274,46.13210635928311,14
baseline_05694,10.848607523536936,46.021429651604,26
baseline_05695,11.536758363619025,46.181536013933396,20
baseline_05696,11.489929760379415,46.24476723493603,16
baseline_05697,10.878611705208183,46.33957431144582,98
baseline_05698,11.374418215159048,46.032888544982974,23
baseline_05699,10.492664726355805,46.00005976064808,16
baseline_05700,10.723556789423965,46.20353214311627,25
baseline_05701,11.690178769347161,46.05064454154658,18
baseline_05702,11.830568797647722,46.31154283820681,53
baseline_05703,10.872054330408877,46.34926178747732,29
baseline_05704,11.678391627108027,46.27272814198926,26
baseline_05705,11.634715631404752,46.26959978744798,19
baseline_05706,11.164415232869434,46.41264148035579,23
baseline_05707,11.786104978758388,46.12678231274678,20
baseline_05708,11.756904001266806,46.32541250762023,17
baseline_05709,10.687972694948877,46.21547177179465,80
baseline_05710,10.7597429419962,46.11428708217739,189
baseline_05711,11.267053162676586,46.11807519106638,29
baseline_05712,11.809105348611132,46.49943906534393,44
baseline_05713,10.551284875109445,45.8099213475602,45
baseline_05714,11.881032419645688,46.14619107257576,19
baseline_05715,11.710417075319668,46.3975153056672,37
baseline_05716,10.674723613393803,46.1095259299516,18
baseline_05717,11.327525996582748,45.964360707260774,27
baseline_05718,11.30561217280549,46.22474025952179,21
baseline_05719,11.157543069854464,45.90993859004145,45
baseline_05720,10.565895341484486,46.137218728852496,76
baseline_05721,11.091160879733348,46.18237718523282,63
baseline_05722,10.62189516179245,46.18883231793638,15
baseline_05723,11.803202016863866,46.411391796937544,42
baseline_05724,10.711257926383775,46.0790806224194,46
baseline_05725,11.141474544848368,46.21959359463445,40
baseline_05726,11.088588152657687,46.2513469699514,33
baseline_05727,10.782031726154818,46.363642916644835,37
baseline_05728,11.028475376132926,46.23280418801996,29
baseline_05729,10.72206202381472,46.305767266967344,17
baseline_05730,10.89818619792451,46.24223441643635,58
baseline_05731,11.445618194452843,45.99451478751279,13
baseline_05732,11.826051962112738,46.16305766342904,110
baseline_05733,11.064101097057573,46.37507783141494,72
baseline_05734,11.021280907352327,46.327495489668635,127
baseline_05735,10.895782655390494,45.995803008700584,24
baseline_05736,10.653050239011392,46.330772783867836,25
baseline_05737,10.988255139198278,46.27361108224162,21
baseline_05738,11.09407923782169,46.1040120680511,249
baseline_05739,10.571782475279013,46.131155877061616,78
baseline_05740,11.116286764808489,45.9887359387854,41
baseline_05741,11.87462935489028,46.257498768604236,79
baseline_05742,11.777272372343985,46.111571794587896,19
baseline_05743,10.674066552036841,45.97588622660463,27
baseline_05744,11.535076035473145,46.061465691429305,121
baseline_05745,11.205106184307079,46.11823808745401,132
baseline_05746,10.86980227616151,46.28556658337806,13
baseline_05747,10.510272729705465,46.019715345385954,18
baseline_05748,11.152506792691925,46.33989723053943,14
baseline_05749,11.33058223786322,46.160538570395616,15
baseline_05750,11.184243173225477,46.45680146469602,18
baseline_05751,11.792807702027833,46.45138964467781,18
baseline_05752,10.839782263832415,46.19312577521457,12
baseline_05753,11.03673290367291,45.815470769505396,31
baseline_05754,11.072650948354687,46.20607168752345,39
baseline_05755,10.561982122588098,46.063130516620944,47
baseline_05756,11.85919980999753,46.174696349057974,17
baseline_05757,10.719460787365396,46.44060384543664,53
baseline_05758,11.834119259604869,46.19172393530783,128
baseline_05759,11.889310574642323,46.14437939056876,21
baseline_05760,10.777491190662712,46.319281356518395,34
baseline_05761,11.056167734320075,46.11565509724505,58
baseline_05762,11.524903594315429,46.06075206595722,169
baseline_05763,10.735126205030395,46.46109673107904,52
baseline_05764,11.10754480443244,45.931871043144184,34
baseline_05765,10.82541159320878,46.124621503479716,22
baseline_05766,11.671981182937564,46.442902634607336,16
baseline_05767,10.75453890710352,46.126933926092455,120
baseline_05768,10.73861317151422,46.33041211562626,14
baseline_05769,10.673951603336526,46.20354029112695,79
baseline_05770,11.649216526045487,46.3104178098172,16
baseline_05771,11.767504997637388,46.30172832650203,16
baseline_05772,10.630770677815473,45.84844943385952,19
baseline_05773,11.678096058663332,46.099258750783136,17
baseline_05774,10.682277475898111,46.21956362136785,79
baseline_05775,11.345627639629717,46.13748477250102,17
baseline_05776,11.031888185261653,45.81029541044119,31
baseline_05777,10.728117630478815,45.962601274716334,22
baseline_05778,10.802856025397986,46.16336000666411,25
baseline_05779,11.184057964056343,46.03983817058626,56
baseline_05780,11.834966018877386,46.161774996031106,22
baseline_05781,11.011158458204346,46.132153365747754,19
baseline_05782,11.069270558897365,45.7593175205996,17
baseline_05783,11.247069532759118,46.164773476357595,23
baseline_05784,10.698986275063797,45.86686833253105,17
baseline_05785,10.561787478098038,45.83988722668523,128
baseline_05786,11.201764245801211,46.09939804460664,49
baseline_05787,11.321702813587898,46.24336722587546,19
baseline_05788,10.956028250445293,46.207904830512504,61
baseline_05789,11.714800113885548,46.18692225338008,16
baseline_05790,10.559431020165308,45.84341804921916,93
baseline_05791,11.183755819184022,45.853474511898675,14
baseline_05792,10.513104206032512,45.92942997205217,28
baseline_05793,10.729925871469936,45.92569100645748,23
baseline_05794,11.129789278098334,46.14591787589146,95
baseline_05795,11.10365286240388,46.054723689030894,122
baseline_05796,10.646574581358207,45.86682905542588,18
baseline_05797,11.788864531680876,46.26795719498062,16
baseline_05798,11.16284429417735,45.94928510113929,25
baseline_05799,11.626531456531422,46.19610937536201,12
baseline_05800,11.640180363820502,46.21466680290616,14
baseline_05801,10.587899387143429,46.27075128685918,67
baseline_05802,11.26522786092411,45.97144354010867,25
baseline_05803,10.857021579018564,46.0027652589142,26
baseline_05804,11.68174513850932,46.15313833105142,12
baseline_05805,10.975349985146295,46.31110283320232,24
baseline_05806,10.937047602021378,46.391253699400444,26
baseline_05807,10.845824261863356,46.2907388225358,17
baseline_05808,11.387498119964162,46.24838716564047,12
baseline_05809,10.828156807339532,46.24608928019923,22
baseline_05810,11.195263077965862,46.079551158164016,75
baseline_05811,10.823554913847884,46.38584046964762,19
baseline_05812,11.60198023561581,46.19258798580301,13
baseline_05813,11.643253688761764,46.14246129623325,24
baseline_05814,10.721409998632947,46.36467794552515,21
baseline_05815,11.030188043221333,46.33429116207861,243
baseline_05816,11.611105253106084,46.308030306233604,140
baseline_05817,11.834912928535745,46.14078952621362,20
baseline_05818,11.40137670302355,46.26928611060106,20
baseline_05819,10.483990423746086,46.05548458173026,28
baseline_05820,10.938157893796916,46.19591986562827,59
baseline_05821,11.029459291829708,46.2681472637316,34
baseline_05822,10.759949284546,45.87649507712154,16
baseline_05823,10.536033552534658,45.836190475678464,31
baseline_05824,11.736219025206777,46.10565102874923,14
baseline_05825,11.61328314007173,46.04446279094424,22
baseline_05826,11.366296219774453,46.088301712404494,30
baseline_05827,11.91570374727339,46.18602821995221,12
baseline_05828,10.629676546229648,46.27437690371256,14
baseline_05829,11.694406489811666,46.2140875132003,13
baseline_05830,10.571331678792825,45.844636222942846,161
baseline_05831,11.041032115256693,45.759107583123544,21
baseline_05832,10.95868663758505,45.90999619504798,42
baseline_05833,10.963547125545714,45.7133342240021,20
baseline_05834,10.698446352608668,46.01636802817142,20
baseline_05835,11.349499109762572,46.0197546774553,28
baseline_05836,10.898236835464969,46.064091273654554,46
baseline_05837,10.673869962814658,45.942564314321274,16
baseline_05838,11.35949941028085,46.077477162630295,25
baseline_05839,10.864049296604453,46.28459282120963,14
baseline_05840,10.899743299719862,46.29770299552868,18
baseline_05841,11.57895621988349,46.38067915242613,33
baseline_05842,11.323183729657469,46.035191872610945,27
baseline_05843,11.649613395842,46.364363632815476,101
baseline_05844,11.06769046844533,45.886358815515656,247
baseline_05845,11.514340659435268,46.16851269934608,16
baseline_05846,11.032829086402945,46.30927541370002,44
baseline_05847,10.907207136555627,45.78446532689472,30
baseline_05848,11.186599617419459,46.15071232378755,62
baseline_05849,11.129593508453807,45.85873413493876,15
baseline_05850,11.038711821386219,46.01804026098452,30
baseline_05851,10.951674951407107,46.37184228758317,25
baseline_05852,11.050114006146588,46.04615747069609,29
baseline_05853,10.584729556598587,46.21760208635931,73
baseline_05854,11.750685871316218,46.17747881051583,17
baseline_05855,10.656521590264493,46.19611731705259,76
baseline_05856,10.96424661985363,46.26514559283557,13
baseline_05857,11.61142611704321,46.0686039001027,170
baseline_05858,11.012677918185341,46.07498882946923,24
baseline_05859,10.62156378425,46.23134751066071,50
baseline_05860,10.734192466164298,46.01041775917116,19
baseline_05861,11.102340279488839,45.78731083048761,19
baseline_05862,11.682930214251703,46.096928154092296,18
baseline_05863,10.898247625101972,45.94956720355764,146
baseline_05864,10.93411979786151,46.315557655871146,23
baseline_05865,10.883198346796972,45.9561878861322,38
baseline_05866,11.537367079354976,46.184877398471635,20
baseline_05867,10.9776824142317,45.9742629213091,42
baseline_05868,10.771486761789623,46.43524902614602,23
baseline_05869,11.729064896471955,46.32839350504029,24
baseline_05870,11.053629426387195,46.02222040138799,29
baseline_05871,11.761826102530822,46.186490219403524,29
baseline_05872,11.197417970130925,46.0986870995582,51
baseline_05873,10.92788791397971,46.02330145343147,36
baseline_05874,11.069115902850495,46.37034489356035,102
baseline_05875,11.091273935536332,46.05791792440053,85
baseline_05876,10.89984422141363,46.41579000486453,22
baseline_05877,10.68523465794313,46.03551428519412,17
baseline_05878,10.749400253514334,46.36081155649368,41
baseline_05879,10.547202995452874,46.106365250686345,67
baseline_05880,10.493252476873725,45.99496537367419,12
baseline_05881,11.118709236527833,46.25725884160611,28
baseline_05882,11.091560269890572,45.97122653560654,255
baseline_05883,11.116924663523786,45.726058453265665,36
baseline_05884,10.64699415466268,45.89277816662098,18
baseline_05885,10.565580147653684,45.8838624088806,22
baseline_05886,10.945259680966997,46.05335273010906,29
baseline_05887,10.853039257247046,46.283291431281455,16
baseline_05888,11.004127069554302,45.756366946707175,255
baseline_05889,11.678281996813306,46.27016644618703,26
baseline_05890,10.572979967172662,46.225944366766406,73
baseline_05891,11.244834708823802,46.167962847070726,24
baseline_05892,11.053210560551694,46.50243592099298,16
baseline_05893,11.063416316806103,45.85763849490491,47
baseline_05894,10.950849594999177,46.43426815925088,22
baseline_05895,10.939023756515255,46.19522546764811,60
baseline_05896,10.85076560825015,46.24965657125858,13
baseline_05897,11.147088817237695,46.14332742107591,66
baseline_05898,10.526489985201774,45.83263104695156,23
baseline_05899,10.819109876779295,46.31463333261589,99
baseline_05900,11.174676297596704,46.08062888133585,73
baseline_05901,11.556506810305418,46.13913173568074,20
baseline_05902,11.42259607401756,46.15771233706574,15
baseline_05903,10.69985578605177,46.19195404585343,54
baseline_05904,11.105518051547863,45.88093830245824,32
baseline_05905,10.738695240307907,46.37595289912999,26
baseline_05906,11.494824077304534,46.19215566794045,20
baseline_05907,11.1758685932101,46.3490762371507,24
baseline_05908,10.653509170013002,46.15931265069115,11
baseline_05909,11.60492145897349,46.3743163699521,29
baseline_05910,11.864268019445614,46.44338150662151,74
baseline_05911,11.147365652028157,46.20386011526987,60
baseline_05912,10.701963820072274,46.08006973609713,20
baseline_05913,10.69307509180345,46.29298973480083,90
baseline_05914,11.762597060194217,46.23344486610954,20
baseline_05915,10.522801208035453,45.87784424084609,21
baseline_05916,10.727678701040901,46.167664253245384,14
baseline_05917,10.550784372540768,46.20346084457753,80
baseline_05918,10.796550324659655,46.35960667677717,39
baseline_05919,11.232074464282249,45.92518511277725,18
baseline_05920,10.773082625308524,45.928270848277315,21
baseline_05921,11.448961848589821,46.192969017117555,12
baseline_05922,10.952815942184687,45.9490523011824,18
baseline_05923,11.12074324393401,46.048260410893846,255
baseline_05924,11.494103452057221,46.20818180042644,26
baseline_05925,11.709532919568602,46.351199517904924,17
baseline_05926,10.685932698457353,46.33817171483054,17
baseline_05927,11.105532125756122,46.21083205548598,197
baseline_05928,11.629085057726234,46.4587281863556,51
baseline_05929,11.196571560133155,46.07494454339667,59
baseline_05930,11.077845145346265,46.29733059987764,255
baseline_05931,11.212674871250297,45.93456132327287,21
baseline_05932,11.697075486214706,46.223645473797774,12
baseline_05933,10.86044171503968,46.253823977306844,12
baseline_05934,11.598160325669387,46.108405295613274,18
baseline_05935,11.098782272689226,46.0343518703429,75
baseline_05936,11.013014527602277,46.469388079180376,20
baseline_05937,10.693750896866979,46.39779255877318,15
baseline_05938,10.82246775160663,46.021096617310626,43
baseline_05939,11.668009581974795,46.242609272155896,15
baseline_05940,10.991231573250278,46.40138797351175,23
baseline_05941,11.0740015408802,45.73391645113094,20
baseline_05942,11.351029359335403,46.22826948566868,12
baseline_05943,10.767716921231207,46.122494091339725,21
baseline_05944,10.780894714483882,46.17785120272657,15
baseline_05945,11.615477648501598,46.25725917972367,21
baseline_05946,11.09760656608601,46.17974591750097,67
baseline_05947,10.92590203681187,46.41844162490553,14
baseline_05948,10.765709893130383,46.38125700433057,17
baseline_05949,11.6230350103219,46.048347369757295,25
baseline_05950,10.788209621332346,46.18077837372398,14
baseline_05951,10.604539951174319,46.29098638530732,24
baseline_05952,11.258361517591208,46.23276615126758,18
baseline_05953,10.95001360016004,45.920868398481254,33
baseline_05954,10.727817086622423,46.060313563955134,22
baseline_05955,10.743914103868617,46.18172522926828,23
baseline_05956,11.701032209518806,46.472089213335245,19
baseline_05957,10.696340625315086,46.01494958447026,20
baseline_05958,11.148733984472848,46.106406403521746,121
baseline_05959,11.194958299946586,46.401641919240696,18
baseline_05960,11.621937851704851,46.1256224250373,14
baseline_05961,11.132353175725166,46.22592220917104,48
baseline_05962,10.890464026683121,46.00655532451648,22
baseline_05963,11.5448753296705,46.167924798911805,15
baseline_05964,11.011243522180864,45.93603381089412,40
baseline_05965,11.581517525150407,46.16742577332179,25
baseline_05966,11.478577469316274,46.116124763754314,15
baseline_05967,11.489529881842003,46.209210915646786,24
baseline_05968,10.743444598199888,46.256295461243816,38
baseline_05969,10.68508650437397,46.01260974297308,22
baseline_05970,10.632464698698406,46.394903302454026,79
baseline_05971,11.082397129154446,46.00333677516484,32
baseline_05972,10.93960138405471,46.447767382948506,40
baseline_05973,11.558649339780263,46.261553741760345,14
baseline_05974,11.066039168699707,45.911807715881416,129
baseline_05975,11.206389093124898,46.470063592548364,20
baseline_05976,11.587581781786346,45.981215631970166,18
baseline_05977,10.96215001822563,46.34973213074982,16
baseline_05978,11.07898932157683,46.12957833926641,237
baseline_05979,10.652800690728391,46.26061575124914,11
baseline_05980,10.992112459824824,46.02959958922825,25
baseline_05981,10.985294995891799,45.95250501497528,22
baseline_05982,10.684695196204412,46.4399447733349,46
baseline_05983,11.615123525922348,46.179273776154794,38
baseline_05984,11.165674247846502,45.927568661803186,21
baseline_05985,10.669308322144866,46.402317450549894,38
baseline_05986,10.75691721665261,46.128141150402385,120
baseline_05987,11.71581567908476,46.378707615038465,23
baseline_05988,11.762290081414717,46.300954666968885,13
baseline_05989,11.068844685024258,45.71207508352177,16
baseline_05990,11.22667989405878,46.02657957588951,76
baseline_05991,10.714079672199167,46.35869262922432,16
baseline_05992,10.954908303830512,45.714594932943314,21
baseline_05993,11.37588006832905,46.132777849738595,13
baseline_05994,11.77042818038874,46.3151628084025,14
baseline_05995,10.773344483608463,46.247438002474524,44
baseline_05996,11.170690881241146,46.08986980954445,73
baseline_05997,11.72810640868046,46.37929844230613,25
baseline_05998,11.322092040623073,46.09175163132003,15
baseline_05999,10.683109552725286,45.904017245231906,23
baseline_06000,10.769044948870611,46.00768021808816,18
baseline_06001,10.93223216762216,45.70919823508931,27
baseline_06002,10.761339454296484,46.32101491748146,17
baseline_06003,11.022668077366946,46.26750421447149,32
baseline_06004,10.90410778158269,46.11107171456208,33
baseline_06005,10.788723647328023,45.888954465895885,28
baseline_06006,11.703564171560815,46.327687561155614,22
baseline_06007,11.105079591707108,45.81787943379329,26
baseline_06008,10.519116834884686,45.87351741901782,28
baseline_06009,10.953909795590643,45.91403006775494,37
baseline_06010,10.741045844921908,45.941394014706994,16
baseline_06011,11.57624309005037,46.244869936926065,24
baseline_06012,11.16394545389668,46.13098549747614,56
baseline_06013,11.147496376708489,46.197280631303784,54
baseline_06014,10.918620759918666,46.11455186225771,41
baseline_06015,11.094753643820152,45.90279463054454,32
baseline_06016,11.825418612630429,46.12246158475102,14
baseline_06017,10.869815074780433,46.163638560586186,71
baseline_06018,10.692651899234663,46.22914166920278,80
baseline_06019,11.100799324521674,46.306665256800905,39
baseline_06020,10.99691796375641,46.14478762365877,14
baseline_06021,11.534444448860265,46.32379584643733,24
baseline_06022,10.702580821245807,46.034129951934155,16
baseline_06023,11.178145929856266,46.47118417241758,18
baseline_06024,10.76910846815184,46.4034154084555,15
baseline_06025,11.122083141036695,46.27480899831174,32
baseline_06026,11.032197322823956,45.82924015290985,39
baseline_06027,11.343994323180489,46.23817380693625,14
baseline_06028,11.422373271346284,46.25897179929134,14
baseline_06029,11.60683942722193,46.07606243850639,23
baseline_06030,11.208489564692018,45.92653211224193,22
baseline_06031,10.673781374577478,46.00100891379811,19
baseline_06032,10.998759851308062,45.9652266193738,22
baseline_06033,10.924129462112557,46.20863064814079,55
baseline_06034,11.087272786602611,45.804268753336636,18
baseline_06035,10.653896091316387,46.29643270960193,16
baseline_06036,10.784632315517815,46.080378902874756,20
baseline_06037,11.13244192115942,46.105177382408606,129
baseline_06038,11.47836827022624,46.16592431030009,28
baseline_06039,11.604655133882181,46.04137540957786,23
baseline_06040,11.696819407750041,46.42372796655879,44
baseline_06041,11.531477405065347,46.212785134111584,39
baseline_06042,11.128984195111894,46.250126374688755,36
baseline_06043,11.647180596690735,46.034757246594594,23
baseline_06044,10.926472288576308,45.847072990692595,23
baseline_06045,11.779306524631604,46.14135543336687,16
baseline_06046,11.135648997172131,45.853615357465536,18
baseline_06047,11.228936413138252,45.97628551036022,23
baseline_06048,10.550094484165076,46.097887948643894,54
baseline_06049,11.603439609415464,46.212355161713894,11
baseline_06050,10.705453851941558,46.38403378439657,15
baseline_06051,10.769578136721206,45.89958597427359,27
baseline_06052,11.225217473170426,46.02641844751126,76
baseline_06053,11.054319416011868,45.80269905322116,29
baseline_06054,11.34901303333958,46.258865657379324,17
baseline_06055,11.640065060316939,46.19122913489007,14
baseline_06056,11.2422393567157,46.00572415394327,246
baseline_06057,11.442648089207179,46.328676399496445,20
baseline_06058,11.673404240912014,46.23099375937326,19
baseline_06059,11.190062685290414,46.46027427191935,17
baseline_06060,11.038352839611022,46.32696223127226,133
baseline_06061,10.631092318644217,46.06397064000725,28
baseline_06062,10.651535951086743,46.086649933786966,18
baseline_06063,10.673861674437008,46.15012132772656,13
baseline_06064,11.037745977439279,46.19472843160667,27
baseline_06065,10.801104134741427,45.90932862132657,30
baseline_06066,11.519351452575792,46.24294807787501,14
baseline_06067,11.735513802339716,46.24174325707567,23
baseline_06068,11.369850397165695,46.06348879234539,22
baseline_06069,11.147444707462071,46.20116942862104,51
baseline_06070,11.754720820745893,46.34632938078703,42
baseline_06071,10.740742397797115,45.97763672978674,21
baseline_06072,11.126068833919016,46.36131820499279,24
baseline_06073,11.120280421894995,46.30916526338808,129
baseline_06074,11.609235108396241,46.39529351493789,16
baseline_06075,10.60349120561999,45.95609492765567,21
baseline_06076,11.407092175807424,46.25894031785841,14
baseline_06077,11.611787401262168,46.05132329112539,25
baseline_06078,11.424587672106384,46.124282372537024,25
baseline_06079,11.38555361437858,46.253913740013516,11
baseline_06080,11.568763995255544,46.11721235673292,38
baseline_06081,10.51974735861975,45.98910388041139,15
baseline_06082,11.221251238928675,45.85284605278263,17
baseline_06083,10.918328019817553,46.08867102394106,24
baseline_06084,10.606894107829266,45.80394346786859,15
baseline_06085,10.794841135088964,46.23040934338265,23
baseline_06086,10.939680781179955,45.71520412282831,26
baseline_06087,10.624157377860623,46.21286928198634,55
baseline_06088,11.126548644412203,45.718831677046666,34
baseline_06089,11.400199991521376,45.98008585892171,14
baseline_06090,11.226201908799293,45.89943978292491,15
baseline_06091,11.927041483607667,46.16703919123418,51
baseline_06092,11.091577936275792,46.409366281455284,29
baseline_06093,10.55249888818167,45.860323176934806,27
baseline_06094,10.655701254969044,45.94751765457686,17
baseline_06095,10.782466415003856,46.10175580757929,20
baseline_06096,11.005161255920747,46.2805073046792,24
baseline_06097,10.694152610816698,46.45563250400402,78
baseline_06098,11.463338283323319,46.242769821192006,15
baseline_06099,10.804961680819876,46.110731546129486,18
baseline_06100,11.452052359576106,46.22555486241104,13
baseline_06101,11.743065404550485,46.30628621475519,15
baseline_06102,10.556394590800672,45.97131124096729,16
baseline_06103,11.568334162459399,46.13524658514959,28
baseline_06104,10.765357630022217,45.92372443644724,20
baseline_06105,11.032728409406575,46.07795796800871,36
baseline_06106,10.636998788429107,46.311982658380416,37
baseline_06107,11.31672261498071,46.14146147764108,15
baseline_06108,11.847012871989605,46.19736396934911,26
baseline_06109,11.09374767966799,46.05302226465704,89
baseline_06110,11.455852381204393,46.020796868696834,21
baseline_06111,11.285769717702145,46.22813319834667,19
baseline_06112,11.876383926460715,46.43948563455207,69
baseline_06113,10.601575508950276,46.350453937445096,32
baseline_06114,10.90516032019288,45.90808692695076,91
baseline_06115,11.18764433558946,46.059727327137395,61
baseline_06116,10.641595859008667,46.0212945656276,13
baseline_06117,11.905011669389742,46.21857194428813,17
baseline_06118,11.321006780830952,46.22837337182982,15
baseline_06119,11.032985468117952,46.377492894887865,50
baseline_06120,10.628302792658314,46.4390137131462,80
baseline_06121,11.08003347217538,46.06202518645076,81
baseline_06122,10.638180930941015,46.314773413490464,35
baseline_06123,11.677764225525117,46.46570279927602,30
baseline_06124,10.655270309617714,46.403177225582,52
baseline_06125,10.645570249531454,46.2578253767356,12
baseline_06126,11.113420702291213,46.037043107955675,255
baseline_06127,10.78560455528755,46.03497809917833,15
baseline_06128,10.993124725237289,46.309710886324716,22
baseline_06129,11.061890100615607,45.9088528238855,129
baseline_06130,10.822774356433476,46.41119160771703,28
baseline_06131,10.54686958345053,45.93439785935665,17
baseline_06132,11.04957495241683,45.98295539232002,28
baseline_06133,11.674284102321861,46.372663956038465,16
baseline_06134,10.618436494834492,46.00294025073395,27
baseline_06135,11.191817895417802,45.78317576697206,32
baseline_06136,10.78179494415293,46.16110975697762,19
baseline_06137,11.633937358656016,45.97969335575811,16
baseline_06138,10.728202596019699,46.26234964011024,18
baseline_06139,11.019629173513614,46.43050400090562,18
baseline_06140,10.520153283310512,45.858949232630124,20
baseline_06141,11.748773290516137,46.354821169387115,31
baseline_06142,10.957533735799062,45.72752719831191,30
baseline_06143,11.629696747949383,46.46883401970963,56
baseline_06144,10.838642810247872,46.14538140278822,65
baseline_06145,11.178970085468128,45.82818613250232,20
baseline_06146,10.816561423051999,45.87365234988891,41
baseline_06147,10.83391910304888,45.98355811693374,13
baseline_06148,11.023166159567227,46.30847888147942,229
baseline_06149,10.893919692464774,46.38634281724836,25
baseline_06150,10.84603926763891,46.345234454279534,31
baseline_06151,11.14404098865409,46.117625524985726,89
baseline_06152,11.342921711135673,45.945381994229194,31
baseline_06153,10.938965631763443,45.882628290233576,38
baseline_06154,11.200777030331786,46.04742537282865,50
baseline_06155,10.59534687627693,45.840014540559345,23
baseline_06156,11.544497701379084,46.133843982383155,15
baseline_06157,10.797889870646882,46.086936756738645,20
baseline_06158,11.075406024637838,46.21589890868562,37
baseline_06159,11.141199803687538,45.711864726741915,35
baseline_06160,11.466401828015199,46.215515679729954,19
baseline_06161,10.93572213807588,45.931943660969175,25
baseline_06162,10.951711786579402,46.063506082679986,29
baseline_06163,11.75694539283651,46.37989973033726,25
baseline_06164,10.502417621098662,45.831728526893535,23
baseline_06165,11.104385955204146,45.96123103567746,31
baseline_06166,10.94532565235844,46.38761912348634,21
baseline_06167,10.706286809225118,46.31016767835155,16
baseline_06168,10.596976888040466,46.350906129966404,35
baseline_06169,10.49345694708628,46.02455424050999,39
baseline_06170,10.507595664341988,45.94385254670007,40
baseline_06171,10.83906059448457,46.308133287851234,14
baseline_06172,10.64932524352655,46.24474206091222,30
baseline_06173,10.523492223389791,45.99782276999586,15
baseline_06174,11.454115971026274,46.20096797112704,17
baseline_06175,10.915576488000259,45.86522440994175,38
baseline_06176,10.60481857610625,45.8688352013201,19
baseline_06177,10.9118483145668,46.10346598086578,36
baseline_06178,10.902968655464678,46.36457931940887,25
baseline_06179,11.372780901710401,46.04118919299187,23
baseline_06180,11.225628949548506,46.042223096847856,172
baseline_06181,10.856474963765338,46.31405794270342,19
baseline_06182,11.554461365908557,46.17464161522737,19
baseline_06183,10.99089782946995,46.04898974935582,25
baseline_06184,11.13773972660072,46.249199228035316,29
baseline_06185,10.818529175836044,46.24218888623979,19
baseline_06186,11.28325467508427,46.210547971587275,21
baseline_06187,10.72010464720482,46.07877943856532,87
baseline_06188,10.802743998496283,46.02103459094889,21
baseline_06189,10.720431998115117,46.002869919192676,15
baseline_06190,10.954502070155822,46.40148529243624,16
baseline_06191,10.856306358715393,46.330063563739586,28
baseline_06192,11.041468831658005,45.80852101179782,30
baseline_06193,11.641852007190188,46.42322592168876,23
baseline_06194,11.22396454759847,46.20581873199338,23
baseline_06195,11.081452774011712,45.931043927134866,44
baseline_06196,10.8549316600363,46.346170835902136,27
baseline_06197,11.010331169980079,45.88723310687733,100
baseline_06198,11.734696061902309,46.273239479988426,31
baseline_06199,10.692773429365513,46.42823168278979,42
baseline_06200,11.53935036886389,46.246534760982954,15
baseline_06201,10.962883233014198,46.155588633311424,16
baseline_06202,11.50772288706865,46.274736629985966,19
baseline_06203,11.068108832336375,46.32822169426093,172
baseline_06204,11.782582151291086,46.16882985769962,19
baseline_06205,11.793957457849187,46.31622089114179,15
baseline_06206,10.684981790444184,45.84709271229967,16
baseline_06207,11.828031590100219,46.322276965997744,42
baseline_06208,11.169468319712156,45.80761626178605,35
baseline_06209,11.143554783863902,46.22755763221396,42
baseline_06210,11.577519367169183,46.14342519312546,27
baseline_06211,10.79149337901611,45.9063631762904,23
baseline_06212,11.280810978246118,46.1031339447112,30
baseline_06213,11.100501738025633,46.248111051536014,31
baseline_06214,11.046317330373578,46.13598267023768,49
baseline_06215,10.899394682369028,46.07748161616249,62
baseline_06216,11.417348928225678,46.20265553399742,14
baseline_06217,11.588250792769275,46.32566498525315,16
baseline_06218,11.470061735484332,46.10303225248472,20
baseline_06219,11.168203547664778,45.99933569431028,30
baseline_06220,11.164497372735953,45.81569493428232,25
baseline_06221,10.596344220196913,46.13418109737595,78
baseline_06222,11.092112462842529,46.08744638487719,114
baseline_06223,11.557834510747883,46.16646791599171,18
baseline_06224,10.748975746583898,46.333661770438304,19
baseline_06225,11.634998452881801,46.05308085616044,33
baseline_06226,10.730069443834465,46.22547857954966,41
baseline_06227,11.718581922619338,46.31684674171755,15
baseline_06228,11.039223615862685,46.27716364652244,39
baseline_06229,10.972564361156381,46.02163123061819,26
baseline_06230,10.469347301709746,46.01298834119029,45
baseline_06231,11.317259694329802,46.1077924741176,21
baseline_06232,10.618124743199507,46.2251232012837,68
baseline_06233,10.893498120209056,46.06868694707354,67
baseline_06234,11.389412543967358,46.06123205965052,23
baseline_06235,11.46768120510664,46.02699390046686,23
baseline_06236,10.948642374945514,46.189040091722994,35
baseline_06237,10.61449761574722,45.97384433411141,27
baseline_06238,11.058486287726517,46.2908266255492,45
baseline_06239,10.575022149444772,45.867627940162194,30
baseline_06240,10.863352235656922,45.90674457505225,255
baseline_06241,11.171608794898647,46.24564035418001,137
baseline_06242,11.710881102699055,46.237819605947706,13
baseline_06243,10.762056292360928,46.26264385288325,31
baseline_06244,11.758834211978417,46.097467584563944,19
baseline_06245,10.831433361458268,46.14114711340391,39
baseline_06246,10.879591766883442,46.23580796284608,42
baseline_06247,11.343932966912499,46.2385963058699,14
baseline_06248,10.922832244565162,46.446124562619865,41
baseline_06249,10.696241217635313,46.457214741837845,77
baseline_06250,10.67958315583108,46.15612901602499,11
baseline_06251,11.784098938084112,46.40677804179154,32
baseline_06252,11.804670989842265,46.47672640534791,27
baseline_06253,10.90895421836161,45.897485944149906,45
baseline_06254,10.934465297590103,45.737110576795565,184
baseline_06255,10.544930424204837,46.084076067690475,26
baseline_06256,11.717078590370638,46.47122792557572,17
baseline_06257,11.02949108420203,45.74154075402951,19
baseline_06258,11.200724588069043,45.84772081024641,15
baseline_06259,10.65648530198958,46.279653016745705,15
baseline_06260,11.332832948867235,45.93903557293174,22
baseline_06261,10.903985163932747,45.79046722068965,28
baseline_06262,11.61930308993601,46.19548245753465,12
baseline_06263,11.222724955516389,46.09508980757595,46
baseline_06264,10.897172487342393,46.04162486373054,30
baseline_06265,11.324718885175717,45.919106259684156,27
baseline_06266,10.978423090604037,46.42721806914332,22
baseline_06267,10.56721437688679,45.87713040249742,27
baseline_06268,11.10681085403744,46.242204880048526,41
baseline_06269,11.039126399175636,46.022543412329654,27
baseline_06270,10.834795188898857,45.96910448156986,20
baseline_06271,10.704807966526094,45.95085251397431,21
baseline_06272,11.596723987720504,46.10024103851732,20
baseline_06273,10.923341854611705,45.73742423853059,26
baseline_06274,10.662073142539692,45.98535323919781,114
baseline_06275,11.18719930740362,46.36850929127234,15
baseline_06276,10.869004686780617,46.12506875709521,56
baseline_06277,11.365374626296804,46.108701210352216,15
baseline_06278,11.935573481773961,46.187149389807075,15
baseline_06279,11.134115252169506,46.48063598813925,23
baseline_06280,11.002155443809668,46.10713759679851,34
baseline_06281,11.791368665057455,46.40550669923378,46
baseline_06282,10.730504309301262,46.22178608604095,41
baseline_06283,10.582753690532098,45.80710710900413,20
baseline_06284,11.062799389604741,46.32695924352658,158
baseline_06285,10.998475065695608,45.988513664985234,25
baseline_06286,10.843435279473036,46.424625682815375,24
baseline_06287,11.171869975627821,46.243449744328075,28
baseline_06288,11.68849558544001,46.11090363606461,18
baseline_06289,11.510278181316718,46.05571138326811,207
baseline_06290,11.672807904683989,46.42719246583175,24
baseline_06291,11.35781564466278,46.2511731985175,13
baseline_06292,10.664773956678902,46.078620024101625,16
baseline_06293,10.706741278114892,46.104244347308324,21
baseline_06294,10.620365533846142,45.97493675442868,26
baseline_06295,10.798688239888536,46.14786531240285,16
baseline_06296,10.725594691206423,46.15117886463322,17
baseline_06297,10.881076272391569,46.1339613833487,75
baseline_06298,11.163760357450323,46.418056944061064,23
baseline_06299,11.246792436204592,45.98073560296528,30
baseline_06300,11.367620373215757,46.18509459751823,17
baseline_06301,10.857009559995124,46.193562182216034,13
baseline_06302,10.62716526343934,45.99373265268343,22
baseline_06303,11.63312241173901,46.27888379778522,13
baseline_06304,11.423713109327268,46.18212976469189,13
baseline_06305,10.995089687040874,46.09381295092773,30
baseline_06306,11.933412465705596,46.187932718034226,15
baseline_06307,11.15366776110644,45.87953500484787,30
baseline_06308,10.644995947071692,46.13774558755306,23
baseline_06309,10.905538035212224,46.207944344065,77
baseline_06310,11.826899153570736,46.28556215198992,69
baseline_06311,10.949838470827974,45.93202106576669,24
baseline_06312,10.64291420741164,46.32841363614399,24
baseline_06313,10.887010715166653,46.433073593327926,27
baseline_06314,10.580609287654944,46.11150177317886,78
baseline_06315,11.29128964666513,46.197780123548405,14
baseline_06316,11.154117752040479,46.1762239587226,48
baseline_06317,10.787434522103924,46.2411414563406,32
baseline_06318,11.547970088406693,46.291092654875,28
baseline_06319,10.814069625032914,46.29261688450887,17
baseline_06320,11.682316368981153,46.1481538171412,14
baseline_06321,11.636887627591582,46.1823945330484,17
baseline_06322,10.914539867529658,46.33361197251724,20
baseline_06323,11.712217702904688,46.191328566558106,13
baseline_06324,11.10164907009246,46.22133986466472,50
baseline_06325,10.683667904364754,46.195624306617084,80
baseline_06326,10.953057691402918,46.068285387314084,29
baseline_06327,10.8049719491388,46.323281478484255,21
baseline_06328,11.013021144033157,46.44158407134302,210
baseline_06329,10.57757586105951,45.946699970228835,12
baseline_06330,11.123150821577738,45.7530635475929,16
baseline_06331,10.788570613683902,46.24391880554765,38
baseline_06332,10.556605390910397,46.178428634219365,78
baseline_06333,10.875705166427899,46.08481174426903,24
baseline_06334,11.054129969525393,46.200822936828665,29
baseline_06335,10.898980580133694,45.93203112357961,45
baseline_06336,11.621213911159794,46.102003553682415,16
baseline_06337,10.878169416523178,45.831298024441224,21
baseline_06338,10.715213271656504,45.932192451892604,22
baseline_06339,10.573077543112475,46.28310464607058,38
baseline_06340,10.917188178322263,46.29231556289355,27
baseline_06341,11.053906414692705,45.76577596145946,17
baseline_06342,11.259735760644034,45.944100440393974,32
baseline_06343,11.712188666346455,46.15722861348117,13
baseline_06344,11.024454829360208,45.81234488096096,35
baseline_06345,10.700761871133599,46.06181746283286,19
baseline_06346,10.813482068681635,46.32908149860678,22
baseline_06347,11.652870316425627,46.25404677790016,32
baseline_06348,10.891964895097999,45.82880132573617,21
baseline_06349,10.662630266590048,46.00564529004403,20
baseline_06350,11.703189999296224,46.19335687490193,13
baseline_06351,11.494756592349022,46.18905031358171,26
baseline_06352,11.120828272298095,45.75820336579533,21
baseline_06353,10.898572442710703,45.807891588709516,35
baseline_06354,10.908458843092962,46.02318935816785,24
baseline_06355,11.065688968313445,46.192516267091676,34
baseline_06356,10.642845080624209,45.97818553241188,20
baseline_06357,10.502080155404629,45.85818965358899,28
baseline_06358,11.719598403421683,46.17724464758836,13
baseline_06359,11.20767223787665,45.93269893713997,22
baseline_06360,11.630825873406492,46.37934532542854,18
baseline_06361,11.083614687878047,46.250406455235506,34
baseline_06362,11.387257366053094,46.09384215599987,26
baseline_06363,11.188188397078042,46.19215431160874,28
baseline_06364,10.729863383518682,46.17328597890583,22
baseline_06365,10.968212239202558,45.75841088108438,36
baseline_06366,10.673091760827772,46.396860751120514,21
baseline_06367,11.021054922401053,46.29041917791111,33
baseline_06368,10.87633974185408,46.096268166931004,27
baseline_06369,11.228837344465491,45.9898107060812,30
baseline_06370,11.550551333160762,46.171221459854515,18
baseline_06371,10.79496616523333,45.91857864884781,24
baseline_06372,11.629921079815063,46.29817334868121,15
baseline_06373,11.435436950051312,46.07604871684572,25
baseline_06374,11.835986166026405,46.13260625840464,13
baseline_06375,10.566207728993103,45.958011438629114,14
baseline_06376,10.889712062037603,46.304160630155835,17
baseline_06377,10.898901072374956,46.32396184687429,22
baseline_06378,10.74799747785993,46.20125146271186,16
baseline_06379,11.830531280710145,46.464221014967315,21
baseline_06380,11.098601852339488,46.03475802343433,75
baseline_06381,11.098757296947962,45.7231123157011,14
baseline_06382,10.719271103773426,46.077948245513646,87
baseline_06383,10.64106213805554,46.347028627918284,11
baseline_06384,11.279166262070222,46.02276663053468,39
baseline_06385,10.542650471265247,45.78644849443374,18
baseline_06386,11.174965926858388,46.14346147797176,46
baseline_06387,11.402672030836198,46.08387651182858,29
baseline_06388,11.098103063501704,45.961281788455786,33
baseline_06389,10.6568655054957,45.843544104402525,15
baseline_06390,11.186799889327103,46.13662880380463,48
baseline_06391,10.660757123843243,46.37711906136886,30
baseline_06392,11.232906865107303,45.91757157372911,18
baseline_06393,11.226580510824746,46.029050702642216,104
baseline_06394,10.884336895595547,45.803803709698386,28
baseline_06395,10.922860218850973,45.69142374484092,96
baseline_06396,11.13734516825873,45.962445099014424,24
baseline_06397,11.824326652957723,46.16299003360419,110
baseline_06398,10.676532538459343,45.88213755954841,19
baseline_06399,10.844436115704774,45.9692641513562,26
baseline_06400,11.447243816540901,46.10484874646728,25
baseline_06401,11.026381119863004,46.19981240222215,23
baseline_06402,10.643763600131678,46.08467165516283,21
baseline_06403,10.608221578132435,46.23981471867657,14
baseline_06404,10.75690053249334,46.26037311160998,37
baseline_06405,11.075680565599663,46.16327139348743,64
baseline_06406,10.769897519644868,46.12341815408728,21
baseline_06407,10.867303239744842,46.421901904275856,34
baseline_06408,11.682624403009433,46.364296507134114,13
baseline_06409,10.699440467968007,46.04099435739912,20
baseline_06410,10.89456381309031,46.04367146134163,54
baseline_06411,11.76007806589013,46.427085440745415,20
baseline_06412,11.668964111133054,46.092502636977095,21
baseline_06413,11.71268171636687,46.25145310233498,24
baseline_06414,10.926555626264307,46.31917408544984,19
baseline_06415,10.845228602969271,46.05244884959389,22
baseline_06416,10.895572981835613,46.039179571578025,28
baseline_06417,10.700980157515227,46.373171279106096,14
baseline_06418,11.324962048998959,46.28200341578653,19
baseline_06419,11.066709829005948,45.791647680345115,23
baseline_06420,10.647999185984048,46.16099876882989,11
baseline_06421,10.946156646622608,46.132053387629455,17
baseline_06422,10.956446536429766,45.76736275900532,36
baseline_06423,11.089225913940144,45.781569532820534,15
baseline_06424,11.127910279869642,46.032324126250145,235
baseline_06425,11.19570580192668,46.18662705402419,36
baseline_06426,10.801779790406476,45.94775736964947,20
baseline_06427,10.48511302483256,46.052072815459525,30
baseline_06428,11.777505936712544,46.41818128050591,19
baseline_06429,10.907139027068267,46.420076909190115,17
baseline_06430,10.733246117176412,46.35018423993401,32
baseline_06431,10.894367885761854,46.097298898427724,19
baseline_06432,11.827917754689214,46.50935334105547,77
baseline_06433,11.5444265468966,46.07167730349207,29
baseline_06434,11.442309693295037,46.06764689936056,32
baseline_06435,10.75978026524798,46.23174559647405,30
baseline_06436,11.136178500907754,46.25832851098159,25
baseline_06437,10.66975844744327,45.881901668668654,31
baseline_06438,11.123978650569617,46.30176909874702,22
baseline_06439,10.930544777900353,46.2902696051926,26
baseline_06440,11.048448980892916,46.01710807147819,31
baseline_06441,10.749989433131585,46.214894949912434,17
baseline_06442,11.636246356814436,46.367895007139786,17
baseline_06443,10.553964104282512,45.791844228157814,17
baseline_06444,11.69347191425471,46.39628030691881,17
baseline_06445,11.798662758892526,46.292225355252,28
baseline_06446,11.234682759663947,46.10585939716619,62
baseline_06447,10.857682054835449,46.006353539862495,28
baseline_06448,11.589289043072897,46.03659830273159,28
baseline_06449,11.134026365224255,46.1685464031022,65
baseline_06450,11.268316197235167,46.02164171724848,61
baseline_06451,11.545547563517198,46.22177397578095,36
baseline_06452,11.73896395760028,46.223474995405894,12
baseline_06453,11.797622301177693,46.42698541711556,26
baseline_06454,10.87506898020359,46.28805427855802,14
baseline_06455,10.672104499403817,46.207576154322595,80
baseline_06456,10.61577411282855,45.95827347988731,25
baseline_06457,11.043610424600198,46.08161432939809,42
baseline_06458,11.641170658485525,46.1292702623653,18
baseline_06459,11.495911532198749,46.28228201961291,25
baseline_06460,10.77960737562444,46.123529773040914,20
baseline_06461,11.221961599126052,46.22244910559185,18
baseline_06462,10.87795994600232,45.90678105394339,248
baseline_06463,10.548693280853032,46.02180962630315,21
baseline_06464,10.740626475136612,46.218477762963836,23
baseline_06465,10.60783837129819,46.11589913797714,80
baseline_06466,10.780369243386206,45.93977293100788,24
baseline_06467,10.935171190916023,46.10784298934968,22
baseline_06468,10.749920898374054,46.21001368059499,17
baseline_06469,11.232155934074113,45.94619570406235,18
baseline_06470,10.877939871732135,45.767476939863485,26
baseline_06471,11.44475490663483,46.02106262331185,21
baseline_06472,11.512231452184992,46.04784231889634,255
baseline_06473,10.613390221620177,46.11667785024802,78
baseline_06474,11.233726151983461,46.03619877526722,111
baseline_06475,10.580888755480068,46.164270536161126,80
baseline_06476,10.990351906494839,46.30581754996461,21
baseline_06477,11.766100043420515,46.29168838774136,12
baseline_06478,10.738600963171502,45.97954960645241,21
baseline_06479,11.266595890652443,46.17870093293201,20
baseline_06480,11.08964977709515,46.05111112897075,81
baseline_06481,10.678720664742295,45.990801020638905,21
baseline_06482,11.003189246773028,45.878805019998204,72
baseline_06483,10.826024985000984,46.23725372942366,151
baseline_06484,11.616065377784237,46.1108484470334,17
baseline_06485,10.878629350533021,46.00652390794235,26
baseline_06486,11.819932312470964,46.27532959862039,55
baseline_06487,10.958483195559076,45.71012463311812,21
baseline_06488,11.481404254596685,46.13686516219571,13
baseline_06489,10.856568556162905,46.038716731898646,27
baseline_06490,11.280092302936886,46.1930570882219,16
baseline_06491,10.766435501613492,46.37372294011842,18
baseline_06492,11.643602642506524,45.966161323418234,22
baseline_06493,10.690260311854928,46.38313712636025,15
baseline_06494,10.72225357500734,46.321392340314155,19
baseline_06495,11.101757949596246,46.154713497966995,188
baseline_06496,10.557391285631562,45.9919689649773,15
baseline_06497,10.935498107368222,46.42533365653835,18
baseline_06498,11.012057443714523,45.93076687805,85
baseline_06499,10.613076398765088,45.87806332029344,18
baseline_06500,11.666410687689808,46.07466612302772,20
baseline_06501,10.739888151852272,46.46015197723699,47
baseline_06502,11.260632585643261,46.15826366908669,21
baseline_06503,11.165057823055905,46.434978985447955,21
baseline_06504,11.724686978961774,46.22243726666614,14
baseline_06505,11.758915711352108,46.39937655127422,42
baseline_06506,11.16089060275239,46.46409814388497,19
baseline_06507,11.779747690215064,46.10403832182629,16
baseline_06508,11.558698985178609,46.23410518327641,27
baseline_06509,11.120773165838443,45.744213049922166,14
baseline_06510,10.744448184628153,46.253598764414185,38
baseline_06511,11.190675220431123,46.437083727898276,20
baseline_06512,11.497144844937008,46.05739348815096,158
baseline_06513,11.161658515622083,46.3243526041287,17
baseline_06514,11.71237341918258,46.346985388818126,24
baseline_06515,11.47617195519833,46.17397151214629,32
baseline_06516,11.169340949117595,45.99646154219936,27
baseline_06517,11.524391680987897,46.04661316965074,229
baseline_06518,11.61820590701451,46.01920244484551,27
baseline_06519,11.13991783719308,45.92747363919386,25
baseline_06520,11.369523677456883,46.29513961544242,16
baseline_06521,11.022648210031189,46.40804989955718,28
baseline_06522,10.746425939266944,46.34292146289498,28
baseline_06523,11.006058566242494,45.811764564615,161
baseline_06524,10.6612860963657,46.25302117455766,13
baseline_06525,11.63097134793069,46.20973635747038,10
baseline_06526,11.717766127006689,46.17129741069501,14
baseline_06527,11.174634090011484,45.882100527867756,23
baseline_06528,11.196690347409865,46.223840365234594,24
baseline_06529,10.948818263338493,46.31388463447623,30
baseline_06530,11.085234290481276,45.69929994716821,20
baseline_06531,10.50159635718877,46.01807547910188,24
baseline_06532,11.826448312938375,46.187139989645765,126
baseline_06533,11.75663148586311,46.46294550799109,19
baseline_06534,10.759321495824631,45.946955533695416,20
baseline_06535,10.993235313772267,46.442230062875005,15
baseline_06536,11.31393273486645,46.07886197545123,20
baseline_06537,10.590106766646624,45.88975814946282,26
baseline_06538,11.215596232230356,46.02826153155543,44
baseline_06539,10.687505029936498,46.426889345108115,37
baseline_06540,11.445271124027572,46.03696216397539,21
baseline_06541,10.673133759283324,46.11882034842065,34
baseline_06542,10.92106094544955,46.13626320894416,23
baseline_06543,10.85080561051147,46.43753407164468,42
baseline_06544,11.814222517300937,46.5231466377976,78
baseline_06545,11.49331781181176,46.3047804312308,24
baseline_06546,11.043034183624,45.71555673265638,29
baseline_06547,10.911719812347965,46.314797568142424,18
baseline_06548,11.342291555545339,46.15411372008207,16
baseline_06549,10.96266655586127,45.852187947170215,72
baseline_06550,10.6685841267641,46.42759059216653,48
baseline_06551,11.057417216090846,46.23344214918969,62
baseline_06552,11.728683474528715,46.455257639090675,17
baseline_06553,11.028330706208878,46.28596928719738,87
baseline_06554,11.12195429945892,45.770890271733954,26
baseline_06555,11.741662769659373,46.130214878280654,17
baseline_06556,10.958410421660632,46.430488963883455,24
baseline_06557,11.483856509739953,46.207581232440006,31
baseline_06558,11.519105249931627,46.2176621622661,30
baseline_06559,11.082364235129125,45.749009598598654,22
baseline_06560,11.615839849665127,46.011695072794794,20
baseline_06561,11.258546019238429,46.225696142863654,20
baseline_06562,11.411720356935808,46.12008061340805,33
baseline_06563,11.145363513921046,46.2727563907897,26
baseline_06564,10.839574292420766,46.06682376857312,24
baseline_06565,10.507093675093348,45.972938729325996,25
baseline_06566,11.856861952913762,46.19297789875605,21
baseline_06567,10.662945475722285,46.15258365703611,12
baseline_06568,10.663583946073611,46.036022960223804,20
baseline_06569,11.064806538328748,46.09075649855407,188
baseline_06570,11.175684638412324,46.41844036119983,30
baseline_06571,11.221230518315096,46.084644530959686,119
baseline_06572,10.779617723960941,46.470104792696716,44
baseline_06573,11.105450905870388,46.12528619380002,255
baseline_06574,10.584807452185967,46.23605532014504,55
baseline_06575,11.780167788120657,46.34579281232051,33
baseline_06576,11.094381274382759,46.04702506192555,85
baseline_06577,10.746342655337093,46.226456667622465,33
baseline_06578,10.581550127249129,46.01278354360607,43
baseline_06579,11.283481980748213,46.2240847317485,20
baseline_06580,11.473335933283387,46.287136822727085,33
baseline_06581,10.892444161954685,46.174976039548945,77
baseline_06582,11.673407305505432,46.159379888543825,11
baseline_06583,10.612588672658278,45.951096689189086,23
baseline_06584,11.392531932962982,46.08598297103782,33
baseline_06585,10.68225962048086,45.950457777292186,14
baseline_06586,11.36349029287893,46.099516313232776,17
baseline_06587,10.899924474823381,46.145138942593555,61
baseline_06588,10.73613817775047,46.15201951082667,16
baseline_06589,11.901762072788133,46.13065063017352,19
baseline_06590,10.891650916515419,46.337956563964916,110
baseline_06591,11.037609037425073,46.08819678518976,38
baseline_06592,11.332448602178568,46.16458958782201,13
baseline_06593,10.59240721661752,46.131231889091836,78
baseline_06594,10.997622617886492,45.71035905913149,31
baseline_06595,10.859718249895048,46.27843216868026,14
baseline_06596,10.98028063650734,46.07117365831568,89
baseline_06597,10.527416661116835,45.873213147731434,23
baseline_06598,11.05870995364306,46.22606667602349,39
baseline_06599,10.696998547537783,46.40485665892609,17
baseline_06600,11.068640830939861,45.854208593999545,39
baseline_06601,10.63206594669223,46.15524495297069,46
baseline_06602,11.032941590731172,46.435352663672084,26
baseline_06603,10.65779939358084,45.897955680725936,20
baseline_06604,10.71317725847462,46.003942014635946,16
baseline_06605,11.512265112023986,46.16679210520028,16
baseline_06606,11.001276840816393,46.07678024901542,154
baseline_06607,11.649511970129119,46.2191236941747,13
baseline_06608,10.945613613663635,46.43336917320783,20
baseline_06609,11.007317044566799,46.023822308930384,22
baseline_06610,11.625897957706385,46.09954403677575,15
baseline_06611,10.527281041491182,46.00010109685774,16
baseline_06612,10.998870416764332,45.934297590309555,40
baseline_06613,10.951164756488675,45.72927987878301,240
baseline_06614,11.027466347282818,46.041998256053105,24
baseline_06615,11.281482167217181,46.13431331703248,19
baseline_06616,10.751754993592971,45.9280567573228,19
baseline_06617,11.278550903085401,46.04184527058838,40
baseline_06618,10.693932311655495,46.03112014337876,16
baseline_06619,11.199230645777346,46.04633283483755,50
baseline_06620,11.043810723631937,45.930671682758685,145
baseline_06621,10.925308583509011,45.805554639748095,25
baseline_06622,11.75234084258857,46.370812804555726,11
baseline_06623,11.166358298670106,46.12404781149334,59
baseline_06624,11.620107494519694,46.23236002962823,14
baseline_06625,11.617560559715663,46.197643240785276,12
baseline_06626,10.7821843453516,46.386052188809714,14
baseline_06627,10.832606861811175,45.88262384530562,125
baseline_06628,11.354126645403246,45.96293060242345,19
baseline_06629,11.261238456867734,45.97911435724822,27
baseline_06630,11.605030828446166,46.35278493888465,16
baseline_06631,10.934277652613774,45.72411017417342,28
baseline_06632,10.716360659989956,45.90437315175369,44
baseline_06633,11.15233816791011,46.30321398770124,15
baseline_06634,11.597476811348256,46.325295325132956,17
baseline_06635,11.127195028224142,46.45964630430131,59
baseline_06636,11.192431352844588,45.794906607566574,34
baseline_06637,10.495373674301451,46.03560955307774,20
baseline_06638,10.652593505070891,46.272579500104996,12
baseline_06639,11.30165452392988,45.940940684285096,18
baseline_06640,10.970970694067411,46.43387561528239,27
baseline_06641,10.662584463754536,46.0719819427173,13
baseline_06642,10.852246148791938,46.26103442743292,12
baseline_06643,10.79027186352433,46.09561565513191,21
baseline_06644,11.749011204800027,46.325248189488526,18
baseline_06645,10.736334148697292,46.35884197938788,41
baseline_06646,10.667066500302912,46.237844462700004,65
baseline_06647,10.73113749960811,46.069163918070444,21
baseline_06648,10.851293206714757,46.14713113190982,74
baseline_06649,10.728914006072815,46.24732145107388,51
baseline_06650,11.001272814476845,45.865067247362234,142
baseline_06651,10.742902449405296,46.28781350645705,16
baseline_06652,10.981060964252489,45.9245146349355,34
baseline_06653,11.657943073173215,46.381472995862545,25
baseline_06654,11.397551266849904,46.175722904769685,20
baseline_06655,10.941908688455362,45.74029779962761,33
baseline_06656,10.971880597444688,45.98035994207606,95
baseline_06657,10.733896459389419,46.39988400374206,36
baseline_06658,11.08021023013945,45.84472584041096,27
baseline_06659,11.120284451281748,46.00426589751192,128
baseline_06660,10.583428825057224,45.94593710023756,13
baseline_06661,11.538538596402653,46.328743959287465,23
baseline_06662,11.580868224951242,46.32750020637331,16
baseline_06663,10.501278234710773,45.95666310604341,30
baseline_06664,11.382045959515418,46.18051636577551,23
baseline_06665,10.667976539603211,46.378971474722206,26
baseline_06666,11.084802256242426,45.868610779222884,31
baseline_06667,11.66646690055602,46.488001411761594,24
baseline_06668,11.632955211441502,46.384902924054515,12
baseline_06669,11.25435588042109,46.15116771577969,22
baseline_06670,10.972086448497535,46.47778012102703,37
baseline_06671,11.44552944354493,46.23216091389891,13
baseline_06672,10.5385872754979,45.990525612453375,15
baseline_06673,11.005487990266147,46.41177152023149,37
baseline_06674,10.83793844096406,46.07833467971539,28
baseline_06675,11.610997222862412,46.052686767935036,20
baseline_06676,11.156986547327682,46.19445588400961,42
baseline_06677,10.883083960632819,45.89544532953306,97
baseline_06678,11.804642924153413,46.12130590483355,21
baseline_06679,11.520571798897512,46.22930846727471,24
baseline_06680,10.827938124150478,46.43233939809589,26
baseline_06681,11.014920731509308,46.460225356298515,19
baseline_06682,10.63151625011485,46.22554098065246,76
baseline_06683,10.936643217393486,46.02381670426066,53
baseline_06684,11.469058378670283,46.07516823600311,35
baseline_06685,11.097774826973776,46.262348987541756,31
baseline_06686,11.21266938669388,45.8694915887257,16
baseline_06687,10.939014490743324,45.86023888713178,37
baseline_06688,11.14784916012224,46.342091707973346,15
baseline_06689,10.65901920035454,46.11486106481223,30
baseline_06690,11.350794080014763,46.20509782174588,14
baseline_06691,10.749032296067812,45.89160444500702,25
baseline_06692,10.932266676465153,45.68177162887059,20
baseline_06693,11.624600261784293,45.99739527042041,14
baseline_06694,11.198994737135472,46.20008078118127,24
baseline_06695,11.792186891842428,46.313501404350404,15
baseline_06696,10.920004502483398,45.97067526185533,32
baseline_06697,11.212033712978277,46.06217073155873,101
baseline_06698,11.051309007909065,45.877363608462566,69
baseline_06699,10.762958032772357,46.02389129297679,16
baseline_06700,11.494175222408574,46.25728400001708,13
baseline_06701,10.901754753034883,45.73205300663689,22
baseline_06702,11.643775706973662,46.138824353362615,24
baseline_06703,10.82016660203219,46.14549671108775,19
baseline_06704,10.651849085477544,45.82126624690497,17
baseline_06705,10.603458948390118,45.883236404612255,254
baseline_06706,11.019127435618126,45.75935709225117,30
baseline_06707,10.921251937263692,45.800943939450214,28
baseline_06708,10.601059171266554,46.13341703123534,79
baseline_06709,11.278357986596522,45.98395796345111,30
baseline_06710,11.467505138635588,46.12271193311149,13
baseline_06711,11.54537107699916,46.22094601600236,39
baseline_06712,10.787955672335661,46.39635304620648,13
baseline_06713,10.811060868547981,46.15915599264715,18
baseline_06714,10.823106350928041,46.0000548194952,20
baseline_06715,11.34725038435414,45.93629977602163,25
baseline_06716,11.186494076565358,46.087591903861146,84
baseline_06717,10.647678458377603,45.893912822732126,19
baseline_06718,11.535713154762972,46.34426732251948,26
baseline_06719,11.142173245242025,46.04592427100117,255
baseline_06720,10.858546846973047,45.986987312787996,25
baseline_06721,11.652037725745224,46.35623446818591,16
baseline_06722,10.936564299531508,45.827958548627265,23
baseline_06723,11.145233398113453,46.127971401075534,83
baseline_06724,11.632103371237971,46.32098381770827,19
baseline_06725,10.91132401036709,45.89611705032109,45
baseline_06726,11.001108538150376,46.193707011903506,18
baseline_06727,10.666359329921058,46.01300234129952,18
baseline_06728,10.963438627070728,46.38053147831727,25
baseline_06729,11.358623450148183,46.06297106307587,22
baseline_06730,11.20526227560328,45.87614876060699,25
baseline_06731,11.126153692186264,46.26152923657268,25
baseline_06732,10.62793112592544,46.3225096600282,28
baseline_06733,11.20905315417457,46.030073116400516,42
baseline_06734,10.665752539685803,46.0390045806204,24
baseline_06735,11.33538214130983,46.01761639810153,33
baseline_06736,10.655337883030773,46.01841894059195,16
baseline_06737,11.704763764676757,46.46737776182052,18
baseline_06738,11.117803237623015,45.861036690991455,16
baseline_06739,10.490361598799916,45.98550142414156,14
baseline_06740,11.174009627962988,45.91930192363427,145
baseline_06741,10.663371010911682,46.26414006608891,11
baseline_06742,10.888298840796804,46.00040331151702,20
baseline_06743,10.55620572073298,45.928440246772645,19
baseline_06744,11.04282169495829,46.00081833204408,23
baseline_06745,11.1988011075964,45.8490242698708,15
baseline_06746,10.782137945565236,45.928214447616604,20
baseline_06747,11.142666896669962,46.34305616775495,16
baseline_06748,11.465728594531807,45.99508100859655,33
baseline_06749,10.898618976475012,45.86792281333407,45
baseline_06750,10.493312923976596,45.888126252241456,25
baseline_06751,10.925314460068773,46.136195927390425,23
baseline_06752,11.306261252307516,46.18308159769968,16
baseline_06753,11.81535901092863,46.47022152707557,23
baseline_06754,10.779174553479464,46.14699850961407,22
baseline_06755,11.18699167790397,46.191852028230805,28
baseline_06756,11.420039271061178,46.018280927491205,19
baseline_06757,10.79513033592232,46.39793849954066,12
baseline_06758,11.608579021383177,46.16888697537913,50
baseline_06759,11.629661707913872,46.280961815128684,13
baseline_06760,11.424801604718507,46.087945884287734,19
baseline_06761,10.539292393177853,45.956577445631524,14
baseline_06762,11.574317101871017,46.262592331954764,15
baseline_06763,11.134485218891374,45.783211714623604,16
baseline_06764,10.689184602138651,46.08558900251215,17
baseline_06765,11.262600415839023,46.05680407168719,47
baseline_06766,11.057166702716849,45.71882436447478,13
baseline_06767,11.129253978641124,46.19999834962119,255
baseline_06768,11.645665431073558,46.29836482169921,14
baseline_06769,11.172856955109092,45.917894639424404,255
baseline_06770,11.380165476078012,46.20985603100309,16
baseline_06771,10.538127922849291,45.81155213947146,139
baseline_06772,10.639879650451261,45.912991564555405,15
baseline_06773,11.741752499738668,46.35285535864684,34
baseline_06774,11.566677359883201,46.14844829563265,30
baseline_06775,11.105792844802789,46.09651469404511,255
baseline_06776,11.406664590898036,46.26183547353397,16
baseline_06777,11.066084862295655,45.882106825595805,240
baseline_06778,10.594379789999376,46.18585344825167,20
baseline_06779,10.984537998307353,46.37646588937541,19
baseline_06780,11.577367936170088,46.32082865710852,16
baseline_06781,10.608333731683539,46.186116495232824,21
baseline_06782,10.77133234826915,46.4065456294816,12
baseline_06783,11.525525627236815,46.230489913081925,20
baseline_06784,10.765172638269078,46.38104379476849,17
baseline_06785,11.206885840861862,46.03931526980136,45
baseline_06786,11.198064770843976,45.8350306753141,15
baseline_06787,11.039853620408085,46.363132928415894,255
baseline_06788,11.496107909820324,46.035507684283196,30
baseline_06789,10.634283667508384,46.393327358253345,79
baseline_06790,10.56834216427026,46.20094303526463,71
baseline_06791,11.248113552014436,45.90318693435487,18
baseline_06792,10.921203468677826,46.19073372288467,72
baseline_06793,10.537224744555802,46.08249874181022,40
baseline_06794,10.698949114809837,45.9801689955636,12
baseline_06795,10.899120411272474,46.116619042401226,41
baseline_06796,10.95509521020229,45.86632567872624,40
baseline_06797,11.355091873293553,46.17692394240843,14
baseline_06798,11.180054619979957,45.912382830403196,101
baseline_06799,11.558744474236155,46.19220061222105,14
baseline_06800,11.62623470276658,46.44011854769073,51
baseline_06801,10.612088545250714,46.36850576777733,45
baseline_06802,10.557553638733637,46.18914033507932,78
baseline_06803,11.197731532477057,46.03497450007575,45
baseline_06804,11.519696341896932,46.02193795184353,20
baseline_06805,11.049140013233668,46.16440994696493,35
baseline_06806,10.846652246802428,45.894969830196644,255
baseline_06807,11.698167679191428,46.29505228371353,13
baseline_06808,11.290373000825962,45.94669277375554,18
baseline_06809,10.593923048193126,46.00799951333543,25
baseline_06810,11.624399559004326,46.19164245068428,18
baseline_06811,11.16262877754188,46.016885954746556,54
baseline_06812,11.339141975148156,46.27134222305888,19
baseline_06813,10.914226855720269,46.43147654158806,16
baseline_06814,11.327286151376917,46.0726861546787,20
baseline_06815,11.513578103714465,46.069321469143176,159
baseline_06816,11.162893396501612,46.47652906072027,19
baseline_06817,11.136235466921114,46.084216869189284,255
baseline_06818,10.657775120389594,46.08473533207663,19
baseline_06819,10.794148048447921,45.925528474419046,23
baseline_06820,10.913888578011289,46.23237023728145,23
baseline_06821,11.428563362331094,46.30507103164093,26
baseline_06822,11.674849316253667,46.02708059185115,15
baseline_06823,10.80672462959682,45.94181752006461,27
baseline_06824,11.274389994763824,46.2309572099211,19
baseline_06825,10.920495895633184,45.903784408571205,35
baseline_06826,11.463401882534868,46.24759264900338,15
baseline_06827,10.689885107300771,45.91329369128444,23
baseline_06828,11.673537743550956,46.32138195159231,23
baseline_06829,11.115686788155848,45.974818851199245,34
baseline_06830,11.461748680490352,46.115643022876874,17
baseline_06831,11.081411610300655,45.90852305236571,44
baseline_06832,11.377730666754271,46.16828915444369,18
baseline_06833,10.607872102407141,46.098645149664904,79
baseline_06834,10.742852084802063,46.13662934383522,21
baseline_06835,11.158345836333886,45.94805181168941,32
baseline_06836,11.486023284613221,46.20925998623309,26
baseline_06837,11.03460584999767,45.73832011198908,17
baseline_06838,11.031263429988012,46.20316456762436,24
baseline_06839,10.725983371915513,46.16996568434487,18
baseline_06840,11.029602075407361,46.00111202200187,26
baseline_06841,11.091831866300161,45.821907852644095,23
baseline_06842,10.70580535334352,45.971323825273025,15
baseline_06843,10.802229587346034,46.00293445622458,15
baseline_06844,11.650183450026903,46.34676037100789,16
baseline_06845,10.913758427110263,45.91409545671589,73
baseline_06846,10.72059971211091,46.31341860462444,17
baseline_06847,10.860306166293642,45.837430826513426,25
baseline_06848,11.66967602579923,46.2530913835186,34
baseline_06849,10.811923356661875,45.85237328014975,29
baseline_06850,10.508523640754396,46.04674671193048,22
baseline_06851,11.673330953244399,46.37126984490841,16
baseline_06852,10.717658879150731,45.8871262491109,18
baseline_06853,11.301190803416379,46.00293073177092,211
baseline_06854,10.950353684244774,45.69077871113653,18
baseline_06855,10.858538255527446,45.96534711231965,31
baseline_06856,11.710326842237675,46.169716692517675,16
baseline_06857,11.740086989409676,46.2178723472472,12
baseline_06858,11.945726804906752,46.19652035827525,15
baseline_06859,11.780228375220698,46.46522444511404,204
baseline_06860,11.726436087610518,46.41745535184133,13
baseline_06861,10.82794881773932,46.04009093491625,19
baseline_06862,11.818248925850932,46.42433301960057,19
baseline_06863,11.089600559237834,45.953935523681324,32
baseline_06864,10.939698684799485,45.755551771363024,31
baseline_06865,10.519881943266421,46.066744884798815,27
baseline_06866,11.664561654494975,46.12276509437356,28
baseline_06867,11.657917963483017,45.96551668487694,21
baseline_06868,10.658211384882378,46.11040019703792,16
baseline_06869,11.140024058075202,46.47674919458704,26
baseline_06870,11.374455712495687,46.018625507451176,18
baseline_06871,11.101307766109734,46.17954424502514,69
baseline_06872,11.143418080881858,46.40689566476233,216
baseline_06873,10.776821331162225,46.12325177036767,20
baseline_06874,11.654818252759378,46.490967676157744,31
baseline_06875,10.960856735696376,46.086122492304504,22
baseline_06876,10.9937488482601,46.04457682373705,23
baseline_06877,10.944345943005326,46.23423078129933,36
baseline_06878,10.597104214984565,46.09555024748892,78
baseline_06879,10.8941016569348,46.157121549061934,72
baseline_06880,10.881345304221295,45.851341266222796,33
baseline_06881,11.910763680350462,46.198169870767906,22
baseline_06882,11.41847547742944,46.04698720616249,138
baseline_06883,10.941948267924458,46.455046770034265,37
baseline_06884,11.069326916863552,46.28135975227264,43
baseline_06885,10.970574918970085,45.71205725594922,20
baseline_06886,11.6981818884576,46.317470105656675,19
baseline_06887,11.708174138873062,46.13482960068613,13
baseline_06888,10.70571121041404,45.95769785380729,21
baseline_06889,11.125482042179945,45.93148813089026,28
baseline_06890,11.750208509297662,46.13642770920244,17
baseline_06891,11.09848761330284,45.82118582762839,26
baseline_06892,11.020781724485449,46.38760110947582,28
baseline_06893,10.828899715097709,46.22924677637646,93
baseline_06894,11.06732598847618,46.153949713896004,58
baseline_06895,10.530409444300938,46.004344488906526,18
baseline_06896,10.940243012322021,45.974609550494655,28
baseline_06897,11.606493431860246,46.050718295979586,18
baseline_06898,11.32548967636155,46.18990011809058,48
baseline_06899,10.579184362508544,46.36660524908698,66
baseline_06900,11.763746015719024,46.28196491908546,19
baseline_06901,11.146575799134048,46.1237518666861,79
baseline_06902,10.77884868128857,45.95461397665684,19
baseline_06903,10.911493793035094,45.91479754749346,206
baseline_06904,11.220600487489659,46.18703335361424,31
baseline_06905,11.5809359854557,46.291098024142656,23
baseline_06906,10.80361381382826,46.13496513646474,16
baseline_06907,10.788086633017768,46.05112212625434,25
baseline_06908,11.089191939246886,46.08297713755898,104
baseline_06909,11.724448418633866,46.44889247930602,21
baseline_06910,11.129697512937321,45.86196753219351,15
baseline_06911,10.639567045065434,46.056933590404704,35
baseline_06912,10.875082117943737,45.98022997957202,20
baseline_06913,11.149422308840943,46.041026489564786,255
baseline_06914,11.123659631254538,45.942239405497226,26
baseline_06915,11.826077761420963,46.4597768711299,15
baseline_06916,10.852461949004685,46.099335410218,33
baseline_06917,11.620475605910082,45.99485781309152,13
baseline_06918,10.864016334822324,45.91961055608898,184
baseline_06919,10.813882638652023,45.9182389266295,32
baseline_06920,11.211182468809167,45.960406695804686,26
baseline_06921,11.126120299285265,46.068283711719396,255
baseline_06922,10.83551878504848,46.38321921890965,14
baseline_06923,10.814787679194161,46.00772563612317,22
baseline_06924,11.086491956203671,46.08172301532749,96
baseline_06925,11.088544644559379,45.97796208633216,217
baseline_06926,10.9176582304482,46.05577369941286,17
baseline_06927,10.931200244367835,46.078165997063905,20
baseline_06928,10.765951596297434,46.34118137241501,25
baseline_06929,11.643713283287319,46.22625742100558,14
baseline_06930,11.567743033875972,46.35782827653862,51
baseline_06931,11.015054418312953,45.98000659076105,30
baseline_06932,11.216930640995033,45.881172828384486,24
baseline_06933,10.891040528876069,45.89942857354581,66
baseline_06934,11.661423299433196,46.23601554257813,14
baseline_06935,11.090683657320088,45.88447042014998,41
baseline_06936,11.073993670388912,46.51914861170352,25
baseline_06937,11.563418874907835,46.37384809335948,54
baseline_06938,10.99854730390446,46.035355893562055,23
baseline_06939,11.355321703471722,46.161182849048785,17
baseline_06940,11.128683609392073,46.47209356899007,19
baseline_06941,11.059152333282126,45.73867062458968,24
baseline_06942,11.555192091228278,46.077477244473855,31
baseline_06943,11.094284600933413,45.75287085883835,16
baseline_06944,11.423271562526594,46.230179842848415,12
baseline_06945,10.8761753428064,46.06988575656635,30
baseline_06946,11.333714536536165,46.016845067752186,32
baseline_06947,11.031367742304335,46.43449475430042,26
baseline_06948,11.01545214496914,45.78741343814312,36
baseline_06949,11.062661520318095,46.5140713951869,21
baseline_06950,11.537310890930165,46.27617648398481,18
baseline_06951,10.724838427504151,46.278746714638395,13
baseline_06952,11.202034574766772,46.45413245171493,16
baseline_06953,11.71835122493952,46.258134808467304,41
baseline_06954,11.39352114300014,46.03614363460363,32
baseline_06955,11.774990615580183,46.13042099344541,18
baseline_06956,11.020335134668356,45.93808071458437,42
baseline_06957,10.916756323132612,46.41916369440927,15
baseline_06958,10.77428537919098,46.181039156721496,17
baseline_06959,10.588594651580769,46.06319765351905,58
baseline_06960,10.846697571090454,45.930257710460694,55
baseline_06961,10.909078317184715,45.783142727344966,29
baseline_06962,10.736163291945456,46.19387879764677,26
baseline_06963,11.807499924771303,46.4244506955968,18
baseline_06964,10.703694289075703,46.293916120579375,14
baseline_06965,11.63514018191182,46.08648065166605,20
baseline_06966,10.793086719609759,45.98024781858388,16
baseline_06967,11.48236975421085,46.322108350412734,19
baseline_06968,11.065941313172337,45.939600467584796,46
baseline_06969,11.7619896317737,46.10028616740868,20
baseline_06970,10.909079479447191,45.8481584665426,28
baseline_06971,10.465290621776218,45.97852120946548,37
baseline_06972,11.016999149088191,45.90299328260581,167
baseline_06973,10.93299733411207,46.37366058408718,22
baseline_06974,11.003089356634957,45.81719280439293,41
baseline_06975,10.631856200077461,46.14628530988139,62
baseline_06976,10.947481913481395,46.42708543050605,19
baseline_06977,11.32432765072488,45.934004853397475,24
baseline_06978,10.566974302467923,45.819791895816586,19
baseline_06979,10.95114318814575,46.36758460474617,54
baseline_06980,11.720356254682029,46.509813999449726,60
baseline_06981,10.619280031025202,46.0691608644711,39
baseline_06982,10.598885147557176,45.86239624350986,22
baseline_06983,11.608460493369627,46.30280388556738,38
baseline_06984,10.550439945481692,45.89496375319857,26
baseline_06985,11.034055965293412,45.89575061728995,255
baseline_06986,10.713612779896657,46.4596889445339,77
baseline_06987,10.607488699701252,46.19607957333008,14
baseline_06988,11.01108875898702,46.07139278540415,21
baseline_06989,11.731668304509178,46.395768454697794,21
baseline_06990,10.547847099706106,45.94330006634025,16
baseline_06991,11.165481598629299,45.83904494002193,19
baseline_06992,10.829036310071828,45.95873612639926,23
baseline_06993,11.420668980157942,45.98462989354333,10
baseline_06994,11.734664137270503,46.49198147535927,21
baseline_06995,10.936695374605549,45.70640619483581,38
baseline_06996,10.541157930793489,45.93720750559917,18
baseline_06997,10.585063206265632,46.285489035332155,36
baseline_06998,11.802230822666726,46.2032815580143,19
baseline_06999,11.066681468143297,46.39490288053209,174
baseline_07000,11.105022971324725,46.317403370483525,36
baseline_07001,10.9107856891985,46.34645398541212,225
baseline_07002,11.355468272457804,45.966394269072076,22
baseline_07003,10.535403062498625,45.93675522193103,21
baseline_07004,10.576125288529216,46.204558690838894,60
baseline_07005,11.085675389297998,45.76287648370972,17
baseline_07006,11.420069548268227,46.26640329746176,16
baseline_07007,11.513127726213305,46.12569192491634,14
baseline_07008,10.65223018199974,46.24415247373734,30
baseline_07009,10.654621266246798,46.309439091060796,23
baseline_07010,11.063238231147366,45.79449102811373,23
baseline_07011,11.697279800358295,46.468572205049725,20
baseline_07012,11.676622947083613,45.9789497025049,23
baseline_07013,11.633739685946782,46.39167544882814,15
baseline_07014,11.310950400900177,46.00098631731505,35
baseline_07015,10.67276804772247,46.12796435669765,19
baseline_07016,11.406037139505475,46.10000125330538,22
baseline_07017,11.660125320575766,46.28222587522152,13
baseline_07018,11.660158575236961,46.21765801886148,13
baseline_07019,11.867608307821566,46.217828776890265,15
baseline_07020,11.284949190687914,46.06498862487972,28
baseline_07021,10.856034893052147,45.96498110612606,31
baseline_07022,11.19745169093041,45.78367225360914,27
baseline_07023,11.668328641538187,46.15155278631545,13
baseline_07024,10.98038243022812,45.92682502865385,35
baseline_07025,10.733578244390255,46.28979708584012,14
baseline_07026,11.422792920097883,46.2805748852446,87
baseline_07027,10.674896863437997,46.21628158177313,80
baseline_07028,11.026387959016256,45.920627108212486,205
baseline_07029,11.084403501525745,45.98133454644013,35
baseline_07030,10.90604253046618,46.08325953072948,24
baseline_07031,11.133718695118892,46.36499769099671,19
baseline_07032,11.49842959842993,46.19497942515503,24
baseline_07033,10.967417317551899,46.29048410453937,16
baseline_07034,11.335033704772599,45.95713781465378,28
baseline_07035,11.044574387747751,46.26450144129734,76
baseline_07036,11.039719610375105,46.21219815613475,29
baseline_07037,10.987589463469845,46.36552713704854,27
baseline_07038,10.785378531588188,46.153585283167054,19
baseline_07039,11.121093611294253,46.42988022322434,30
baseline_07040,10.97728052452595,46.27262683750375,17
baseline_07041,11.828846442712049,46.20044602078158,23
baseline_07042,11.081656376453985,45.78294890614853,18
baseline_07043,10.599770409725046,46.29813867123698,36
baseline_07044,10.74455023509283,46.00161598576329,21
baseline_07045,11.342130580581946,46.24523228427505,15
baseline_07046,11.127768953290026,46.43171550086794,35
baseline_07047,11.590689778106048,46.20221475419647,11
baseline_07048,10.949600711211966,46.32653461165195,17
baseline_07049,11.608259980515797,46.300664696912925,38
baseline_07050,11.312547196685976,45.937833602581094,19
baseline_07051,10.844379301581288,46.36864090497475,23
baseline_07052,10.804715472479874,46.051771843861395,19
baseline_07053,11.299339193515173,46.17909790505516,19
baseline_07054,11.785616715576543,46.49631919822449,19
baseline_07055,11.06979655403745,45.85784904999238,43
baseline_07056,11.555173184100543,46.097296056435155,20
baseline_07057,11.223414520740775,46.117633477868935,107
baseline_07058,11.68287724541935,46.12765675850031,13
baseline_07059,11.615701313941406,46.390862612825494,17
baseline_07060,10.95331329935676,46.26532364424749,13
baseline_07061,10.67766105694611,46.43920914845925,51
baseline_07062,11.007439957118724,46.24361831355167,20
baseline_07063,11.45286653645844,46.24363284381268,15
baseline_07064,11.821158429100791,46.28952676855251,62
baseline_07065,11.813359112538077,46.32671401904504,24
baseline_07066,10.619553412497545,45.86067120659876,18
baseline_07067,10.823010174313822,45.8532176457036,37
baseline_07068,11.112018068469805,46.11151368605827,236
baseline_07069,10.970110208412606,46.13321113711761,31
baseline_07070,11.090289199438478,46.45273878207423,19
baseline_07071,11.417685979485723,46.10500097506054,27
baseline_07072,11.374895644650943,46.01626735944705,18
baseline_07073,10.941559492861654,46.1473921084774,14
baseline_07074,11.176732679970867,45.904081465113734,19
baseline_07075,10.876269431528645,45.952812679049025,39
baseline_07076,11.320558880853325,45.96078574258165,23
baseline_07077,10.572069828281363,45.98030409812427,15
baseline_07078,10.755330520840909,46.47938718036035,50
baseline_07079,10.939187021124326,45.969292805508466,26
baseline_07080,11.509653595859291,46.09309869807019,24
baseline_07081,11.26407398344902,46.0662693658335,41
baseline_07082,11.792592074328658,46.47157371440145,18
baseline_07083,11.099559812401898,45.950900307924904,34
baseline_07084,10.633930187525149,46.316439573781565,36
baseline_07085,10.630177804666321,46.20367473363553,42
baseline_07086,11.196959232416829,45.894078596062144,24
baseline_07087,10.790608467503754,46.20026204922711,20
baseline_07088,10.98936226051762,45.94665365358411,29
baseline_07089,11.61159312086298,46.342638505270344,16
baseline_07090,11.11056894642286,46.435597876491435,67
baseline_07091,11.375749879985523,46.05185782008754,15
baseline_07092,10.982367744236088,46.10666539553291,23
baseline_07093,10.729679607390349,46.39116976795406,40
baseline_07094,11.050405309756218,45.83773688141615,36
baseline_07095,10.94659468671173,46.081791988890814,22
baseline_07096,10.876326720685126,46.13860642496439,79
baseline_07097,11.028604095129493,46.148796897038245,28
baseline_07098,11.309809699834089,46.12006960762355,25
baseline_07099,10.835956637915631,46.2361985003917,69
baseline_07100,11.409573717265959,46.108242921749614,34
baseline_07101,10.760338403065669,46.45561297389608,32
baseline_07102,11.742756958560374,46.421617022825046,14
baseline_07103,11.114803580536266,45.8810374920082,30
baseline_07104,11.652465936554083,46.12616266680633,25
baseline_07105,11.056814092710026,46.31530322082403,51
baseline_07106,10.60980071426975,45.97041759369035,29
baseline_07107,10.846795058358657,46.031410839106165,27
baseline_07108,10.685200962503158,46.01087174364266,22
baseline_07109,11.381304222079875,46.04912137738726,20
baseline_07110,11.744962150111403,46.474025483023205,224
baseline_07111,11.510401226144703,46.09931592223576,21
baseline_07112,10.524831033139034,45.95909550375315,19
baseline_07113,10.763705320987649,46.46867851739107,45
baseline_07114,11.495837253241431,46.28410184692692,34
baseline_07115,11.123586060700015,46.21179592942948,218
baseline_07116,11.432594613035702,46.23744786148793,13
baseline_07117,11.469709465553695,46.063374667646826,39
baseline_07118,11.773602774041196,46.14511994892176,19
baseline_07119,10.587162808491746,45.809388765822405,23
baseline_07120,10.727727213798119,45.89635781041047,130
baseline_07121,11.17380591437448,46.11327295603141,58
baseline_07122,10.88811997997707,46.01299900014098,25
baseline_07123,11.12564582735935,46.19714974762323,254
baseline_07124,11.709317284135615,46.38783168536793,34
baseline_07125,11.632399286671031,46.156778704264845,26
baseline_07126,11.214863837107371,46.06517766075308,80
baseline_07127,11.018141538649365,45.73180723424506,18
baseline_07128,11.317152721860014,46.26465772568565,20
baseline_07129,10.903775765361079,46.35538254811262,45
baseline_07130,11.838408919714382,46.206097414972575,21
baseline_07131,10.720854015044965,46.326024941061696,20
baseline_07132,11.600189344761215,46.11787551390481,16
baseline_07133,11.42516975205466,46.243128687539055,13
baseline_07134,11.171050919552878,46.051320283930515,72
baseline_07135,11.108367671253914,45.999073996793726,45
baseline_07136,10.934446866512758,46.44520586611615,35
baseline_07137,11.179419725746055,45.983943079274475,17
baseline_07138,10.909904330400654,46.199942507019806,75
baseline_07139,11.432042045477024,46.282180078942396,195
baseline_07140,11.163319509540711,46.096612048974805,77
baseline_07141,10.960197016681835,46.02599035187389,134
baseline_07142,10.853467061278355,46.19971410866711,11
baseline_07143,11.882149940089052,46.2697681750872,77
baseline_07144,10.90305495853138,45.7696819404958,25
baseline_07145,10.770199255298856,46.18358662132406,17
baseline_07146,11.88688969029989,46.2263428148885,28
baseline_07147,11.150619975298707,46.41158850849534,28
baseline_07148,11.610077409816613,46.20149468363344,10
baseline_07149,10.849236106478441,46.2433426411428,15
baseline_07150,11.688851210065222,46.23994572489366,23
baseline_07151,11.500913534075133,46.08898010728878,29
baseline_07152,11.15961522254573,46.103366388170535,76
baseline_07153,11.05839377842222,45.762206275687525,16
baseline_07154,10.969748791598304,46.230393175164494,24
baseline_07155,11.556797281053248,46.09245639209715,20
baseline_07156,10.596060025870905,46.13216981832443,79
baseline_07157,10.775467643405904,46.2450449274672,44
baseline_07158,10.681284871349131,46.41321867483437,21
baseline_07159,10.980185982423784,45.68805144854516,29
baseline_07160,11.62329096539872,46.31788878858055,18
baseline_07161,11.63916638815421,46.39255044930823,14
baseline_07162,11.186331639210565,46.1870808869764,30
baseline_07163,11.060147706007704,45.80652360582711,23
baseline_07164,11.808609922811504,46.129534092587456,15
baseline_07165,11.825463807246578,46.21311410912896,17
baseline_07166,10.629787306990623,45.8392382805461,13
baseline_07167,10.705447817477896,45.856431565222046,15
baseline_07168,11.564098277236555,46.34990605294123,37
baseline_07169,11.416092349880053,46.05481670113103,27
baseline_07170,10.906264747282338,46.07285828762547,166
baseline_07171,10.832305379844096,46.366907396863354,30
baseline_07172,11.191098137533665,46.36905242008889,16
baseline_07173,10.891556330933827,46.15109681439109,72
baseline_07174,11.530234295503469,46.164803309227565,14
baseline_07175,11.015451177074942,46.33225925016291,41
baseline_07176,10.508217167442544,46.06981798569297,37
baseline_07177,10.740673791403696,46.38220282970636,25
baseline_07178,10.977793949429707,46.25589440994019,16
baseline_07179,10.610606295606523,46.31774081297682,27
baseline_07180,11.251314008600033,45.942802242831384,102
baseline_07181,10.688002708172547,46.31735928453865,22
baseline_07182,11.0038225067448,46.369968329341184,30
baseline_07183,10.80923560692423,46.145683110851216,19
baseline_07184,11.64778404095327,46.176391129262086,22
baseline_07185,11.124676919896315,46.25507845951454,28
baseline_07186,10.985355971658134,45.84313062403837,44
baseline_07187,11.008126469068612,46.2524556416883,21
baseline_07188,10.990046755728393,46.126338659300885,15
baseline_07189,11.067802328673206,46.09353312799904,199
baseline_07190,11.138702740270887,45.787131459713265,20
baseline_07191,10.581171683839639,45.85662617066745,54
baseline_07192,11.661959941040884,46.37844147570133,214
baseline_07193,11.590110048831804,46.19937023422772,11
baseline_07194,10.564609351881318,45.83592214970545,84
baseline_07195,10.920320037529732,46.096499975816826,26
baseline_07196,10.920121443950677,46.20143012338387,72
baseline_07197,11.105105077186721,46.404928709420346,28
baseline_07198,11.528154273246273,46.29836573204669,25
baseline_07199,11.077662215610678,46.33401597370731,48
baseline_07200,11.788236040198287,46.49062597320186,18
baseline_07201,10.748307908829162,46.33317163124468,19
baseline_07202,11.922608560299048,46.247082876053874,38
baseline_07203,11.002372391836014,46.2138198672555,17
baseline_07204,11.726364942837291,46.15518162020773,22
baseline_07205,10.683881575819354,46.38195891598726,14
baseline_07206,10.608832958392783,46.369818295833035,45
baseline_07207,10.850782130331766,46.238579444929215,13
baseline_07208,10.93902706715966,45.809691397052795,27
baseline_07209,10.67388003391439,45.95942989455392,15
baseline_07210,11.134247041887283,45.90004306109906,18
baseline_07211,11.402545092656675,45.99761776480609,13
baseline_07212,11.014602562856306,45.85760585985149,125
baseline_07213,11.018353605684341,46.3773225826472,34
baseline_07214,11.619089099160615,46.130755904744454,14
baseline_07215,11.736215240701496,46.451394563550735,19
baseline_07216,10.969748890809218,45.856796465485374,107
baseline_07217,10.670311636708856,45.850128737011275,17
baseline_07218,11.699247562422896,46.22635936417687,12
baseline_07219,10.603668315731841,46.183044418537705,28
baseline_07220,11.10000865573857,45.93169931795579,255
baseline_07221,10.602837043637802,46.342590851297516,28
baseline_07222,10.874353851711076,46.100075001372836,30
baseline_07223,10.57346225347197,46.001453655849794,24
baseline_07224,10.82053395252137,45.88183164087151,44
baseline_07225,10.855478391487047,45.7241889990897,27
baseline_07226,10.59940637581039,45.8316407091003,16
baseline_07227,10.707471551591022,45.85097281282274,17
baseline_07228,11.040080065188109,45.8411120293484,48
baseline_07229,11.048728702004642,45.92324525059651,242
baseline_07230,11.45131436202649,46.088474220116545,26
baseline_07231,10.615964714162773,46.14033786608649,75
baseline_07232,11.623642361298153,45.997337395391284,13
baseline_07233,11.08066771336543,46.49730698430039,13
baseline_07234,11.048515981704481,45.71529545074352,31
baseline_07235,10.90508851737233,46.10381570099399,33
baseline_07236,10.793884147250571,46.38432275663087,16
baseline_07237,10.696672767075698,46.399668593367835,13
baseline_07238,10.839979115607193,46.0422239189261,22
baseline_07239,10.903134184015498,46.179354558713484,75
baseline_07240,11.536699064300034,46.26181393300671,14
baseline_07241,10.800686033457069,46.25927166523444,28
baseline_07242,11.654768324609567,46.16241395744318,28
baseline_07243,11.586193473128171,46.22782568107078,17
baseline_07244,11.517429144200007,46.185686031876514,29
baseline_07245,11.052072197219378,46.14151293916211,50
baseline_07246,11.327712628934556,46.07245646318739,20
baseline_07247,10.63025242610128,45.95854146666158,24
baseline_07248,10.824722457950516,46.187559538473856,13
baseline_07249,11.415386408767914,46.01519170149301,19
baseline_07250,10.661493846931208,46.42519722550054,62
baseline_07251,11.091857662045452,46.3050669305293,39
baseline_07252,11.595321133785797,46.14630733109269,20
baseline_07253,11.222676088030468,45.98841050792249,24
baseline_07254,11.758629153606442,46.47115378899559,14
baseline_07255,10.802519935602497,46.337522969330166,19
baseline_07256,11.008191113044468,45.87138602724877,190
baseline_07257,11.212768849421114,45.929234315242745,69
baseline_07258,11.483101432176861,46.20751247209646,31
baseline_07259,10.577105371023396,46.02403466791932,46
baseline_07260,11.12991098728057,46.43445292205264,35
baseline_07261,10.945069593034091,45.745517794395916,44
baseline_07262,11.022276778745123,45.860102092518154,112
baseline_07263,10.583295285432522,45.95708365369943,17
baseline_07264,11.227484561489293,46.2188911474208,18
baseline_07265,11.519492846656746,46.159948282662874,14
baseline_07266,11.672807056697488,46.41461167528448,70
baseline_07267,11.137707588025206,46.096743421250785,138
baseline_07268,11.196845104596719,46.41005056547126,21
baseline_07269,10.97396470559354,46.1032248960759,21
baseline_07270,11.82315462927637,46.44121576270514,53
baseline_07271,10.910617935463517,45.78431875113619,29
baseline_07272,11.826963520678854,46.27382254998906,51
baseline_07273,11.044601335075773,46.13810791246211,48
baseline_07274,10.802450499633856,46.2187246350582,17
baseline_07275,11.291010320554605,45.9487753676193,19
baseline_07276,10.813340015318479,46.00419159078754,18
baseline_07277,10.843249583048458,46.323202466574195,27
baseline_07278,11.137329534556821,46.3891553330843,143
baseline_07279,11.143310853481049,46.417490271045594,255
baseline_07280,11.110195686194912,45.72502851667084,26
baseline_07281,11.037974818787818,45.86592417546815,201
baseline_07282,11.725323672556465,46.47387479257585,18
baseline_07283,11.659229748932688,46.064284535749785,17
baseline_07284,11.7252737502526,46.22256129115089,14
baseline_07285,11.165839950742242,45.876154654146944,28
baseline_07286,11.32856905835036,46.034309614824814,25
baseline_07287,11.70406294160221,46.29674383173498,11
baseline_07288,10.955733768749662,46.32223554607469,24
baseline_07289,10.87654093538295,46.131621070757,60
baseline_07290,10.517446278284487,45.93390336407783,29
baseline_07291,11.663693138156003,46.398590508858575,20
baseline_07292,11.036831280271278,46.409556358622545,28
baseline_07293,11.734264034081765,46.43927927817554,21
baseline_07294,10.995836567146867,46.17152620150448,90
baseline_07295,11.076922293818695,45.773822549366436,21
baseline_07296,10.614597917443493,46.08928994454728,65
baseline_07297,10.915464903940101,46.05957809298616,21
baseline_07298,10.89017234211776,46.31212825102448,18
baseline_07299,11.084129396462448,46.0696934576733,110
baseline_07300,10.681363474267608,46.00609798287606,20
baseline_07301,11.32323829236549,45.92751463267711,23
baseline_07302,11.4798646356491,46.325058373710895,19
baseline_07303,11.328306046731674,46.196586132994895,17
baseline_07304,10.841668750572035,46.26232559402919,15
baseline_07305,11.25044187808694,45.972958750714085,27
baseline_07306,11.08191602944532,46.397862532252404,32
baseline_07307,11.024654936930126,46.180481746809555,136
baseline_07308,11.068111071376414,45.860800300800676,45
baseline_07309,10.651931138636249,46.025336496954395,16
baseline_07310,11.611633295019313,46.053801455009996,62
baseline_07311,11.117936093517159,46.06528981395124,255
baseline_07312,11.352737514649439,46.07575995415748,29
baseline_07313,10.670206812819444,45.86453107661245,13
baseline_07314,11.159822836171378,45.83091260508534,19
baseline_07315,11.578248276932326,46.32556373550226,16
baseline_07316,11.12296937861014,46.24924997467727,36
baseline_07317,10.638314497957598,46.14931422290592,45
baseline_07318,11.085814321158812,45.83408983491513,25
baseline_07319,11.65006900870289,46.02284161236281,25
baseline_07320,11.91270451398268,46.23469425445742,35
baseline_07321,10.705872147571537,45.846377277463134,18
baseline_07322,10.802404022052597,46.26157702120266,30
baseline_07323,10.668367569460946,46.20340515492954,80
baseline_07324,11.024849986471812,46.35024961070732,181
baseline_07325,11.68242837001551,46.43807207789038,22
baseline_07326,11.712826312580695,46.49169149057923,20
baseline_07327,10.842830268573417,45.86775212577976,45
baseline_07328,10.971532866302526,45.78513184424891,27
baseline_07329,10.967354081127766,46.135368362249274,49
baseline_07330,11.044038459381678,46.34253380197941,75
baseline_07331,11.216337997673902,45.88140674682133,24
baseline_07332,11.638733633412448,46.41389172899899,26
baseline_07333,10.85236372215481,46.12967126022009,77
baseline_07334,10.9667788221738,45.76459017095728,41
baseline_07335,11.905167827049345,46.216280689708945,26
baseline_07336,11.607311417688937,46.120398307156705,14
baseline_07337,10.981009412799843,45.94039561640809,28
baseline_07338,10.668480942878654,46.362862420772885,27
baseline_07339,11.661761953802714,46.08546602739262,21
baseline_07340,11.75077459036643,46.49105823021478,29
baseline_07341,11.284013148022927,46.221261472019805,24
baseline_07342,11.126883160497215,46.014257785343894,173
baseline_07343,10.707169185905613,45.887140932630885,17
baseline_07344,10.565742438991611,46.08620967853003,21
baseline_07345,11.623953907460425,46.24215630763283,16
baseline_07346,11.26784525251152,46.0788462098487,155
baseline_07347,11.24448821924614,46.089220564520076,46
baseline_07348,11.841479502634245,46.11963485414169,12
baseline_07349,10.7588299480104,46.35892266566676,38
baseline_07350,10.567446266212544,46.362240969685686,55
baseline_07351,11.669090437186746,46.16091389071276,18
baseline_07352,11.459067913635094,46.01031340688089,16
baseline_07353,10.906014058321395,46.040254616204294,19
baseline_07354,10.806371607956551,46.326804468705504,22
baseline_07355,11.270800576260134,46.108593552215446,27
baseline_07356,11.248397006649299,45.94142889882923,100
baseline_07357,11.555881363897567,46.23721070195752,17
baseline_07358,11.191035579151041,45.928817066956235,23
baseline_07359,10.868263804039064,46.101480634932656,33
baseline_07360,10.659895457330485,46.41681843983191,59
baseline_07361,10.858646371678121,46.02988279118281,161
baseline_07362,11.569626169082625,46.34373024222962,25
baseline_07363,10.989239913599537,46.02188437368902,40
baseline_07364,11.480235792275915,46.057635388902796,48
baseline_07365,10.868789726875777,46.38271120325396,19
baseline_07366,10.799357921593128,46.293317061872195,13
baseline_07367,11.19755062545007,46.44881549837443,19
baseline_07368,11.260236559644627,46.227043964862574,20
baseline_07369,11.096088920166343,46.357236661660345,53
baseline_07370,10.65550428183281,46.09041655589295,19
baseline_07371,10.85688042534819,46.24372752279467,13
baseline_07372,10.969192805660601,46.27816449011418,17
baseline_07373,11.390226630740987,46.068806348352446,24
baseline_07374,10.613623390148016,46.04470615123945,17
baseline_07375,10.81214231900547,46.27931467245304,17
baseline_07376,11.172181583143287,45.96572561227537,26
baseline_07377,10.696204568534792,46.45518448224661,78
baseline_07378,11.406347746181147,45.99281081530914,12
baseline_07379,10.939695659609812,45.78029614428271,97
baseline_07380,11.100789373128322,45.85437373507448,20
baseline_07381,11.365146506271726,46.05446588556198,21
baseline_07382,10.909468599388557,46.411935279895616,20
baseline_07383,11.676850249244179,46.38399217025284,17
baseline_07384,10.649014578316788,46.190078991654595,45
baseline_07385,11.23338230513404,46.14201564372316,30
baseline_07386,11.644676093665344,46.08576294325527,20
baseline_07387,10.741135802412925,45.935835335953875,16
baseline_07388,11.172084459880832,45.96322475240668,26
baseline_07389,11.065659361026778,46.28445161403457,45
baseline_07390,10.91654009279984,46.442140804272206,39
baseline_07391,11.761211538347569,46.22990430183314,20
baseline_07392,11.713429586111438,46.200481213213344,11
baseline_07393,11.429975402649474,46.223984579936506,13
baseline_07394,10.641574899783185,46.077921501285964,14
baseline_07395,11.757578555617238,46.499498379741496,26
baseline_07396,11.398570289704615,46.293045590534724,18
baseline_07397,11.181716478428509,46.083927165356336,66
baseline_07398,10.644722593865877,46.42894062562394,76
baseline_07399,11.064778610255898,46.27027501614219,50
baseline_07400,10.642375051376215,45.897972733236024,17
baseline_07401,11.075464320271616,46.18862119603349,56
baseline_07402,11.830429863404468,46.25672482188179,49
baseline_07403,10.67623922179576,45.88079319438529,19
baseline_07404,11.1472531015862,46.37785606705659,20
baseline_07405,10.948071746145438,46.16452139145348,22
baseline_07406,11.642494463932621,46.42878655137369,46
baseline_07407,11.41012665788721,46.12162078960875,33
baseline_07408,10.642349329056046,46.19789476090231,52
baseline_07409,10.864442901420919,46.36197309685403,15
baseline_07410,10.699314238962456,46.167644395316486,16
baseline_07411,11.906649133351925,46.22972476473855,25
baseline_07412,10.940191128736958,46.03177850259581,58
baseline_07413,11.079765163081275,46.26942924239684,232
baseline_07414,11.641825448387975,46.35863822671419,16
baseline_07415,10.576708210398001,45.97643116034424,16
baseline_07416,10.70720986134873,46.04383801454298,19
baseline_07417,11.831041552786537,46.31090175945522,56
baseline_07418,11.15459231379745,46.343260146992804,15
baseline_07419,11.302320156111078,46.16716338184612,255
baseline_07420,11.51441316543101,46.220068691511486,26
baseline_07421,11.105272288995636,46.39749772594031,31
baseline_07422,11.066382374748502,46.416626549355406,28
baseline_07423,11.134405887352543,46.09339614816897,255
baseline_07424,11.724180294797376,46.27985909862171,14
baseline_07425,10.932724187589319,46.239425766458076,11
baseline_07426,10.718124506675617,45.886691807522816,18
baseline_07427,11.05727818142367,46.09668096566688,100
baseline_07428,10.669139071162144,46.27957056568553,16
baseline_07429,10.544600736958694,46.04520717574769,49
baseline_07430,10.85650030707534,46.16394202742745,77
baseline_07431,10.801451418904547,46.167093906688365,18
baseline_07432,11.339653761353048,45.911286067536366,23
baseline_07433,11.741759047829275,46.308826916690066,15
baseline_07434,11.647366149939193,46.265429508712636,16
baseline_07435,10.715830467322943,46.076123366795706,202
baseline_07436,10.75149648663382,46.384430540144166,29
baseline_07437,11.179409294925279,45.91133560746551,101
baseline_07438,10.605486433715981,45.826590890981365,18
baseline_07439,10.894991536796994,46.082009722257915,23
baseline_07440,10.835138373462405,46.217820273851395,17
baseline_07441,10.81735778402437,45.9712091134813,19
baseline_07442,10.941935472944635,45.73533499475252,219
baseline_07443,10.525012207698914,45.88665207761053,16
baseline_07444,11.004535920706074,45.979513189772405,28
baseline_07445,11.259349399504691,46.101796385017266,32
baseline_07446,11.66668261608769,46.49520906609013,25
baseline_07447,11.804734837413713,46.376331327686195,24
baseline_07448,11.046277877414619,45.73411657008733,17
baseline_07449,11.68033903113901,46.40904470640693,19
baseline_07450,10.65099324440024,45.8729169655631,19
baseline_07451,11.186829676891632,46.117465431394535,44
baseline_07452,11.694362385341051,46.303165544773556,13
baseline_07453,11.79048245085921,46.449961071101,16
baseline_07454,10.979851254404036,46.3119070258601,27
baseline_07455,11.923687641476757,46.2031366090161,16
baseline_07456,10.926621483077863,46.099664327432706,26
baseline_07457,11.105149538174862,45.8712343727832,28
baseline_07458,11.900554247064855,46.216325793969354,21
baseline_07459,10.650789348100979,45.911708021555874,16
baseline_07460,10.823859167033628,46.39532036113886,14
baseline_07461,11.102642821401982,46.31367725120674,36
baseline_07462,10.654818034922124,46.40579601730169,55
baseline_07463,10.65073251153929,46.42465669338834,71
baseline_07464,10.684599247437134,45.94329791589257,15
baseline_07465,11.301730117720119,46.0043872309516,211
baseline_07466,11.673788270648645,46.24715517750139,23
baseline_07467,11.086696400590494,46.05598050472832,78
baseline_07468,11.488230903252857,46.268733214576464,17
baseline_07469,11.090369114786863,46.45811999920531,18
baseline_07470,10.571009135945609,45.91761088588396,19
baseline_07471,11.591664061784588,46.303143287897996,183
baseline_07472,11.735576903811527,46.30309630597459,13
baseline_07473,11.358405770092238,46.09055902129212,28
baseline_07474,11.227812398579864,46.103671818762564,41
baseline_07475,10.600489882944624,46.18371947348903,28
baseline_07476,11.805445194273211,46.23752040810901,15
baseline_07477,11.03510469863792,45.8819511402859,214
baseline_07478,11.24225140467533,46.02349977018413,42
baseline_07479,11.087356792676996,46.18542924267003,60
baseline_07480,11.450465578310343,46.001288166423215,13
baseline_07481,11.175226538601063,46.12360094436202,51
baseline_07482,11.28903918954027,46.251959179069104,18
baseline_07483,10.685347081011816,45.839013518864796,20
baseline_07484,10.770606027215022,46.034117015472724,17
baseline_07485,11.550638403607769,46.28524027045826,181
baseline_07486,10.52730698441414,46.01722956790711,19
baseline_07487,11.122071106922041,46.433522591086344,29
baseline_07488,11.600613970910803,46.17519645886873,45
baseline_07489,10.881298505668587,46.14477774663922,74
baseline_07490,11.074051486798323,46.43987995389526,21
baseline_07491,10.845280857546133,46.086442062013326,36
baseline_07492,11.024597636384689,46.11594263479835,35
baseline_07493,11.083417507270765,45.99334430797712,37
baseline_07494,11.094188455222342,45.97764548891335,210
baseline_07495,11.654044060281807,46.37909001952402,85
baseline_07496,10.765243232536152,45.93407508418368,21
baseline_07497,11.115199316755465,46.1791386044231,70
baseline_07498,10.673582323144027,46.29198257408822,19
baseline_07499,10.655686384373181,46.12811733174812,30
baseline_07500,11.616166048945285,46.27800195329645,13
baseline_07501,11.180480423273318,45.88098878947862,27
baseline_07502,11.200145522324048,46.15216213872722,32
baseline_07503,10.61575020411753,46.34617811734369,19
baseline_07504,10.879962669407078,46.086167275792356,23
baseline_07505,10.684382028774515,46.405830240321784,16
baseline_07506,10.669092335920459,46.24469657710923,35
baseline_07507,10.661416078013636,45.995386590110215,21
baseline_07508,10.96898249563642,46.18024195794653,20
baseline_07509,11.539715956289548,46.24557535094696,15
baseline_07510,11.337640260158562,46.14644370418343,15
baseline_07511,10.767588632659088,46.401118200822204,20
baseline_07512,11.058651675798547,46.06703805471967,255
baseline_07513,11.23836262956196,46.084295417916216,51
baseline_07514,10.920273051013144,45.75664469455924,28
baseline_07515,10.776311219735955,45.846791576490034,21
baseline_07516,10.572248780728566,45.86503041477674,30
baseline_07517,10.689955449100099,45.93712283498612,23
baseline_07518,10.872120232467719,46.04934886635022,30
baseline_07519,11.075744065021917,46.52475373663292,28
baseline_07520,11.076553325907819,46.00617091128303,35
baseline_07521,11.225607533738852,46.099968063054234,44
baseline_07522,11.367076182085997,45.99766053208209,17
baseline_07523,11.62743318854794,46.21635397816895,13
baseline_07524,11.014570528037549,46.31245368913436,34
baseline_07525,11.134402582370797,46.402297494551576,87
baseline_07526,10.57125877640051,45.9902376337849,14
baseline_07527,11.754426439321708,46.43202051878689,25
baseline_07528,10.72364832667678,46.17100436358832,18
baseline_07529,11.189069171165679,46.14882102122071,57
baseline_07530,11.617365079904381,46.090835987864516,17
baseline_07531,11.380030942441424,46.174951246035334,22
baseline_07532,11.028675061205867,45.839482755946655,56
baseline_07533,10.57742971629434,45.793751033393136,19
baseline_07534,11.042709537506443,45.950666804815114,36
baseline_07535,11.274301922765924,46.01081611648019,41
baseline_07536,11.1493296292519,46.07028601852348,255
baseline_07537,10.905691328954104,45.70860903044346,26
baseline_07538,11.768671704953752,46.45854655157926,22
baseline_07539,11.47796086291746,46.215891266119755,23
baseline_07540,11.679071779658779,46.464298414861894,30
baseline_07541,11.642534892500544,46.19265318119303,14
baseline_07542,10.827643250275564,46.166392511686,14
baseline_07543,11.642489366393105,46.42410337119107,31
baseline_07544,11.70723831563436,46.37354699825573,14
baseline_07545,11.667083864359988,46.20242111730627,15
baseline_07546,11.023762150286117,46.23866778028083,34
baseline_07547,11.549323217951152,46.024854690585705,17
baseline_07548,10.59304743249166,46.32282771700999,17
baseline_07549,11.74809403945637,46.40822277823926,19
baseline_07550,10.582001161659782,46.27831636599895,33
baseline_07551,10.688722636834946,46.22009099441849,79
baseline_07552,11.124321407689148,46.177998969550025,70
baseline_07553,10.51044194741454,45.9835248050302,22
baseline_07554,11.649179449745995,46.36674257230255,102
baseline_07555,10.899209012534586,46.37608063463754,21
baseline_07556,11.145223578502408,45.855808096503324,15
baseline_07557,11.674767940984419,45.97709844480884,23
baseline_07558,11.167927793049929,46.48690305484806,19
baseline_07559,10.682519843637717,45.955108017527444,15
baseline_07560,11.927630583829883,46.18866261615913,13
baseline_07561,11.646421971840486,46.06423931578206,17
baseline_07562,10.856635636046555,45.86424119330191,46
baseline_07563,11.748073037875704,46.479155637716765,37
baseline_07564,10.853305661305438,46.20465608947279,13
baseline_07565,10.613147818977058,45.869638974890975,19
baseline_07566,10.888662556578794,45.83270563122952,20
baseline_07567,11.598865434392621,46.0607352669017,16
baseline_07568,11.190751682458624,46.488266954184915,16
baseline_07569,10.816917245925712,46.26246662194572,17
baseline_07570,11.25858503619873,46.022136065091516,53
baseline_07571,10.95415712916479,46.02295951609557,97
baseline_07572,10.59513918701035,45.94994433385493,19
baseline_07573,11.050650363984847,46.0070409581213,25
baseline_07574,10.88819408483919,45.72570962330081,20
baseline_07575,11.11809480235719,46.49053064803959,17
baseline_07576,11.056452424168487,46.188493674765084,31
baseline_07577,11.412306758336745,46.17510175767042,15
baseline_07578,11.23594110911835,45.906509772402806,17
baseline_07579,11.064431099715263,45.76449543592968,18
baseline_07580,11.141029559783277,46.07588720005661,255
baseline_07581,11.590430292346287,46.05522630797693,16
baseline_07582,10.787441937121798,46.08615435340347,19
baseline_07583,11.319472074469278,45.93947016875828,20
baseline_07584,10.750201411093972,45.84661182981952,17
baseline_07585,11.346354766936148,46.0579987471267,22
baseline_07586,10.795789627364819,45.87353912357572,29
baseline_07587,11.305155570567804,46.02309146753869,35
baseline_07588,11.82212262841179,46.4267497283094,24
baseline_07589,11.501664898096685,46.17664007896906,28
baseline_07590,10.724282020418322,46.21177043200021,36
baseline_07591,11.03516979408228,45.7689205696756,18
baseline_07592,11.56959254635774,46.08370375711017,22
baseline_07593,11.310110904260531,45.93387584521797,22
baseline_07594,11.09809387382144,46.45823587760213,18
baseline_07595,10.864667852331552,46.09891794132251,33
baseline_07596,10.74839690176128,46.31476772528527,21
baseline_07597,11.298377317423915,45.97306298362309,31
baseline_07598,11.447466607959573,46.00663054445475,14
baseline_07599,11.136860499709572,45.75242302517968,17
baseline_07600,11.102397825008627,45.98707973041308,48
baseline_07601,11.770523800859745,46.38229821740333,23
baseline_07602,11.15086752696816,45.780642314278424,25
baseline_07603,11.505825358134821,46.17817234530237,33
baseline_07604,11.012628061340335,45.89906895853212,74
baseline_07605,10.908797481900427,45.85232078172643,28
baseline_07606,11.34727856451638,46.269792312791445,17
baseline_07607,11.128741630598924,45.76028115614609,19
baseline_07608,11.427881884236191,45.98306095150843,17
baseline_07609,11.45133210489556,46.08182305247902,26
baseline_07610,11.269447761965196,46.01273726849006,111
baseline_07611,11.892959255109425,46.17451083794946,17
baseline_07612,10.680177273828468,45.94997448648052,14
baseline_07613,11.689409384464458,46.246791941973655,24
baseline_07614,10.945721456634033,45.73634713195846,221
baseline_07615,10.558570793992637,46.17642781969973,78
baseline_07616,10.743034783766145,45.89472470556106,23
baseline_07617,10.833447098536075,46.33633029558115,26
baseline_07618,11.394042107531046,46.11522684794183,32
baseline_07619,11.56984594817386,46.113268904874204,35
baseline_07620,11.741793477372978,46.24574862107733,27
baseline_07621,11.01938581014928,46.16571086984192,20
baseline_07622,11.88744130696053,46.45837945042743,28
baseline_07623,11.690771763995567,46.406332132288235,17
baseline_07624,11.17437812658192,45.84201269661106,16
baseline_07625,10.85054341585633,45.89857513801118,255
baseline_07626,10.640831498115903,46.25457363835784,14
baseline_07627,11.401006613572065,46.21316555458202,13
baseline_07628,11.000250498721197,45.945549529170535,33
baseline_07629,11.085131455803825,46.19405150039665,54
baseline_07630,11.550764224256682,46.014901051536704,14
baseline_07631,10.886391287550603,46.08634424572625,22
baseline_07632,11.40054488638961,46.19546414784179,16
baseline_07633,11.092034328359656,45.83567498438679,24
baseline_07634,11.831472246507229,46.19713159679536,31
baseline_07635,10.820515977986558,45.86668757839958,45
baseline_07636,10.723636315073705,45.968154354461625,15
baseline_07637,11.643150754215291,46.13190582069496,21
baseline_07638,11.78985578810835,46.21913079199531,16
baseline_07639,11.059946466982575,46.0635684020282,255
baseline_07640,10.605830981488893,46.00019132174022,31
baseline_07641,11.362344263271963,46.06948758511056,24
baseline_07642,10.845015628707268,46.40032561619591,21
baseline_07643,10.731679070945495,46.20178643940292,23
baseline_07644,11.580610280749681,46.04205607514905,26
baseline_07645,11.51487189826193,46.13918996044689,11
baseline_07646,10.522194069573588,45.89436422015167,21
baseline_07647,11.366115986630664,46.11992959687194,13
baseline_07648,10.936312883071023,46.10267879210713,24
baseline_07649,10.580866766608452,45.96011543756382,18
baseline_07650,11.51337010593276,46.183663873994504,32
baseline_07651,11.449087471733534,46.27004198861486,20
baseline_07652,11.179529893768061,46.08481052151528,73
baseline_07653,10.99047716145768,45.75713690925028,56
baseline_07654,10.681731111542986,46.28637437254492,13
baseline_07655,10.854698431649428,46.00848266884321,28
baseline_07656,11.075260263442123,46.435257151733126,25
baseline_07657,10.941639725235929,45.92830033873294,26
baseline_07658,11.387609803844219,46.16124932312118,29
baseline_07659,11.1919532653067,46.33482140494351,14
baseline_07660,10.975259322132981,46.15828270337707,14
baseline_07661,10.782146473457178,46.12678413184933,17
baseline_07662,10.676404133107777,45.978353356583824,16
baseline_07663,11.103406269995508,45.76181720524303,15
baseline_07664,11.003222234632586,46.15078713582806,14
baseline_07665,10.766400443119279,46.35797788675412,37
baseline_07666,11.27252036453522,45.98381319318515,31
baseline_07667,11.883847861047908,46.27449201504057,78
baseline_07668,10.834002479595263,46.221220344364156,17
baseline_07669,10.662654272980557,46.07399683209707,13
baseline_07670,11.793579184558489,46.260322054341046,18
baseline_07671,10.711672327330293,46.0525262080553,24
baseline_07672,10.97930621045605,45.83104539559804,38
baseline_07673,11.162125637815528,46.386468239931766,17
baseline_07674,10.694150808790777,46.200213408530814,80
baseline_07675,11.101583422879642,46.43671849548063,37
baseline_07676,10.689383951530667,46.30196894888023,143
baseline_07677,10.946529462481042,45.95845808964263,18
baseline_07678,10.91078380479083,46.1354375442118,42
baseline_07679,11.10066567170074,45.82160606641937,26
baseline_07680,10.655592212742208,45.87984726765393,18
baseline_07681,11.818411238319655,46.24889351557701,17
baseline_07682,11.14239171515608,46.36692013501104,20
baseline_07683,11.08971753693694,46.44689313993143,19
baseline_07684,11.096130963289696,46.00446866293613,42
baseline_07685,10.913765966522114,45.886816477854744,42
baseline_07686,10.872827911358025,45.89025003976437,73
baseline_07687,11.11066534493188,45.89986867173485,30
baseline_07688,11.27789061992326,45.922445284293524,24
baseline_07689,11.561558587792772,46.14795549584668,28
baseline_07690,10.603041552785653,46.29981788307479,36
baseline_07691,10.595686929392441,46.023142810213116,24
baseline_07692,10.59705998052246,45.981379806194745,27
baseline_07693,10.932349925808602,45.68848624401073,22
baseline_07694,11.080163709916594,46.30148636198588,73
baseline_07695,11.715755047569992,46.28216726858695,12
baseline_07696,11.014868924799961,46.27337856872243,29
baseline_07697,11.65038555015732,46.14826123846557,21
baseline_07698,11.430953609604883,46.219901872811384,15
baseline_07699,10.96560004209984,46.42153019332515,21
baseline_07700,10.752024105648717,45.986082889009175,25
baseline_07701,11.124635500715868,46.1300684034007,229
baseline_07702,11.664220096934509,46.13189415507754,22
baseline_07703,11.599099228511786,46.07791078285174,21
baseline_07704,11.65958410915121,46.40362109705141,19
baseline_07705,10.948401000957084,46.268222338188124,13
baseline_07706,10.897856182160009,46.301511744854274,17
baseline_07707,10.944636899862958,46.355370666545895,16
baseline_07708,11.303473138898372,46.05388348366931,23
baseline_07709,11.124295809955564,46.188611745509036,208
baseline_07710,11.480346805595298,46.34831973158141,15
baseline_07711,10.789822855157578,46.28241922281935,15
baseline_07712,11.598138209532376,46.07519956083406,23
baseline_07713,10.830026568866337,46.33266445406278,21
baseline_07714,11.039909734492573,46.14552399902293,34
baseline_07715,11.91443269997312,46.16354273693643,31
baseline_07716,10.726429708776104,46.34086475991351,21
baseline_07717,10.756465629912716,46.28300303114315,13
baseline_07718,11.351180548722468,45.99625750422858,18
baseline_07719,10.863532340896189,46.044996450493294,32
baseline_07720,11.21896491167862,46.16984517571391,132
baseline_07721,11.231997968677819,46.20396000788974,23
baseline_07722,10.795535333235376,46.26368291781483,36
baseline_07723,11.815524869089682,46.309800500806254,24
baseline_07724,11.581680182934411,46.301240983743405,26
baseline_07725,11.17602930500883,46.43313458707924,24
baseline_07726,10.948224297183023,46.011728768601145,120
baseline_07727,10.52567817600743,46.346505859909016,42
baseline_07728,11.47451519837858,46.31641925726865,22
baseline_07729,11.784443291960514,46.254880800877096,13
baseline_07730,11.004320816024261,46.2257058004865,19
baseline_07731,11.225784502155282,46.113729730790034,37
baseline_07732,10.610686701313696,46.337751338001326,15
baseline_07733,10.842245108301888,45.874879744153674,53
baseline_07734,11.32137297627289,46.0134305647784,169
baseline_07735,10.818846041736627,46.28510559737968,20
baseline_07736,11.339507890508237,46.202281716662995,15
baseline_07737,11.876153263719155,46.23496540253121,48
baseline_07738,10.901137618788205,45.91087009984214,210
baseline_07739,11.15093892846029,46.447583901928354,24
baseline_07740,10.920047210495987,45.767760344424566,25
baseline_07741,10.882436932088382,45.87264976333464,229
baseline_07742,11.613238318972368,46.387104910773765,19
baseline_07743,10.768369789252159,46.19862373109441,20
baseline_07744,10.949780246361625,46.211914015582614,62
baseline_07745,11.525693462302288,46.16117867789547,13
baseline_07746,11.515730045763137,46.16514397783842,15
baseline_07747,11.100543123352448,46.10835541415428,255
baseline_07748,10.926873423453157,46.10930296304004,32
baseline_07749,10.789020204728908,46.250842270282824,44
baseline_07750,10.950499052431578,46.24573463082585,12
baseline_07751,11.172686305257159,45.9390295170909,21
baseline_07752,11.47516707301212,46.09332320092707,26
baseline_07753,10.600034414314221,46.26355319053503,20
baseline_07754,11.445557003623572,46.225026430214754,13
baseline_07755,10.781382131918718,46.17509317209974,15
baseline_07756,10.676698055534432,45.84263985273879,15
baseline_07757,11.069737399868147,46.1785341847776,164
baseline_07758,10.955280084024034,46.33160923191605,17
baseline_07759,11.85660222094518,46.260687438111894,80
baseline_07760,11.045247182844335,45.84108826022525,44
baseline_07761,11.144965952230821,45.942583691036425,27
baseline_07762,10.63178635031385,46.20881248355307,63
baseline_07763,10.68766944316604,46.184010832102615,50
baseline_07764,10.645499221570127,45.903253546496906,19
baseline_07765,11.188317242242228,45.92405322321761,23
baseline_07766,10.50262828371395,45.88191041995544,27
baseline_07767,10.991389767513343,45.9895339304556,24
baseline_07768,10.507716011522916,46.02646003984261,20
baseline_07769,11.162583675546397,45.736212360511566,20
baseline_07770,11.08378057143409,45.93880422490386,40
baseline_07771,10.69407780567109,46.14683149708986,15
baseline_07772,10.828768871075473,46.242877835619865,19
baseline_07773,10.593058639583266,46.21896137834484,67
baseline_07774,11.173679894461893,46.30287223318304,16
baseline_07775,11.639074504256076,46.39776611220332,14
baseline_07776,10.943039820500086,46.049277092885916,31
baseline_07777,11.443481913592287,46.21677033433311,13
baseline_07778,11.003086089904212,45.927511471720145,42
baseline_07779,11.08551726555126,46.270663686106204,195
baseline_07780,10.839929704166714,45.99088644363235,18
baseline_07781,10.955184028215767,45.78130795385105,24
baseline_07782,11.068362303283552,46.279883093108936,43
baseline_07783,11.099803845926598,46.102713412409805,255
baseline_07784,11.188301695872585,46.136441714172925,48
baseline_07785,10.659003273908835,46.02548741116667,18
baseline_07786,11.02174486595305,46.241172541200044,28
baseline_07787,11.304534931087103,45.995022072027346,51
baseline_07788,10.961515889178074,45.69296373622071,26
baseline_07789,10.609584031016059,46.338001496909435,15
baseline_07790,10.767595066873682,45.938950968737586,25
baseline_07791,10.502303164043946,46.04826569191764,32
baseline_07792,11.170680169994714,45.81358202124641,27
baseline_07793,10.625176086799526,45.82969451476466,17
baseline_07794,11.488273896943902,46.322217593203035,18
baseline_07795,11.687718843058299,46.17879017113046,13
baseline_07796,11.17787157982329,45.81016338612507,28
baseline_07797,11.788268702641844,46.112334814370996,17
baseline_07798,11.437669917417006,46.055188164656705,33
baseline_07799,10.874761628999826,46.06341015582329,29
baseline_07800,10.533990141451739,45.91893755169498,23
baseline_07801,11.29762548927434,46.09520684040557,26
baseline_07802,11.644498207786746,46.43898999017832,19
baseline_07803,11.088753134727483,46.16911778453916,67
baseline_07804,10.532290511387334,45.923293757233516,19
baseline_07805,11.080548811934792,46.033352558646854,54
baseline_07806,11.212442344057738,45.95159999425462,22
baseline_07807,11.069060122914557,46.399403553993444,52
baseline_07808,11.082057444193017,46.268630000416614,232
baseline_07809,10.68730134761301,46.21273334880712,81
baseline_07810,10.71940538178814,46.06943301849613,52
baseline_07811,11.136578835094125,46.073514068855985,255
baseline_07812,10.830773260825465,46.09849483321108,20
baseline_07813,11.119162049487237,46.370003782122424,24
baseline_07814,10.932696255567095,46.07551509694166,19
baseline_07815,11.107768359922868,45.795251284442024,21
baseline_07816,11.380952898372279,46.10305814086239,23
baseline_07817,11.137653934609613,46.46532463132928,21
baseline_07818,10.658145847590708,46.35812087266663,23
baseline_07819,10.673700126052427,46.017841509881286,22
baseline_07820,11.539159866862782,46.28138922663886,46
baseline_07821,10.748093292330289,46.09666572866046,49
baseline_07822,10.50247052196493,46.00591855682334,24
baseline_07823,11.535658707258023,46.13972341419064,11
baseline_07824,11.058587790543836,45.93574740635467,47
baseline_07825,11.165131360353037,46.42116814202461,27
baseline_07826,11.718257268354458,46.21991597697653,12
baseline_07827,10.670252350867768,46.17403093998702,31
baseline_07828,10.715351160731412,46.32810358935741,23
baseline_07829,10.84874962657203,46.151676041207836,73
baseline_07830,11.718772694828388,46.353952781633225,12
baseline_07831,10.580214073626015,46.19234995870354,37
baseline_07832,11.11685573254694,46.47365304345096,15
baseline_07833,11.057027152229749,46.42312713856087,26
baseline_07834,10.607451510122754,45.81956902485538,18
baseline_07835,10.793734067927664,46.038137331293335,18
baseline_07836,11.279969682640335,45.993702011340304,68
baseline_07837,11.120847489233007,45.99913571756484,121
baseline_07838,11.508698449544282,46.23035783685602,25
baseline_07839,10.895823242215119,45.744465347339286,23
baseline_07840,10.612532447596028,46.15049155337396,75
baseline_07841,10.99922336122973,46.29779181774328,19
baseline_07842,10.977916267460426,45.9215077117985,39
baseline_07843,10.712252063355852,46.448070008719995,75
baseline_07844,11.163194645179127,46.45086294917787,24
baseline_07845,11.646416508165947,46.08004673085827,21
baseline_07846,11.431709799193221,46.25299941237911,13
baseline_07847,10.956385937971602,45.87076476817541,38
baseline_07848,11.357273402372678,45.94923206548039,25
baseline_07849,11.031636542672024,46.25623573880267,51
baseline_07850,10.877106650177568,46.02077454515302,27
baseline_07851,10.622911074715672,46.342561587704715,15
baseline_07852,10.771226630711954,45.92379649182049,19
baseline_07853,11.144943596759935,46.34464008821903,16
baseline_07854,11.123119391062966,46.03736307377988,255
baseline_07855,11.587561158853154,46.310733806554495,44
baseline_07856,11.617549777355773,46.26356930710396,21
baseline_07857,11.127877950414439,46.13183088272516,242
baseline_07858,11.25311531021056,45.968339839378714,25
baseline_07859,11.610563852512438,46.36817247021031,19
baseline_07860,11.143764016051286,46.18786108655479,115
baseline_07861,10.522336514889762,45.98525513526589,14
baseline_07862,10.902777760551228,46.295275460287904,16
baseline_07863,10.864401777851912,46.19952739668043,11
baseline_07864,11.230929980806861,45.854740413858416,17
baseline_07865,11.057603564722362,45.9165028797838,255
baseline_07866,10.520382236317964,45.97864443685437,17
baseline_07867,10.838150067000004,45.95732619143022,31
baseline_07868,11.305597861541038,46.169666010012406,47
baseline_07869,11.11192758314753,45.82998338067081,19
baseline_07870,11.016995103756852,45.88230684474619,255
baseline_07871,10.671780919850471,46.052522052013266,15
baseline_07872,10.628280041390676,46.26765288814314,13
baseline_07873,11.014063694058626,46.268949227932474,29
baseline_07874,10.559185792888538,46.13239766883466,78
baseline_07875,11.072091280781947,46.03782944705568,51
baseline_07876,11.225145207789858,46.14931798531068,31
baseline_07877,10.818921778918998,46.38401534653688,23
baseline_07878,11.074646323122247,46.10302109854991,81
baseline_07879,10.768893511662217,46.37711803611506,17
baseline_07880,11.137955313813338,46.27020950837888,25
baseline_07881,11.435353604079214,46.26911993242355,14
baseline_07882,10.67546614102326,46.41125976542667,24
baseline_07883,10.852055766425881,45.970628187743046,33
baseline_07884,11.7003123650367,46.380474167628975,25
baseline_07885,11.18374136492315,46.35385093685131,26
baseline_07886,11.758060618862878,46.29069444698554,13
baseline_07887,10.715811503730409,45.88610887737213,18
baseline_07888,11.140534551725722,45.76206113151275,20
baseline_07889,11.101429505408168,46.06683467204718,193
baseline_07890,11.206048079369353,46.1333466269826,38
baseline_07891,11.673782968644437,45.96888352295491,19
baseline_07892,10.66981671197167,46.38868345848277,17
baseline_07893,10.725515988991845,46.05651522948112,23
baseline_07894,11.841173344490995,46.11883953952884,12
baseline_07895,11.386750045987855,46.18009254387766,24
baseline_07896,11.270583346456906,46.06942634519214,79
baseline_07897,11.163148072318343,45.925063808471755,20
baseline_07898,10.949779633625313,45.89477580330062,226
baseline_07899,11.134872639214919,45.92654065633473,26
baseline_07900,10.556845714549954,45.91168029461767,17
baseline_07901,10.626749315255115,46.197894960401044,23
baseline_07902,11.33023151130637,46.268036754396825,17
baseline_07903,11.837330895418473,46.26746483152741,77
baseline_07904,11.805417111883248,46.11665685944196,17
baseline_07905,10.884753458650374,45.9262782909656,72
baseline_07906,11.364670377468522,46.03580067915197,22
baseline_07907,11.643044731135962,45.97347300112325,14
baseline_07908,10.631706752074743,46.43591294419381,80
baseline_07909,10.92966359128072,45.87248289692677,40
baseline_07910,11.024369833123043,45.78582421906297,30
baseline_07911,10.649392651680124,46.21964779467195,79
baseline_07912,10.904642445059084,45.886254395664714,50
baseline_07913,10.77423371148394,46.05133562342036,133
baseline_07914,11.077375197160904,46.23085970926647,46
baseline_07915,10.88162055910265,46.065593496311905,27
baseline_07916,11.753701510823415,46.36083198644995,23
baseline_07917,10.611028775886338,46.21094088507039,42
baseline_07918,10.76898755128309,46.27372058409609,20
baseline_07919,11.194728020308101,46.40180637900812,18
baseline_07920,11.294514965105513,46.09286242763114,27
baseline_07921,11.049031034788841,45.73959400027118,21
baseline_07922,11.392676967016783,46.112119095788984,32
baseline_07923,11.228046824015564,45.996900888191036,79
baseline_07924,10.986411600673968,45.95337151022503,23
baseline_07925,11.743032107796866,46.2583523367479,36
baseline_07926,11.869359201492735,46.4598113488809,22
baseline_07927,11.242717957729688,46.1376123323235,28
baseline_07928,11.105978228788285,45.70856709583988,17
baseline_07929,11.37888500100939,46.00843087082572,17
baseline_07930,11.845493028801835,46.19388999545745,26
baseline_07931,11.498564047045496,46.131007233162876,16
baseline_07932,10.885079315886621,46.432765974959196,28
baseline_07933,10.948192214823967,45.71110665654055,23
baseline_07934,10.571908270157941,45.86229305928616,60
baseline_07935,11.147489879617892,46.3546977993674,18
baseline_07936,10.766386665372856,46.04496876629643,31
baseline_07937,11.028702103444322,46.048313125669175,24
baseline_07938,10.894779499978288,46.35037858106768,28
baseline_07939,11.879328304993372,46.277070888331075,78
baseline_07940,10.66976882163779,46.07092669472349,13
baseline_07941,11.11328988739794,45.741675009006066,24
baseline_07942,11.575152222189576,46.022698194607145,19
baseline_07943,10.787352355576829,46.22142072145751,30
baseline_07944,10.976319794225557,46.421289320190404,20
baseline_07945,11.516017230554514,46.086040090984625,25
baseline_07946,10.96901514133457,46.0386826868808,101
baseline_07947,10.743565554633808,46.23229956108876,49
baseline_07948,11.749473293973036,46.405189887109024,23
baseline_07949,11.136378757441928,46.22708915761029,47
baseline_07950,10.951595731875651,45.965029767375185,23
baseline_07951,10.990661607033157,46.17521620968009,16
baseline_07952,10.7093315696574,45.969101850632974,17
baseline_07953,10.698760002035677,45.89184375341243,22
baseline_07954,10.952314354124796,45.96339051131988,24
baseline_07955,11.824192598552141,46.12119432014812,14
baseline_07956,11.54957119900215,46.275294172231995,17
baseline_07957,10.788964899167997,46.17077429942574,14
baseline_07958,11.13177452410166,46.4603554427215,38
baseline_07959,10.60970147116743,46.030327171123815,24
baseline_07960,11.334063391307335,46.22133903623824,15
baseline_07961,11.04280940418664,46.3496240159291,255
baseline_07962,10.872962818540875,46.25021616181086,25
baseline_07963,11.8083842787475,46.314664184289526,18
baseline_07964,11.103626283831552,46.31464950536713,36
baseline_07965,10.76524455149512,46.2850292386042,12
baseline_07966,11.362019033506765,45.975861371216546,17
baseline_07967,11.155002655718887,46.265930258569306,28
baseline_07968,11.09155101658931,45.81194004509858,22
baseline_07969,10.924698159232866,46.39567276538051,25
baseline_07970,10.69338659391718,45.90905848605679,22
baseline_07971,11.290825944000881,45.95072862623162,19
baseline_07972,11.895150497019765,46.168256894146104,15
baseline_07973,11.54186021391998,46.106869884531456,34
baseline_07974,10.589846533054667,46.32591426610229,21
baseline_07975,10.669399640925995,45.865412345030336,13
baseline_07976,10.989756524328504,46.145723139094734,13
baseline_07977,10.782209427297444,46.065994361105325,25
baseline_07978,11.412775544672934,46.05981617963224,26
baseline_07979,10.702511976048374,46.33257181267741,23
baseline_07980,10.559272568018882,45.947063596055095,17
baseline_07981,11.02769955532428,46.19598217639591,23
baseline_07982,11.44927505414976,45.989487858561574,14
baseline_07983,11.504845919128455,46.172940879564884,26
baseline_07984,11.199402846056739,46.16174139102256,36
baseline_07985,11.376094403415017,45.991864227502035,13
baseline_07986,11.007869860626316,46.43930669107116,17
baseline_07987,10.941955832711995,46.23072046641251,27
baseline_07988,11.302890254748014,46.21610012471533,15
baseline_07989,11.121566329695412,45.93122989304444,29
baseline_07990,11.002892928789041,46.43849753647819,16
baseline_07991,11.720866553094835,46.44493074425341,20
baseline_07992,11.29685655827217,46.20984184034935,14
baseline_07993,11.875277901796085,46.266108331863585,79
baseline_07994,10.650065063408368,46.40679917308284,66
baseline_07995,11.426899299998327,46.1034886599936,27
baseline_07996,10.731626119065915,45.93037567007998,22
baseline_07997,10.542904455016028,45.84877994391366,26
baseline_07998,11.644809422254149,46.24471783550002,16
baseline_07999,11.16760003562626,46.0046495756595,37
baseline_08000,10.758072376498099,46.114040550249115,188
baseline_08001,11.553100787169496,46.26053717203855,14
baseline_08002,10.817727684564254,46.29519640519698,16
baseline_08003,10.590518006457408,45.81783261144889,19
baseline_08004,10.883829158364472,46.30662736212235,17
baseline_08005,10.713345582065038,45.84513758308733,16
baseline_08006,10.718111407810177,46.28922170821134,13
baseline_08007,11.695034822785066,46.44803392191508,26
baseline_08008,10.998584004706466,46.38719823724517,22
baseline_08009,10.70109987596815,46.084196353941515,20
baseline_08010,10.93104078402981,46.1616012934939,17
baseline_08011,11.686815296960317,46.195663227798015,17
baseline_08012,10.684630280039954,45.933057103289215,23
baseline_08013,11.211037607880908,45.98845468793677,24
baseline_08014,10.555918428859446,45.85723507031492,28
baseline_08015,11.611040208592174,46.20910821614646,11
baseline_08016,11.098013884094557,46.030707106171,70
baseline_08017,10.732631348580146,45.878634010310954,181
baseline_08018,10.578465077983779,45.86536303461595,29
baseline_08019,10.591583000271926,46.18214210624075,20
baseline_08020,11.025999438214296,46.0274021943844,20
baseline_08021,10.628970713452432,46.1651245858065,22
baseline_08022,11.045197533847569,46.155928286263034,34
baseline_08023,11.120294734918884,45.803272606099036,21
baseline_08024,11.397892167925598,46.093538581837265,26
baseline_08025,11.527032415675402,46.27135003104912,17
baseline_08026,10.55674526155615,46.08940720025432,30
baseline_08027,10.891127340895109,45.94903279257211,41
baseline_08028,11.543123515069603,46.34528079975455,24
baseline_08029,10.850242145788881,45.989306323521376,18
baseline_08030,10.839071529390077,46.11950070561704,38
baseline_08031,11.615284423582569,45.96957619091637,29
baseline_08032,11.700526832000389,46.09945258489178,16
baseline_08033,10.976008169836836,46.27787282090992,21
baseline_08034,10.993158772109458,46.412324020156305,19
baseline_08035,11.145916927992003,45.867346010942086,12
baseline_08036,11.699217508983832,46.32307212621363,19
baseline_08037,10.767870684845517,46.01209576742065,17
baseline_08038,11.713928434312319,46.24241769808562,14
baseline_08039,11.740406740350172,46.31313762355092,14
baseline_08040,11.794843239305553,46.322332802086734,14
baseline_08041,11.318277348597798,45.99897107886018,33
baseline_08042,11.054838610142545,46.06997033496527,176
baseline_08043,11.755340515186164,46.505381351186244,30
baseline_08044,11.05223393690284,46.19292264745008,30
baseline_08045,10.615492762863628,46.25880414093507,16
baseline_08046,10.525553626103905,46.03487502506367,25
baseline_08047,10.829321193400384,45.858838055658865,38
baseline_08048,11.259644466431137,46.09514195518035,36
baseline_08049,10.88319966311619,46.2714120778877,20
baseline_08050,11.499788354995822,46.14773217689285,15
baseline_08051,11.393384423173815,46.232915912032134,12
baseline_08052,10.819893038098463,45.961070301299976,22
baseline_08053,11.488318703948348,46.14631308128316,14
baseline_08054,10.962280723043024,45.90885269610939,41
baseline_08055,10.930104938472937,46.421444792846586,13
baseline_08056,10.771806357688298,46.33459267520404,17
baseline_08057,11.802928785546493,46.494170995602516,29
baseline_08058,11.840954345871484,46.11962251318829,12
baseline_08059,10.701594125283496,46.318847288464724,14
baseline_08060,11.099292735906934,46.139647919167025,255
baseline_08061,11.825150089525465,46.14407190713855,21
baseline_08062,11.19094598885524,46.01382068702017,48
baseline_08063,11.302055305522275,46.21899428766936,23
baseline_08064,10.67180057054267,45.879755668442456,31
baseline_08065,10.80777779991121,45.89249955902257,31
baseline_08066,11.002201608196188,45.94055279476238,39
baseline_08067,11.088304764001025,46.360627716295596,57
baseline_08068,11.045710745770084,46.09529133383543,81
baseline_08069,10.796598296615725,46.06628178197726,24
baseline_08070,10.973673919987762,45.817940655865804,41
baseline_08071,11.120289158395462,46.016621910304956,87
baseline_08072,10.636238287458482,45.98110925038677,19
baseline_08073,10.908268770626057,46.11402345403884,38
baseline_08074,10.619742361059675,46.34057676941059,15
baseline_08075,11.115980041341857,46.14084282512458,255
baseline_08076,11.519794834293092,46.284740030252976,249
baseline_08077,10.56201263946531,46.13651170291546,75
baseline_08078,10.630852208752549,45.93686679030657,65
baseline_08079,11.838076674427016,46.41239655811371,52
baseline_08080,10.955003470274477,45.9651401211366,24
baseline_08081,11.40477633984552,45.99894367567346,14
baseline_08082,10.981871880956653,45.89496670962395,41
baseline_08083,11.572340781704725,46.10361989113983,32
baseline_08084,10.825018125813594,46.10859249314326,17
baseline_08085,10.838144289439247,46.40340424412688,22
baseline_08086,11.628730371042039,46.40024930291053,18
baseline_08087,10.801869004731769,46.06173026528294,26
baseline_08088,10.751914288846665,46.42748167309354,30
baseline_08089,11.474363503403149,46.21639437445444,20
baseline_08090,11.071959791865151,46.03757179610335,51
baseline_08091,11.895249969092323,46.22641148952333,19
baseline_08092,10.660163946818347,46.09997861882617,11
baseline_08093,10.678546410859878,45.86257450767262,14
baseline_08094,11.164567233886611,45.902580332116585,18
baseline_08095,11.747150240240742,46.50371026667419,35
baseline_08096,11.124452029763242,46.42318242000221,32
baseline_08097,10.765894531377997,46.359147580378384,37
baseline_08098,10.802291894051647,45.989109056623114,17
baseline_08099,11.318663484574676,46.02242951011947,48
baseline_08100,11.074364408643,46.26911427895064,47
baseline_08101,10.867761909443955,46.12677046324095,61
baseline_08102,10.832690443106884,45.906842065096676,62
baseline_08103,11.768849279535674,46.49966968888663,26
baseline_08104,11.187887204849849,46.163518940313,57
baseline_08105,11.528548100951772,46.16867063041479,18
baseline_08106,11.677754132545152,46.18373751896841,12
baseline_08107,10.989070338044705,45.918087626928305,37
baseline_08108,11.58341058062447,46.04080209546147,26
baseline_08109,10.949649221463146,45.7917323050844,22
baseline_08110,10.579916027808583,46.31100919255951,34
baseline_08111,11.109500861176812,46.08114744405296,255
baseline_08112,11.857390406946758,46.437553082645515,77
baseline_08113,11.793513562821474,46.29085639824469,26
baseline_08114,10.761414545577177,45.93610746684995,19
baseline_08115,10.730342935162572,45.94213858257761,18
baseline_08116,10.629764989109525,46.02493412826488,14
baseline_08117,10.77374844508058,45.86894533720277,28
baseline_08118,10.697384128905062,45.912422602657045,23
baseline_08119,11.5583895340499,46.19416419444473,14
baseline_08120,11.537466229250743,46.263676419111206,14
baseline_08121,10.64170917427652,46.285396797252815,15
baseline_08122,10.881017878099618,46.23723616134707,42
baseline_08123,11.745933227999288,46.42461883178266,20
baseline_08124,10.908005807801496,45.91529880869074,206
baseline_08125,10.714641238394423,46.27981526626056,11
baseline_08126,10.82263869677005,46.28671303517724,20
baseline_08127,11.621208467338711,46.34997210194749,48
baseline_08128,11.792102588681526,46.44008539640199,20
baseline_08129,10.75733522591342,45.85631328330067,18
baseline_08130,10.707468559301304,46.132950800573845,19
baseline_08131,11.165013395609781,45.9818402177281,19
baseline_08132,11.064575970182005,46.09602154789626,111
baseline_08133,10.766588353933265,46.462764981162316,36
baseline_08134,11.078432062122646,45.95303433628967,39
baseline_08135,10.865985940523094,46.06540118884137,28
baseline_08136,10.57726355017932,46.118136394309204,80
baseline_08137,10.648423334467001,46.299724706430425,17
baseline_08138,11.759331861704299,46.49874586460321,26
baseline_08139,11.902054971768452,46.25359884516366,65
baseline_08140,11.240344821844825,46.18425342064507,95
baseline_08141,10.632359061164376,45.93151741880465,173
baseline_08142,11.058451009261136,45.891847927701356,108
baseline_08143,10.607903758755329,46.17393656015692,57
baseline_08144,11.323158464651796,45.98531600755682,27
baseline_08145,10.910567199808376,46.3020425346175,20
baseline_08146,10.773789406002372,46.302227235673996,13
baseline_08147,11.614787537310184,46.11687001075125,15
baseline_08148,11.27792774476923,46.233297949052094,18
baseline_08149,10.960493526377432,46.28397363084928,19
baseline_08150,11.551933392845275,46.06724754311801,20
baseline_08151,11.792642711357594,46.216944602390356,14
baseline_08152,10.966770122155882,45.82131674969894,38
baseline_08153,11.586609656011055,46.29827439555294,44
baseline_08154,11.06577768000355,46.16467051714389,48
baseline_08155,11.336744129808032,46.20144579399634,15
baseline_08156,11.458027414071188,46.02720105144728,23
baseline_08157,10.996904775213327,46.29126458551486,22
baseline_08158,11.70440666235747,46.22904221938445,11
baseline_08159,10.997541230682593,45.7272101672159,22
baseline_08160,10.916621174606414,46.32485956482271,19
baseline_08161,10.615979782095685,46.28984936339627,22
baseline_08162,11.708971487800525,46.317361103319485,18
baseline_08163,10.522663827931567,45.88444077411042,16
baseline_08164,11.406167743248329,46.31955541592195,17
baseline_08165,11.081995442475192,46.286679724660345,149
baseline_08166,11.605868510813552,46.31925080754254,97
baseline_08167,11.65233704481067,46.280406367302724,14
baseline_08168,11.229935382348115,45.907661152836745,16
baseline_08169,11.502439229105917,46.04720801340035,231
baseline_08170,11.5436664040823,46.13806861792674,14
baseline_08171,11.759221884264399,46.47615416210674,18
baseline_08172,10.718073600798457,46.02540424769235,23
baseline_08173,10.54173063323251,46.08125176893739,33
baseline_08174,10.884835482552052,46.41560871759699,31
baseline_08175,11.119347766869991,46.040220389926056,255
baseline_08176,11.049143424878066,46.25518668458784,75
baseline_08177,10.587874967430695,46.18732009566664,15
baseline_08178,11.17219943321005,45.97394809350246,19
baseline_08179,11.749965975384018,46.36656465228217,11
baseline_08180,10.74500540006506,45.960029966660834,22
baseline_08181,10.79324951192464,45.859271582229916,18
baseline_08182,11.149264705985509,46.33973601276197,14
baseline_08183,10.841803637652678,46.327110813418706,23
baseline_08184,10.5829339813697,46.11580353640815,79
baseline_08185,11.15460893347752,46.313377148152604,20
baseline_08186,11.008249667155233,45.7805124163481,50
baseline_08187,11.60034399047445,46.16725501159711,38
baseline_08188,11.658497663335904,46.39589392721073,15
baseline_08189,11.19627518656831,45.87117764903483,22
baseline_08190,11.257036364392059,45.97818651901406,26
baseline_08191,11.05681667200805,46.3380631194219,158
baseline_08192,10.663405739685825,46.34941098100847,17
baseline_08193,11.560000090819788,46.287356325340184,255
baseline_08194,10.765829476898586,46.477647368511875,54
baseline_08195,10.804508716546424,46.328027262183554,19
baseline_08196,11.483640485387244,46.21671469723603,25
baseline_08197,10.770249194924531,45.914515280609535,23
baseline_08198,11.054364722946572,46.33179506014171,183
baseline_08199,10.576813253343003,45.98256906017857,18
baseline_08200,11.187662974485612,46.14374595012661,80
baseline_08201,11.886483223161141,46.16433985463093,18
baseline_08202,10.899028054127445,46.398980415814336,32
baseline_08203,10.990796604214419,45.933026990536135,39
baseline_08204,11.00757459542543,46.2454719719252,17
baseline_08205,10.88931983789643,45.95088163562405,41
baseline_08206,11.52969657160899,46.21411977455422,41
baseline_08207,11.132430188828529,46.22999334481914,42
baseline_08208,11.948921550926292,46.19114961102715,14
baseline_08209,11.241332992842015,45.98481597488924,30
baseline_08210,10.760635902694265,46.29720255556345,14
baseline_08211,10.774543183235076,46.363402292806605,34
baseline_08212,11.379121235780028,46.19515285611211,19
baseline_08213,11.83244574741734,46.2551495162572,47
baseline_08214,11.23451546305841,45.860119889072564,19
baseline_08215,10.771283609850832,46.269296939042476,25
baseline_08216,11.349292615777912,45.99468332242501,18
baseline_08217,11.330850086053475,46.25278760077342,19
baseline_08218,11.629530365481472,46.25858745634959,33
baseline_08219,11.776924699581514,46.306331911060056,20
baseline_08220,11.243770134496845,46.221566694262755,19
baseline_08221,11.611457170173525,46.01974998376085,28
baseline_08222,11.198760657667506,46.07803413230076,110
baseline_08223,11.767682216318791,46.3858091356765,29
baseline_08224,11.323828703427258,46.130385008456145,18
baseline_08225,10.824737967952036,46.15414430156721,23
baseline_08226,10.993565004074217,46.202420444153596,27
baseline_08227,10.673713338803841,46.07689140552279,16
baseline_08228,10.984644594108083,46.326056784495194,27
baseline_08229,10.817789706943882,46.255206360574135,26
baseline_08230,10.897765181752918,46.165539051042316,71
baseline_08231,11.364178845513026,46.20194641463152,16
baseline_08232,10.755929474393072,46.15704162183247,220
baseline_08233,10.93617771512465,46.31291890060937,30
baseline_08234,11.078737410986701,46.04745378517498,64
baseline_08235,11.453009654186115,45.989410695272376,14
baseline_08236,10.67821589911338,46.405880574724534,24
baseline_08237,11.670751105524413,46.075205530785276,19
baseline_08238,10.760402794005852,46.25045509005453,67
baseline_08239,10.786722585090127,46.311891976463514,21
baseline_08240,10.705599713909454,46.30580656326672,19
baseline_08241,11.444382964853688,46.069581272500436,38
baseline_08242,10.709024283537504,46.30054530125546,21
baseline_08243,10.882847488690116,46.107246284133744,22
baseline_08244,10.856896461483815,45.85679466600739,41
baseline_08245,11.043508510951165,46.3583783777472,255
baseline_08246,11.1029571943759,46.292187558210365,33
baseline_08247,11.550797358908879,46.316093774415094,21
baseline_08248,10.766216797470884,46.41163103400124,13
baseline_08249,10.685217366650294,45.939125644213114,17
baseline_08250,11.160718190691004,45.98029525387925,20
baseline_08251,11.653068510806664,46.349728279122374,14
baseline_08252,11.078851466633951,46.46017379224312,18
baseline_08253,11.617122610741193,46.237941147391986,16
baseline_08254,10.614506910487293,45.918500766625584,24
baseline_08255,11.587006645784971,46.37357017664257,41
baseline_08256,11.533448842789632,46.03281982364644,25
baseline_08257,10.837318938985689,46.09758263604213,33
baseline_08258,10.805396493503341,46.05175480063358,19
baseline_08259,10.953353119040939,46.04854053040534,30
baseline_08260,10.74130670481199,46.13935489248446,22
baseline_08261,11.802571711785507,46.30952224694488,26
baseline_08262,11.120708576439679,46.18330505241293,67
baseline_08263,11.845524171349899,46.137140436110876,15
baseline_08264,10.809294146799287,46.055694922311964,22
baseline_08265,10.823073994163046,45.89997170409095,45
baseline_08266,11.219756358903673,46.20528638939266,23
baseline_08267,11.212585071725302,46.012695674033516,31
baseline_08268,10.814360958777147,46.1128475969277,17
baseline_08269,11.314224890426383,46.1818235324777,16
baseline_08270,11.66402889659865,46.49200897268212,26
baseline_08271,10.902620059686583,46.425400402051125,16
baseline_08272,10.993492787771252,46.12737218767393,15
baseline_08273,10.621539728316886,46.378419884526046,66
baseline_08274,11.69473853586419,46.10674030530235,18
baseline_08275,10.520192058256889,45.95682424910593,23
baseline_08276,10.921005684543196,46.20780508150407,64
baseline_08277,10.90486280724045,46.36305142215437,27
baseline_08278,10.772357144869234,46.018966175847424,19
baseline_08279,11.118825589459602,46.06816333990679,255
baseline_08280,11.561973267249593,46.174207800252255,14
baseline_08281,11.095763509673302,45.8330845905484,25
baseline_08282,10.627120442034112,45.96362969146229,25
baseline_08283,11.320122973933856,46.25828135245608,19
baseline_08284,11.284920368888335,46.02448341866098,39
baseline_08285,11.211594924484952,46.46955189183422,20
baseline_08286,10.558142815550351,46.15716787175758,80
baseline_08287,11.239428203990014,45.86349007900472,22
baseline_08288,11.683224643668487,46.11639229713957,25
baseline_08289,10.96389852632576,46.407954570683216,17
baseline_08290,10.743784673040098,46.11900149788841,23
baseline_08291,10.896778669083476,45.97721314957859,30
baseline_08292,10.592150453203113,45.99524375530447,30
baseline_08293,10.898138643990581,46.16161958226343,67
baseline_08294,11.058214042986828,46.34759356838812,156
baseline_08295,11.016680714433441,46.427311510991686,21
baseline_08296,10.959830427347839,46.167969740109406,26
baseline_08297,11.467089086190562,46.30913080156477,30
baseline_08298,11.322895562600397,46.130696820830956,18
baseline_08299,10.575294204612414,46.045406349770026,51
baseline_08300,10.6983357846213,46.39160607600006,13
baseline_08301,11.899740312894869,46.15327186491137,21
baseline_08302,11.532868776612105,46.34501564129296,26
baseline_08303,11.192995321170619,46.45715184400775,16
baseline_08304,10.605399307332046,46.036344414387706,32
baseline_08305,10.684380981515247,46.18122046328373,38
baseline_08306,11.750721791723674,46.36820184461371,11
baseline_08307,11.240963733472862,45.97285704124476,31
baseline_08308,10.685591390518642,46.05905411764163,19
baseline_08309,11.269288945321497,46.007180678726314,113
baseline_08310,10.612655626875279,46.26681981820369,17
baseline_08311,11.806147771946232,46.51724604740647,73
baseline_08312,11.57103859505192,46.29289060072276,27
baseline_08313,11.706253194781052,46.48417337566727,18
baseline_08314,11.10074393148488,46.094683064025205,255
baseline_08315,11.423851515949634,46.13911584716301,18
baseline_08316,11.810560353193056,46.24679459494278,15
baseline_08317,10.651240642892231,46.24761109780019,18
baseline_08318,10.727299169125393,45.98010025402851,14
baseline_08319,11.7737006283086,46.10980642330486,19
baseline_08320,10.657129497720243,46.042044411323374,23
baseline_08321,10.881953077580691,46.24294492739493,48
baseline_08322,11.358612997163375,46.15023707341458,23
baseline_08323,11.490776804970375,46.27594443761491,24
baseline_08324,11.72989605133812,46.43108418893895,22
baseline_08325,11.51550338031759,46.21758357577196,26
baseline_08326,11.314333827237474,46.02085867677305,55
baseline_08327,10.99497789366682,45.96857628241826,21
baseline_08328,10.52615336533251,45.85965497197022,18
baseline_08329,11.089967778656487,46.119180835220675,255
baseline_08330,11.063918554580132,45.908626930637425,129
baseline_08331,10.608126592451248,46.265555944415965,22
baseline_08332,10.837571484200948,46.357774676135314,21
baseline_08333,11.067123412598608,45.709425133838934,20
baseline_08334,10.839906245358252,46.36482455406115,27
baseline_08335,11.093985308491067,45.95301008476717,34
baseline_08336,10.875911460360227,46.425758364691184,23
baseline_08337,10.497276671718469,46.02032427601608,29
baseline_08338,11.70251996550433,46.26837231736375,31
baseline_08339,11.14214532367995,45.96573802537692,23
baseline_08340,11.10508261467559,46.15241360438941,188
baseline_08341,11.485841721550022,46.221378890856215,21
baseline_08342,11.439925954272093,46.091865951754144,23
baseline_08343,10.57029430114663,45.79593595748071,16
baseline_08344,11.38922545438148,46.06364316686143,22
baseline_08345,11.75040428429298,46.232444388494194,19
baseline_08346,11.733149182627558,46.25303728224087,28
baseline_08347,11.065864469020706,46.00879312026207,28
baseline_08348,10.581474640310566,46.1894597488736,36
baseline_08349,10.973959874846118,45.71148531779771,21
baseline_08350,11.042464906232293,46.40975834144365,28
baseline_08351,10.883769029283377,45.792416804630335,26
baseline_08352,11.161299237810693,45.925321052628085,20
baseline_08353,10.935850962633843,46.45272905102817,40
baseline_08354,10.655758849898264,46.34579381415263,11
baseline_08355,11.670710267391662,46.49632101608931,25
baseline_08356,10.580307022123549,46.32535358209954,32
baseline_08357,11.036724810917644,46.33410416414911,202
baseline_08358,11.268143894745702,46.04737335016669,48
baseline_08359,11.240877764274087,45.90517172560446,18
baseline_08360,11.35024901066638,46.21591547467797,16
baseline_08361,11.639686245383158,46.02817264510285,22
baseline_08362,11.010488030316745,45.808258883280274,166
baseline_08363,11.203933481801059,46.09527210787546,71
baseline_08364,10.547229675371128,45.985902698580006,16
baseline_08365,10.763813476418362,46.2894358883515,12
baseline_08366,10.723072200377917,45.84754954523588,14
baseline_08367,10.680866294193311,46.384919343115136,15
baseline_08368,11.241462528132947,46.20557156105449,24
baseline_08369,11.135925701977563,45.765765746099525,21
baseline_08370,10.995990489199668,46.3026416337125,19
baseline_08371,10.796110177237193,45.84422845266596,21
baseline_08372,10.58461866886793,46.29132270841869,39
baseline_08373,11.230216168230989,45.992391771474914,42
baseline_08374,11.077152434629097,45.95619602775392,33
baseline_08375,11.903405503816696,46.20933489946607,26
baseline_08376,10.887491014194357,45.801388132858904,31
baseline_08377,10.67792282775424,46.29700788760111,14
baseline_08378,10.580903772960166,45.79921218022106,19
baseline_08379,10.842155115967453,46.31298030265531,15
baseline_08380,10.870887635199523,46.27356641232107,14
baseline_08381,10.788230457282301,46.2703988472221,23
baseline_08382,11.712758036667141,46.181865003203775,13
baseline_08383,10.911028983985512,46.32343538430529,20
baseline_08384,10.592281800492428,46.09614499394495,77
baseline_08385,11.813557239658998,46.117613788054996,17
baseline_08386,10.971553714060306,46.07126705029447,28
baseline_08387,11.61892520555024,46.3221413488262,17
baseline_08388,11.109645876043302,45.859562101752346,17
baseline_08389,10.95447253522271,46.106336790031186,21
baseline_08390,11.134479026508016,45.91564211169305,23
baseline_08391,10.644800838885258,45.85626123949554,16
baseline_08392,11.513054317425492,46.10490361625224,19
baseline_08393,10.921723268496184,46.31614722191504,18
baseline_08394,10.645956329603045,45.94978142276274,36
baseline_08395,10.94607288519207,45.731021690404255,252
baseline_08396,11.156054251197613,46.12564921714682,67
baseline_08397,10.829141161943305,45.96223641402239,19
baseline_08398,10.80024841134214,46.30613885888742,15
baseline_08399,11.118953456921586,46.079568560747106,255
baseline_08400,11.02576493528403,45.99875422432824,26
baseline_08401,11.276963781228911,46.098775132010466,31
baseline_08402,10.937035455940782,46.27180086136763,19
baseline_08403,11.16617063508121,45.851444505762416,15
baseline_08404,10.995880526104331,45.83593993439956,121
baseline_08405,11.013267470956825,46.31805111714124,36
baseline_08406,11.723217056586837,46.28519856293306,10
baseline_08407,11.029179357785472,45.935985436758195,46
baseline_08408,11.35125077906392,46.19957541000471,15
baseline_08409,11.175516495851957,46.370270921625874,15
baseline_08410,10.795233712968676,45.881921841517354,32
baseline_08411,10.870077522516922,46.1723063873606,49
baseline_08412,11.133368874905448,46.20808332558518,177
baseline_08413,10.591534590274053,46.317999387702365,32
baseline_08414,11.579581382075403,46.35397014693471,42
baseline_08415,10.909227875831798,45.92618095983552,44
baseline_08416,11.35819390302142,46.09979917702934,19
baseline_08417,11.568374628712725,46.13971401371463,31
baseline_08418,10.989894197772683,46.14729267318855,13
baseline_08419,11.07661894012033,45.732063223480644,19
baseline_08420,11.253853280343126,46.10861929038648,37
baseline_08421,11.06168693895805,46.488334530272034,20
baseline_08422,10.649842008201684,45.98799558990059,16
baseline_08423,11.344610558123719,46.10221337520539,17
baseline_08424,10.837598973783969,46.06540104455764,24
baseline_08425,11.115314665289079,45.92217679309897,27
baseline_08426,10.782033644782214,46.01378935247521,22
baseline_08427,11.152100388775985,46.06840060566848,255
baseline_08428,11.54445302153119,46.09982938086907,25
baseline_08429,11.060506288675615,46.02650893072455,36
baseline_08430,11.641715243480279,46.227693138235445,14
baseline_08431,10.644139940772982,46.17265051202954,13
baseline_08432,11.263675061193336,46.08640368816867,98
baseline_08433,11.64578256485714,46.3287964956369,20
baseline_08434,10.654116246638063,45.89773958290277,20
baseline_08435,11.64624763635845,46.18784824048661,12
baseline_08436,10.904423836681424,46.34315280729156,138
baseline_08437,11.103104150624345,45.8157410190275,21
baseline_08438,11.057783219799713,46.504327018736774,16
baseline_08439,10.984410194552325,45.87209366661742,53
baseline_08440,10.726686072226958,45.88995204853488,181
baseline_08441,10.965886081030744,46.370785645893385,17
baseline_08442,10.870817457624636,46.42833878332861,31
baseline_08443,11.239006677527364,45.938906398109836,21
baseline_08444,11.039523038270383,45.8750405049449,255
baseline_08445,10.79288192620008,45.99651878461643,15
baseline_08446,11.397716587548755,46.12792054571074,37
baseline_08447,10.577831303911827,46.02619893123991,46
baseline_08448,10.96286314732107,45.97359354700892,25
baseline_08449,11.286787061166908,46.21083806681675,19
baseline_08450,10.70435359869093,46.20846489617684,77
baseline_08451,11.202284035275184,46.093370885759555,150
baseline_08452,11.148916511691576,46.119868960084915,84
baseline_08453,11.171613179447492,45.98778158180089,20
baseline_08454,10.768825603500355,46.35095056457084,32
baseline_08455,11.094428270490544,45.85231452685523,24
baseline_08456,10.840184633092246,46.185197668335526,11
baseline_08457,11.681869829881194,46.150603804823824,12
baseline_08458,11.902277350410726,46.234005411798435,20
baseline_08459,11.640475319336021,46.408282928188925,23
baseline_08460,10.742222316144836,46.19568341987134,17
baseline_08461,10.565493382749853,45.86549680212666,29
baseline_08462,10.612724284322658,45.93775493141439,15
baseline_08463,10.729291706221264,45.843877115190715,16
baseline_08464,11.95196054161907,46.19215952803362,14
baseline_08465,11.24462568767912,46.01158490556315,119
baseline_08466,11.661027192502404,46.003579625114234,28
baseline_08467,11.689796131841462,46.38105753028307,19
baseline_08468,11.699231049475957,46.27845773946262,11
baseline_08469,11.028377400870374,46.20023480895591,24
baseline_08470,11.316713476331875,46.070085024035926,23
baseline_08471,10.80140424657813,46.0617419426522,26
baseline_08472,10.725931506098352,45.93569430472054,19
baseline_08473,11.220973866620186,46.00571328287604,34
baseline_08474,11.805405800980587,46.45662985389679,76
baseline_08475,11.389454846074878,46.07626321607099,29
baseline_08476,11.456107187708517,46.32050782272726,22
baseline_08477,11.002116778787691,46.45992767459549,17
baseline_08478,11.122806471139775,45.84100380543847,22
baseline_08479,11.61267719176956,46.09339800169743,17
baseline_08480,10.959226000151805,46.255915440879924,12
baseline_08481,11.673333258468665,46.30092687067803,31
baseline_08482,10.966309036191397,46.11016569758076,18
baseline_08483,11.489482477703033,46.03422542284616,28
baseline_08484,11.168655125929703,46.48294454696836,19
baseline_08485,11.175553487831563,46.38676835075692,18
baseline_08486,11.84260780981999,46.18136671830265,236
baseline_08487,11.704908995079036,46.48907646712267,16
baseline_08488,11.072640466847,45.90643925910521,54
baseline_08489,10.75547924292275,46.0943524145522,18
baseline_08490,11.720588741234941,46.238732635420526,12
baseline_08491,11.789115028109936,46.331082423500604,15
baseline_08492,10.981896075289804,46.01152302703442,27
baseline_08493,10.957920735043626,46.05516957862802,23
baseline_08494,10.84387698012705,46.17466244169478,23
baseline_08495,10.852630559715221,46.05359450851751,154
baseline_08496,10.570494806408192,45.97700879302646,16
baseline_08497,11.40139952598158,46.30791082436931,17
baseline_08498,10.86773426800653,46.054225626040164,26
baseline_08499,10.833995601424181,45.94787744402286,38
baseline_08500,10.834669587370067,46.33920046094594,26
baseline_08501,10.816768674932224,46.098784661021604,17
baseline_08502,11.547350289147118,46.2571171956419,15
baseline_08503,11.582187868861535,46.19855277884536,13
baseline_08504,10.927771968752849,45.86811759848246,38
baseline_08505,10.492969115927005,46.052138718258,35
baseline_08506,11.018070845487884,46.13056001779492,28
baseline_08507,10.752393243014794,46.13192098527285,24
baseline_08508,11.849375851059554,46.17206337483488,98
baseline_08509,10.733976078046785,46.195130295010856,29
baseline_08510,10.82634151386625,46.189688032949114,12
baseline_08511,10.909831041779924,46.30967951224517,20
baseline_08512,10.786667647748153,45.85266999713545,19
baseline_08513,11.67699403554883,46.280597958918904,13
baseline_08514,10.665429183526065,45.9833576521377,154
baseline_08515,10.800338577321629,46.13130602581526,17
baseline_08516,11.406358198234978,46.04435846076772,33
baseline_08517,10.757482937106,45.923478776292896,18
baseline_08518,11.048238515365515,45.91468894726756,220
baseline_08519,11.097292153811383,46.26780986469724,36
baseline_08520,11.047524749864166,46.04436048939728,28
baseline_08521,10.508614621860097,45.860737208579884,28
baseline_08522,11.185890556291447,46.38013020385542,17
baseline_08523,11.313813863804318,46.08104970980257,17
baseline_08524,10.620575022375665,46.1843546847866,19
baseline_08525,11.634337347416352,46.282480328198524,12
baseline_08526,10.586327633897614,45.82687121364692,18
baseline_08527,11.04396650699245,46.513041300176106,26
baseline_08528,10.848541496188796,46.430808130378026,33
baseline_08529,11.170911700630468,46.21808394283695,26
baseline_08530,10.757624338578077,45.841728963183485,18
baseline_08531,10.808794948860601,46.39070231167501,16
baseline_08532,11.09740546540615,45.899595611148776,35
baseline_08533,10.776927172593195,45.9493533184687,25
baseline_08534,11.518406434549375,46.07977785255723,35
baseline_08535,10.971757197703779,46.324361135160125,27
baseline_08536,10.49600203883161,46.01993514092055,29
baseline_08537,11.2495847960271,45.96026722362144,21
baseline_08538,11.509016256524811,46.257955002085154,14
baseline_08539,10.633099042108345,45.810425879274945,14
baseline_08540,10.727637195681199,46.432437286319576,40
baseline_08541,11.055124776004224,45.754456512653285,22
baseline_08542,10.73559779494466,46.07002549032261,22
baseline_08543,11.00193467832343,46.227339598734424,18
baseline_08544,11.239101154018782,45.92885010797039,21
baseline_08545,11.46758570875273,46.27488543401092,23
baseline_08546,10.82752857290073,46.026591347995826,71
baseline_08547,11.664677660311881,46.02077362588418,18
baseline_08548,10.497466034189165,46.04043139738631,18
baseline_08549,11.13963044651102,45.84918891780751,19
baseline_08550,11.264667495258127,46.228096139422114,21
baseline_08551,11.118933379818055,46.301437492228196,60
baseline_08552,10.77406286989481,46.47256456612026,44
baseline_08553,10.948531621122802,45.91779898922157,35
baseline_08554,11.777966968170793,46.20633702343793,29
baseline_08555,11.17609650317055,46.115057156364905,55
baseline_08556,11.76169846471593,46.14947111134846,19
baseline_08557,11.45406368161919,46.00829931296043,13
baseline_08558,11.794759631142615,46.146671136826136,76
baseline_08559,11.398342332799091,45.99262893133735,12
baseline_08560,10.969249030893144,46.03699908012348,26
baseline_08561,11.711144357976012,46.23109491675239,12
baseline_08562,11.810130610179424,46.195034931397025,21
baseline_08563,11.355718269112959,46.208280638615896,15
baseline_08564,11.027889579934275,45.86119683386729,151
baseline_08565,10.701653495988717,45.88437227634455,17
baseline_08566,10.822037089229658,46.05148551582458,17
baseline_08567,10.985777423080455,46.36538529596546,24
baseline_08568,11.723505076251485,46.36471119832989,11
baseline_08569,11.760958994610286,46.21301574071357,24
baseline_08570,10.991915006732405,45.75322231611182,173
baseline_08571,11.773201604735661,46.345315724568124,39
baseline_08572,10.975763012056596,46.12934797237514,17
baseline_08573,11.231983233543607,46.05432246800401,233
baseline_08574,11.697774922567206,46.18897188533401,14
baseline_08575,11.789047886335329,46.1777120241803,20
baseline_08576,10.861418485724053,46.289342636843955,15
baseline_08577,11.748329626484121,46.13373264715013,17
baseline_08578,11.18638466519234,46.41223760445972,47
baseline_08579,10.735885809073253,46.11604387508695,25
baseline_08580,11.739161083623408,46.177685149281686,17
baseline_08581,10.970785619192629,46.42192300407568,21
baseline_08582,11.003768810726202,46.07459918897989,255
baseline_08583,11.084847132994494,46.126922172647305,196
baseline_08584,10.960586546804986,45.963989733282204,24
baseline_08585,11.227597539397575,46.167626289800054,33
baseline_08586,10.847681921609245,46.10450736153603,38
baseline_08587,11.037834165210523,46.25366022137506,57
baseline_08588,10.963669200524663,46.38212673401959,25
baseline_08589,11.60359282794469,46.11370326194315,14
baseline_08590,10.877777758734721,46.308920922695435,17
baseline_08591,11.788744011690124,46.39997491354504,44
baseline_08592,11.565657480370351,46.111916054668825,35
baseline_08593,10.657993942766936,45.89247504450897,23
baseline_08594,11.067353155970714,45.922729963490795,53
baseline_08595,10.810710510015765,45.95881872355551,23
baseline_08596,11.122335640189569,46.40459142699024,41
baseline_08597,11.352006868697288,45.9834847177395,14
baseline_08598,11.636293136076763,46.19011705730277,16
baseline_08599,11.660567014529873,46.476400095633785,59
baseline_08600,11.00850845773991,45.958995134455144,27
baseline_08601,11.455312791623705,46.057050660292475,95
baseline_08602,11.61179859439244,46.06168636865426,91
baseline_08603,11.202447362604776,46.0970688415799,71
baseline_08604,11.014303993353808,46.424552598299755,21
baseline_08605,11.01103116476201,46.42928714489206,17
baseline_08606,10.62965765530071,45.85937348417398,18
baseline_08607,11.128011947802504,46.405324429304734,75
baseline_08608,11.565002759498059,46.37152664128354,54
baseline_08609,10.827315518821957,46.18564479797162,13
baseline_08610,10.546049491967565,45.918035102319635,25
baseline_08611,10.952112775088965,45.98613079170384,23
baseline_08612,10.92130512093693,46.264654780598505,22
baseline_08613,11.080695954839692,46.44391366720804,21
baseline_08614,10.611607266260027,46.03961916819073,20
baseline_08615,10.750514541453727,46.15769333605691,23
baseline_08616,11.642694781972407,46.23971160983939,13
baseline_08617,11.190250934792816,45.805365871342914,25
baseline_08618,11.002082971806571,45.86296190742691,145
baseline_08619,11.814216730782011,46.47293670612991,27
baseline_08620,11.625218858715238,46.04353658877941,21
baseline_08621,10.85025840937196,46.30443646044983,12
baseline_08622,11.633852254195233,46.45671161963446,62
baseline_08623,11.478716198110899,46.01461336528536,16
baseline_08624,10.879744362533664,45.98925341603655,21
baseline_08625,10.623167767461533,46.212722940610824,55
baseline_08626,10.869590484647707,46.09988689093502,32
baseline_08627,10.536620260059994,45.91622436888834,22
baseline_08628,11.002873519399142,46.15085026188946,14
baseline_08629,11.646038668795306,45.97667245123135,15
baseline_08630,11.707178285323755,46.46734806780054,18
baseline_08631,11.662828024178134,46.49709894939225,26
baseline_08632,11.0926417569123,46.15305162142333,192
baseline_08633,11.446218950258448,46.27443191887524,23
baseline_08634,11.221060621713617,46.15498453774331,34
baseline_08635,11.633974250434061,45.97919203625473,21
baseline_08636,10.528965974542809,45.84569499281787,24
baseline_08637,11.167698329198934,45.99160895934887,23
baseline_08638,10.950141500757018,46.078479621731084,22
baseline_08639,10.937197233510705,45.809354964091,27
baseline_08640,11.397457003580584,46.170978910065344,22
baseline_08641,11.628108856537382,46.20278581195108,10
baseline_08642,11.461630853062802,46.03433980197667,28
baseline_08643,11.277476926902455,46.228734762994584,20
baseline_08644,11.008941301681086,46.35244922478492,33
baseline_08645,11.28585513200301,46.186575630906994,16
baseline_08646,10.592440559875572,45.990634607907154,28
baseline_08647,11.065352143966841,45.71457450493915,17
baseline_08648,10.780206143625023,46.1637352241541,21
baseline_08649,10.819270590168776,46.17816165858338,14
baseline_08650,11.29891928033389,46.057833011450384,26
baseline_08651,10.708341284235958,46.23617825700949,69
baseline_08652,11.890385346928001,46.15421637427029,14
baseline_08653,11.38112898801102,46.12722048497456,15
baseline_08654,11.074894431933501,46.06235711571956,70
baseline_08655,11.062759132379993,46.316043295348116,189
baseline_08656,10.864551279029303,46.39826901088843,17
baseline_08657,10.803548054049513,46.11370744779918,17
baseline_08658,10.592244805517812,45.92571076043194,21
baseline_08659,11.574364032584157,46.02102747465106,19
baseline_08660,10.893453381293405,45.91207524883691,161
baseline_08661,11.551815130716445,46.028141843423406,17
baseline_08662,11.15176254514715,46.15353472887638,131
baseline_08663,11.610071573023061,46.33088347791266,15
baseline_08664,11.602714312061677,46.18834218117533,30
baseline_08665,11.107946032246515,45.87897915561396,32
baseline_08666,11.349323355810387,46.23301421075306,16
baseline_08667,11.282529085720563,46.05446164129936,32
baseline_08668,11.30792554634396,45.940466045485465,18
baseline_08669,11.032307793608586,46.19745048840504,25
baseline_08670,11.11258120949475,45.94033900613122,216
baseline_08671,10.669991764783916,46.201914851067805,79
baseline_08672,11.024501725723713,46.35577872084349,196
baseline_08673,11.039224432378257,46.03267580724744,23
baseline_08674,10.662336763750423,46.34509220009991,14
baseline_08675,10.672592024597764,46.244870925878,46
baseline_08676,10.766089958415995,46.09088433609046,19
baseline_08677,10.549369199198914,46.115580486017784,62
baseline_08678,11.195327850613833,45.93160763361579,22
baseline_08679,11.786441074318212,46.12086663561705,18
baseline_08680,10.945840769876442,46.10419347785038,23
baseline_08681,10.529936766910087,45.90123819524794,22
baseline_08682,10.950252390612631,46.17531117429632,41
baseline_08683,10.943982509691084,46.33997881306119,15
baseline_08684,11.453115154094387,46.23346255866577,13
baseline_08685,11.013905350158842,46.36198558212696,37
baseline_08686,11.211152684847324,46.155958029045564,33
baseline_08687,10.96176581829383,46.403779290443325,13
baseline_08688,10.651248206734387,46.01314956545105,15
baseline_08689,11.58305455766992,46.233404415768774,28
baseline_08690,10.846679621709338,45.89259598218801,255
baseline_08691,11.077941250650149,45.86570973067596,140
baseline_08692,11.157490908283773,45.98910436382002,27
baseline_08693,10.988665805046635,46.43223439447091,22
baseline_08694,10.54503366020442,45.8026886123728,20
baseline_08695,11.121515526922993,46.06502994008314,255
baseline_08696,10.602889911263004,45.9899762368232,27
baseline_08697,10.528805952895468,45.95310800961997,18
baseline_08698,10.966308597281754,45.99462763578466,32
baseline_08699,10.605200711779544,45.865371451107755,19
baseline_08700,11.780207428484891,46.14366419788775,21
baseline_08701,10.849660061779716,45.834180680848725,24
baseline_08702,11.170936960216247,46.03698935668221,63
baseline_08703,11.742569916326214,46.25057312816532,29
baseline_08704,10.873886891883723,45.851100490224304,35
baseline_08705,11.661287669430287,46.202390238859444,13
baseline_08706,10.517489445633176,45.985651066729744,15
baseline_08707,10.855944097995788,46.06779536414025,31
baseline_08708,11.718980912028751,46.34251575932254,31
baseline_08709,11.83939206296538,46.17209168008826,156
baseline_08710,11.610262451786587,45.984119200564656,14
baseline_08711,11.35644540263832,45.95995085732815,19
baseline_08712,10.724399858096232,46.203094413079,25
baseline_08713,11.100575129066033,46.4964616355665,17
baseline_08714,11.817129198447198,46.106221017825504,25
baseline_08715,10.744868819766804,45.94133582171718,16
baseline_08716,11.762416630304187,46.212633552888946,26
baseline_08717,11.175984726369583,46.44431080253841,20
baseline_08718,11.058639395865296,46.1783667803364,39
baseline_08719,10.886502656526766,46.364079593217774,20
baseline_08720,10.756086088333085,46.068460666348585,26
baseline_08721,10.878973116201708,46.057372904806726,29
baseline_08722,10.880336101218841,45.74398976492157,25
baseline_08723,10.642931265869167,45.91543829659742,16
baseline_08724,11.0941861942051,45.97512226607976,210
baseline_08725,11.07732354123822,45.978918045818865,32
baseline_08726,11.222900380629117,46.0328654497817,89
baseline_08727,10.672065895218473,46.06311697730674,14
baseline_08728,10.953355898413852,45.80171284076489,25
baseline_08729,11.14240106352104,45.792298065302724,20
baseline_08730,10.533986949119774,45.88098886245371,14
baseline_08731,11.402456242750748,46.07978722999364,27
baseline_08732,10.538978155674675,46.06398184342156,15
baseline_08733,10.926661513742793,45.679504232818694,20
baseline_08734,11.487243142454263,46.04843747869196,120
baseline_08735,11.188512670709677,46.03952833314069,54
baseline_08736,10.720835428407305,46.27311483037657,15
baseline_08737,10.590136806134723,46.00237375521335,25
baseline_08738,11.765670026212046,46.187961393714815,27
baseline_08739,11.003535781224752,46.35733974096212,32
baseline_08740,11.40334320171483,45.99162497718556,10
baseline_08741,11.120434380582171,45.92816552458186,29
baseline_08742,10.862195511713345,46.0134469967806,31
baseline_08743,10.852613941283716,46.31788833962213,19
baseline_08744,11.63669648641556,46.21312288458504,13
baseline_08745,11.48561789354343,46.308718399112074,23
baseline_08746,11.622638421457276,46.45211154069019,53
baseline_08747,10.940118446108881,45.93503101185849,24
baseline_08748,10.601038313986017,46.194811299109105,13
baseline_08749,10.739764183778231,46.00949528546013,19
baseline_08750,11.00361024231386,45.88602835943187,72
baseline_08751,10.811902273545066,45.944430678073346,24
baseline_08752,10.909394750803909,46.073243843089216,193
baseline_08753,11.69033847538107,46.446769479484885,21
baseline_08754,10.632748369388608,46.33611768618661,14
baseline_08755,10.850318145603092,46.06066381281931,27
baseline_08756,11.13042276451667,46.22319330411756,50
baseline_08757,10.673843312256608,46.34921021108439,14
baseline_08758,10.85939315244809,45.725756784355255,27
baseline_08759,11.509730356616029,46.208236282025474,35
baseline_08760,11.285751527949147,46.25774979256755,17
baseline_08761,11.668225457638112,46.41485728249653,56
baseline_08762,11.842597602597403,46.21269807854107,18
baseline_08763,11.306292859887652,46.07774982642209,25
baseline_08764,11.130585133525008,46.39589845826629,68
baseline_08765,11.26653294585386,46.00031857198497,199
baseline_08766,10.61601508495255,45.99851989979369,29
baseline_08767,11.123589601875222,45.70452989377833,20
baseline_08768,11.365068627906481,46.09743049926143,24
baseline_08769,10.538618952666985,45.97148482952609,13
baseline_08770,11.0006780800418,46.38277189135415,21
baseline_08771,10.579037923770656,45.99837607417803,25
baseline_08772,11.019876615831647,46.226458206384166,20
baseline_08773,11.685791048815123,46.2944973132136,10
baseline_08774,10.517402753601411,45.97425822480076,15
baseline_08775,11.535870392613672,46.21432747301041,41
baseline_08776,10.95681831393777,45.84716486258249,36
baseline_08777,11.264883095002434,46.23028540755003,20
baseline_08778,11.094780693780477,46.23417377274305,49
baseline_08779,11.54170541767685,46.06008712078017,27
baseline_08780,11.072561747788766,46.32667133256299,89
baseline_08781,11.299820699799069,46.11373248149055,35
baseline_08782,11.759041622549757,46.308966360892896,11
baseline_08783,11.718746072705837,46.17833327652544,13
baseline_08784,10.554930293048924,45.9122851853851,19
baseline_08785,10.553782109939252,46.074870532238045,15
baseline_08786,10.526207692724803,45.84172241982136,24
baseline_08787,10.657546359007807,46.266638113465014,11
baseline_08788,11.45942859251442,46.12650510423083,16
baseline_08789,10.97294667843111,46.398858451122,16
baseline_08790,11.461778122346496,46.26665546916931,19
baseline_08791,11.149847410224753,46.381028685951186,20
baseline_08792,11.737930473528461,46.348010307178534,34
baseline_08793,11.153342413391162,46.272974080084374,26
baseline_08794,10.604105514214549,46.15728759036275,75
baseline_08795,11.096931519632324,46.23717144196323,45
baseline_08796,11.19369230490883,45.8468625077186,14
baseline_08797,10.932476420441878,46.184346809788124,59
baseline_08798,11.041856658807244,46.3594179986533,255
baseline_08799,10.987109134785928,46.37472702797983,21
baseline_08800,11.727603927870986,46.50803610617982,56
baseline_08801,11.008701247777244,45.87944386461088,246
baseline_08802,11.86272655740907,46.24307022602553,60
baseline_08803,11.656272729215695,46.30131356110399,11
baseline_08804,11.634150287852105,46.19740877344613,12
baseline_08805,10.983490743233288,45.71476399602037,22
baseline_08806,10.991373963391851,46.03793683606462,23
baseline_08807,11.543580419674528,46.03075408599412,18
baseline_08808,11.166541694120868,45.98520011610274,22
baseline_08809,10.622910851204262,46.298157882349734,37
baseline_08810,10.848193203342056,46.059319707910596,25
baseline_08811,11.36945893551228,45.99441235388223,15
baseline_08812,11.263466622560614,45.99357609601513,241
baseline_08813,11.3652257395071,46.180586611857926,15
baseline_08814,10.57343589861946,45.84502739750135,161
baseline_08815,11.09539569692097,46.16998519603507,70
baseline_08816,10.676836458306708,46.369481164804,20
baseline_08817,11.087001219233779,46.176297337875106,64
baseline_08818,10.737932932326622,45.9907523395682,23
baseline_08819,10.56746606338503,46.3306010523015,28
baseline_08820,11.174859804301763,45.85930848979123,14
baseline_08821,10.937011020972488,46.011184783168865,32
baseline_08822,10.652517105342525,46.359147453533865,22
baseline_08823,11.545421127257086,46.08354787483419,25
baseline_08824,10.802879133861694,45.956227771870736,19
baseline_08825,10.952941921509106,46.03717124578113,52
baseline_08826,11.47266898773643,46.33997396225971,19
baseline_08827,11.295919615565877,46.019714318599,87
baseline_08828,11.743000741867226,46.17970846116609,17
baseline_08829,10.890856377639663,45.989745001882476,22
baseline_08830,11.135081939319557,46.16366771121967,71
baseline_08831,11.426221629711838,46.11214158480623,34
baseline_08832,11.650434590423654,46.161149645590456,31
baseline_08833,10.87049375871292,46.293240082368364,21
baseline_08834,11.597291163411057,46.23057792776795,28
baseline_08835,11.498630752381706,46.09860718009226,24
baseline_08836,11.181092156809235,46.39973832889779,17
baseline_08837,10.571357107578557,45.931481999266346,19
baseline_08838,10.907299675952306,45.93247451551791,41
baseline_08839,10.934485443833307,45.97370483096094,31
baseline_08840,10.555997443245145,45.95708915964909,12
baseline_08841,10.98350972997998,46.410075041216984,16
baseline_08842,10.69076006168078,46.20522724962713,80
baseline_08843,10.736340893736964,46.181678584504894,23
baseline_08844,10.98444664897844,46.0321647752219,39
baseline_08845,11.670632497369837,46.13487065352343,18
baseline_08846,10.94241345538651,46.01670781689387,187
baseline_08847,11.846091637835686,46.22614264760729,42
baseline_08848,10.863972627617734,46.36260801245393,15
baseline_08849,11.168142322857275,46.20809411001285,32
baseline_08850,10.97911284270145,46.39669490011568,24
baseline_08851,11.660224015726184,46.107192803545274,18
baseline_08852,11.77743890713094,46.20183109572254,23
baseline_08853,10.68728935072996,46.40188101347573,17
baseline_08854,10.769637539966077,45.93666938998797,25
baseline_08855,11.21172892646181,46.218353493208475,18
baseline_08856,10.604390632602595,45.95237999659283,23
baseline_08857,11.206724840099222,46.40839114065095,19
baseline_08858,10.904731709543166,45.99064083437623,40
baseline_08859,11.723467314871634,46.428775788969155,18
baseline_08860,10.940632877008941,46.03089213956115,58
baseline_08861,10.697928238865853,46.457370552755584,77
baseline_08862,10.968349686304679,45.88847764771546,32
baseline_08863,11.040410603872308,46.28289575585136,227
baseline_08864,10.708428061219122,46.24368587039146,51
baseline_08865,11.12415431144111,46.246091453913984,38
baseline_08866,10.798243236728561,46.003964751234534,15
baseline_08867,11.831485520861357,46.46278434726899,15
baseline_08868,11.662855412092755,46.46931445739303,60
baseline_08869,11.487236672349226,46.292828253827885,38
baseline_08870,11.647706251253783,46.46967545208617,59
baseline_08871,10.844595452506052,46.32878563467948,24
baseline_08872,10.581221371354241,45.825393359990656,20
baseline_08873,11.40857614816484,46.09228995651574,22
baseline_08874,11.055477053765085,46.00228622461812,22
baseline_08875,11.111010450184109,46.24441376302254,33
baseline_08876,10.581956095428918,46.30245345335418,36
baseline_08877,10.741854294711098,46.252717692473425,38
baseline_08878,11.10893788634891,45.98223281176862,35
baseline_08879,10.966629872793211,46.48174860793278,35
baseline_08880,11.818979553589855,46.27209822146382,36
baseline_08881,11.780425574828513,46.1476167736767,24
baseline_08882,11.115726891759406,46.1998282504077,107
baseline_08883,11.459747252780181,46.298234274744054,142
baseline_08884,11.28122714625747,46.15956830334303,63
baseline_08885,11.66520536038954,46.18264590813357,13
baseline_08886,10.709284260378842,46.37342418061047,15
baseline_08887,11.755528665291276,46.22606413869419,17
baseline_08888,10.60725862806275,45.916415870635646,26
baseline_08889,10.579232085789824,46.37439402578192,77
baseline_08890,11.051566741837311,46.16939729041921,30
baseline_08891,11.704261402940855,46.378887132647925,20
baseline_08892,10.498321381896854,46.06013686047318,27
baseline_08893,11.387687353131824,46.108189579475834,32
baseline_08894,10.909502026294813,45.937131665101326,37
baseline_08895,11.386162943768525,46.10570168755153,30
baseline_08896,11.002042826262596,45.92859131915505,42
baseline_08897,10.564144385869616,46.13947725095903,77
baseline_08898,11.152141838924317,46.480993386908,20
baseline_08899,11.034668692423711,46.435765328410035,26
baseline_08900,10.946092781845437,46.19470744325654,48
baseline_08901,10.605955209340046,46.03099233634753,27
baseline_08902,10.927507367783594,45.79104917106511,21
baseline_08903,10.606800879659602,46.01920784781806,15
baseline_08904,11.778240947512536,46.333050020447374,23
baseline_08905,10.728690606023646,45.88851653062926,188
baseline_08906,10.641609945681768,46.431028087484925,78
baseline_08907,11.776605105484503,46.4652008978317,169
baseline_08908,11.172176093579791,45.743119716792314,25
baseline_08909,10.818820999157262,46.34410825752909,27
baseline_08910,10.825166830881503,46.39113767191725,19
baseline_08911,10.817379036592794,46.0375034235748,19
baseline_08912,11.66044343950492,46.372652294611946,245
baseline_08913,11.619531002520839,46.205380878408704,11
baseline_08914,11.557571000581188,46.2335371065942,21
baseline_08915,11.410649499454625,46.24153848633163,12
baseline_08916,11.343521536399333,46.13328438786343,17
baseline_08917,11.09663512441064,46.01275388971566,47
baseline_08918,10.893469232167233,46.26479260963021,36
baseline_08919,11.011686145924125,45.73569597271076,21
baseline_08920,11.591689994943573,46.28761769407912,16
baseline_08921,11.196999620842773,46.46183761290089,17
baseline_08922,10.880696802177875,46.07022446053768,28
baseline_08923,10.728412824355354,45.97079146830008,16
baseline_08924,11.10841129949277,46.29555993639268,29
baseline_08925,11.59034916346608,46.286434714349355,16
baseline_08926,11.329756361260262,45.94731519010999,26
baseline_08927,10.732088648924151,46.150735618067934,17
baseline_08928,10.608397652202857,46.14710643081127,77
baseline_08929,11.653183544940642,46.11266290716263,18
baseline_08930,10.740312503525642,46.0008729890641,21
baseline_08931,10.74179225530467,46.24971255229721,52
baseline_08932,10.703586421232774,46.390420578525294,16
baseline_08933,11.281946774139683,46.03971187992021,38
baseline_08934,10.725087621520837,46.426723582419704,43
baseline_08935,10.984360773646872,46.459136728345335,19
baseline_08936,11.239323376653342,46.19076280288807,23
baseline_08937,10.57402475252374,46.03962775946223,57
baseline_08938,10.574374304144548,45.8373049974667,23
baseline_08939,10.829017899745539,46.28110118332401,21
baseline_08940,11.815347720247914,46.16001796332858,120
baseline_08941,11.447118358422603,46.19707347579071,13
baseline_08942,11.649154878938138,46.01650398354978,28
baseline_08943,11.63385176113964,46.06516371459331,255
baseline_08944,11.0785036792969,46.334077416194425,48
baseline_08945,11.678608510702382,46.457301834080255,26
baseline_08946,10.99360743870306,46.19833430631617,20
baseline_08947,11.695737773544488,46.14806381208995,12
baseline_08948,10.710992665419006,46.44721374883558,75
baseline_08949,11.332428435150554,45.962440691881916,29
baseline_08950,10.748500165086138,46.400663840333635,23
baseline_08951,10.946783734478107,45.730774353216766,252
baseline_08952,10.896539901113087,46.173344290804295,76
baseline_08953,10.766664544745469,46.26532188628049,24
baseline_08954,10.61796850073604,46.31598105222959,30
baseline_08955,11.353503304836888,46.10113225859101,19
baseline_08956,10.969773100191937,46.25135259896052,16
baseline_08957,11.100082056537534,46.01857186661569,57
baseline_08958,10.989194596742141,46.19361953563061,17
baseline_08959,10.810746667043203,46.43231391878941,28
baseline_08960,10.84619105518043,46.03397439843586,51
baseline_08961,11.640812348757278,46.07381121901545,23
baseline_08962,11.408867622546966,46.14165345125943,20
baseline_08963,10.547566160863916,46.35451072184594,46
baseline_08964,11.247274622580193,46.207968372891685,24
baseline_08965,11.54811279586413,46.31809527690629,20
baseline_08966,10.985906107067299,46.413232416280394,20
baseline_08967,11.471473726830173,46.310875716652816,21
baseline_08968,10.662220089194875,46.379155649933175,29
baseline_08969,10.558862170888,45.811553418094064,21
baseline_08970,11.091356109443637,46.324377349913775,43
baseline_08971,10.558445485452044,45.93591843469038,13
baseline_08972,11.06059787795925,46.51066364458894,20
baseline_08973,10.53353261580371,46.04444748836829,37
baseline_08974,11.610603809921193,46.34506407316292,16
baseline_08975,11.681890087805932,46.13094827955946,15
baseline_08976,10.647055548496585,46.10364018889029,15
baseline_08977,10.91225959852533,46.280510267683376,37
baseline_08978,11.410538961468424,46.07764776957633,25
baseline_08979,11.125349848785808,46.354587003896135,21
baseline_08980,10.741574926970388,46.326156393858554,15
baseline_08981,10.877511795689188,46.19463120851222,42
baseline_08982,11.174643951380917,46.45971721167852,19
baseline_08983,11.42537284515268,46.244270979883936,13
baseline_08984,10.838635003201533,46.29583411160976,14
baseline_08985,10.915636297243008,45.784439023573924,29
baseline_08986,10.517746149960134,45.983580507833864,16
baseline_08987,11.767615877514185,46.36512324279265,20
baseline_08988,10.896666076149186,46.012718827922434,20
baseline_08989,10.960110202636663,45.96012781061008,20
baseline_08990,11.57790008233602,46.16421759224154,31
baseline_08991,10.653352928650202,46.29283628921063,16
baseline_08992,11.091585173461263,46.41315136897265,30
baseline_08993,10.580736127855609,45.99781600653254,25
baseline_08994,11.632138199221403,46.284252824688444,11
baseline_08995,11.661796852036474,46.18889175932439,13
baseline_08996,11.821143073961029,46.38093473314031,21
baseline_08997,11.19406909376127,46.08241217254361,97
baseline_08998,11.113777614801009,45.992046389676844,39
baseline_08999,10.548229951858824,46.10303913164013,61
baseline_09000,11.154208590863325,45.738632593772365,19
baseline_09001,11.645325978431737,46.19453582654615,12
baseline_09002,10.789379849313592,46.06551029618731,25
baseline_09003,10.871750594643371,46.082782493658264,19
baseline_09004,10.51086863791018,45.983600131812835,22
baseline_09005,11.338817811602027,45.94733454871268,31
baseline_09006,11.568934947980598,46.02544155046447,19
baseline_09007,10.623611115919635,46.1507093821082,66
baseline_09008,11.487856824436713,46.10177479327833,22
baseline_09009,11.628748146251107,46.2989974067928,15
baseline_09010,11.65367236666376,45.97206517672312,14
baseline_09011,11.184028856948862,45.947259887617065,24
baseline_09012,10.952894689967502,45.83862673963267,31
baseline_09013,11.266919923584599,45.95267124650687,28
baseline_09014,11.451729223176391,46.292441481191325,204
baseline_09015,11.701829540012634,46.18978699597291,14
baseline_09016,11.611146336558631,46.17480156680506,49
baseline_09017,11.12904053707022,46.252855951225584,29
baseline_09018,10.929855916983636,45.6996154088877,128
baseline_09019,11.07242312433869,46.11719844354983,78
baseline_09020,11.732345522937125,46.44392845987373,28
baseline_09021,10.565051615942366,45.97832679738501,17
baseline_09022,11.145019855217269,46.23776698019511,50
baseline_09023,10.733042088609348,46.26361747726405,16
baseline_09024,10.975423387048739,46.25988304032141,15
baseline_09025,10.97825892131801,45.962379415416876,71
baseline_09026,10.783094388458258,45.947786475495626,24
baseline_09027,10.878821006504829,46.3260125989008,206
baseline_09028,11.475681310334746,46.06513267108701,111
baseline_09029,11.507423061571519,46.10582127752067,20
baseline_09030,11.57045057424382,46.0647020357584,17
baseline_09031,10.663444014925425,46.2458129589644,31
baseline_09032,10.640720202364653,45.822354053794925,19
baseline_09033,11.060269315119173,46.26473534977802,114
baseline_09034,11.006686253834836,46.09588270806165,27
baseline_09035,10.92143438244735,46.04060992740986,19
baseline_09036,11.182541500725389,46.12171824875757,43
baseline_09037,10.840597786055541,45.908055962856736,233
baseline_09038,10.893819690166927,46.381411465503945,25
baseline_09039,10.8430888016078,46.14476854499085,70
baseline_09040,11.162214267662309,45.77176963884487,20
baseline_09041,11.151892254995866,46.34258561607535,15
baseline_09042,10.883126256625838,45.92554861237463,95
baseline_09043,10.821204401933358,45.93776309179411,37
baseline_09044,11.020503570234464,46.03684343130008,25
baseline_09045,11.773769459883095,46.23822996651389,26
baseline_09046,10.83947220923183,46.370710875306834,26
baseline_09047,11.478378616028252,46.322091574523064,21
baseline_09048,11.120357915757836,46.18449736152224,67
baseline_09049,11.157829115719315,45.91587359698409,101
baseline_09050,10.5930597600589,46.03930389280282,40
baseline_09051,10.826018068967842,46.37310732894806,26
baseline_09052,11.84546938963879,46.26581668837285,81
baseline_09053,11.006901850495376,45.74226009731969,25
baseline_09054,10.823404677408465,45.88105652303643,44
baseline_09055,10.638721550695916,46.379599433034905,67
baseline_09056,10.841688898432203,46.22078480117484,19
baseline_09057,10.623722032853873,46.39194136987226,79
baseline_09058,11.813222197836279,46.223442928869055,15
baseline_09059,10.606981754752757,46.3068172392472,42
baseline_09060,11.636602910381201,45.982941923884425,16
baseline_09061,11.429151975157398,46.03743438409073,50
baseline_09062,11.853215818832268,46.23540628852213,52
baseline_09063,11.004384688103206,45.84504412118097,255
baseline_09064,11.487597651422195,46.24752577818611,15
baseline_09065,11.390548450591451,46.288252493989084,18
baseline_09066,10.92212603350147,46.304712302581706,30
baseline_09067,11.076213137886082,46.27651441109366,156
baseline_09068,10.949871774675612,45.85320526650257,36
baseline_09069,11.058673565301634,45.78232567780511,21
baseline_09070,11.420732921860221,45.990049648792784,13
baseline_09071,10.746550193245385,46.15039961080543,20
baseline_09072,10.711113399847545,46.118324795943565,24
baseline_09073,10.95986110696572,46.46943416979729,42
baseline_09074,10.585182619029434,46.26305206982375,97
baseline_09075,11.799249999175212,46.37930714897793,23
baseline_09076,11.673213529929516,45.98314093150961,22
baseline_09077,11.64310332513291,46.38030916563382,16
baseline_09078,10.875925519190774,46.276045958100966,15
baseline_09079,11.19593335552924,46.0878335533989,99
baseline_09080,11.097438399230121,46.36679447086827,31
baseline_09081,11.572638497502787,46.066372985388774,19
baseline_09082,11.670089934101997,46.36300485057679,14
baseline_09083,11.202728682993504,46.18354395662752,34
baseline_09084,11.638261532790567,46.37440027743687,16
baseline_09085,11.759390806643614,46.23475156096553,20
baseline_09086,11.025988806264888,46.174182562374455,18
baseline_09087,10.689610311284829,45.98292523789539,12
baseline_09088,11.675526214458985,45.97756321504202,23
baseline_09089,10.751477560007116,46.047096062127,30
baseline_09090,10.592055697051878,46.046301541336064,31
baseline_09091,11.742911235838305,46.37326884251177,18
baseline_09092,10.66570577582812,46.21669529863424,79
baseline_09093,11.303677647420665,46.014474100088584,248
baseline_09094,10.657760750669736,46.24782972164301,17
baseline_09095,11.172645166275176,45.846012208013356,15
baseline_09096,11.487927340029275,46.3385111893101,16
baseline_09097,10.780920816127729,45.992620661607475,22
baseline_09098,11.480011533149712,46.2685730197512,19
baseline_09099,11.410862324476588,46.11027700755674,34
baseline_09100,11.640075495605483,46.10241499502245,18
baseline_09101,11.827343048481747,46.16308570796976,110
baseline_09102,11.658323888201299,46.19283740089018,11
baseline_09103,10.713992440564292,46.296608047462506,12
baseline_09104,11.548366575801678,46.09694090610457,24
baseline_09105,11.772590671978802,46.258689516293074,16
baseline_09106,11.75610302780229,46.36188088642468,23
baseline_09107,11.116035184948668,45.764449603632194,66
baseline_09108,10.79749986495128,46.40401748784168,12
baseline_09109,11.037505276603623,46.06998161046581,30
baseline_09110,11.005964362731635,45.742341919794825,25
baseline_09111,10.657430470377783,46.42074113992911,62
baseline_09112,10.650481242122122,46.29086379870024,15
baseline_09113,10.69682379168743,46.08302023692997,20
baseline_09114,11.433865682188003,46.25706977589809,14
baseline_09115,10.963557131389647,45.97952387861088,21
baseline_09116,11.650322500233628,46.4745975604896,61
baseline_09117,11.120422722810204,46.47390307007542,15
baseline_09118,11.086654205053845,46.08705553214469,98
baseline_09119,10.864458193741047,45.850301191077065,33
baseline_09120,10.769725989295496,46.27430841734829,20
baseline_09121,10.78003914414574,46.31972249574496,34
baseline_09122,11.142255699008533,46.30200337075045,18
baseline_09123,10.653407026875252,46.05174273773781,22
baseline_09124,11.907499260675,46.195774256573394,22
baseline_09125,11.614966973891368,46.17044794811958,50
baseline_09126,11.025258165096284,46.09410715760945,33
baseline_09127,10.744822707038502,46.213081578123116,17
baseline_09128,10.970741950817489,46.425160376069265,22
baseline_09129,11.171857474057832,45.76868879016508,25
baseline_09130,11.29861528664737,46.154074078176926,58
baseline_09131,10.551138878621467,46.06267557898967,26
baseline_09132,11.157763594913606,46.404004187621396,23
baseline_09133,10.64885257931558,46.082595599584415,15
baseline_09134,11.495013875888098,46.2490449909713,17
baseline_09135,11.959303076749134,46.19459236537124,13
baseline_09136,11.705179647620493,46.27216655348979,29
baseline_09137,11.2460017277472,46.02723558713228,42
baseline_09138,10.541016082404763,45.802531880029335,20
baseline_09139,11.173649679843944,46.422429039266696,24
baseline_09140,10.874079351906836,45.82768701561835,19
baseline_09141,11.352836586642756,46.22611183926253,14
baseline_09142,10.940654995970203,46.028570458560914,58
baseline_09143,10.50930936985563,45.87464331974713,25
baseline_09144,10.56608307645599,45.95487599536134,14
baseline_09145,11.394571758510677,46.29354983524625,18
baseline_09146,10.997195797332246,46.35202308550958,30
baseline_09147,10.63614124480133,45.862994775377786,20
baseline_09148,10.488487429856248,46.05452618202922,30
baseline_09149,11.39674130710602,46.036888438306086,29
baseline_09150,11.433528116767325,46.11643480899289,29
baseline_09151,10.958644662769752,45.92805887258264,22
baseline_09152,11.39183354626354,46.255335381629166,13
baseline_09153,10.645464694003506,45.82596126357295,17
baseline_09154,11.100626584563122,45.964565122381266,31
baseline_09155,10.793547512690392,46.14892174771406,15
baseline_09156,10.843827707471887,46.0181102005226,22
baseline_09157,10.846154021483661,45.83920568245425,26
baseline_09158,10.89918171894755,46.42105988907414,19
baseline_09159,11.748771924239033,46.45067772713994,24
baseline_09160,10.613263470416989,46.347336654593086,19
baseline_09161,11.803293353104381,46.15434241004406,175
baseline_09162,11.866125278768187,46.44561958300149,74
baseline_09163,11.882610154642716,46.13125046730496,12
baseline_09164,11.126714740165104,46.20668378884022,217
baseline_09165,11.049331394977202,46.37050510972602,44
baseline_09166,11.111964805663419,46.22432778788372,48
baseline_09167,10.590648109102705,46.05787862334887,39
baseline_09168,10.80893250301094,46.1709604783983,17
baseline_09169,10.779439999475683,46.079477797287915,18
baseline_09170,10.561691804294737,45.810586788624654,20
baseline_09171,10.617637378173928,46.30985347665802,38
baseline_09172,10.990542643159863,46.249176669958786,19
baseline_09173,11.802457170898474,46.51770635135042,63
baseline_09174,10.894395090328711,46.08787586650524,24
baseline_09175,11.342219436594863,46.00745456999452,32
baseline_09176,10.555336605998484,46.110660059144564,48
baseline_09177,11.127527114834729,46.011698633609996,185
baseline_09178,11.811644458511838,46.44940015352331,20
baseline_09179,11.902205574687857,46.24765897297207,57
baseline_09180,11.002373276636744,46.43930114838947,16
baseline_09181,10.68528880599037,45.887193965956556,174
baseline_09182,11.143808915597319,46.108068012894236,175
baseline_09183,10.626133354807614,45.87425734470729,22
baseline_09184,11.62381382774625,46.00029724674086,13
baseline_09185,11.769929513332317,46.46153441619451,24
baseline_09186,11.231042824697646,46.04590824581207,235
baseline_09187,11.796674602360184,46.190744240722594,18
baseline_09188,11.749982402080393,46.417553455451795,14
baseline_09189,11.664763114705334,46.375081862777826,214
baseline_09190,11.20556948958458,46.48025859945308,21
baseline_09191,10.602227012742237,45.91199129162673,27
baseline_09192,10.814164181635443,46.42283202459739,19
baseline_09193,10.871816426684902,46.18144544226656,55
baseline_09194,11.554294232353001,46.24098911261155,14
baseline_09195,10.880779034441597,46.00619960595778,26
baseline_09196,11.113367490706075,46.24085263297564,40
baseline_09197,11.02861344595779,46.10616404442586,36
baseline_09198,11.51345126574656,46.04847153897759,255
baseline_09199,11.773956960782753,46.452650552200936,24
baseline_09200,11.799710815154457,46.281758345190156,20
baseline_09201,11.660668797879785,46.38891515545795,25
baseline_09202,11.018159664134277,46.104322564537235,32
baseline_09203,11.10037580635017,46.1231860092604,255
baseline_09204,10.890988014273894,46.136682832101855,57
baseline_09205,10.709519862242294,46.10803108875743,21
baseline_09206,11.785123834461105,46.212853896537595,29
baseline_09207,10.830900335036429,46.29717269564399,15
baseline_09208,11.365152593526586,46.10344239704194,17
baseline_09209,10.713720883722393,45.85112857027959,15
baseline_09210,10.842299907049751,46.1648444332303,37
baseline_09211,10.576312092773072,45.81138294284797,24
baseline_09212,10.761808323243477,45.86107460294608,19
baseline_09213,11.765697903263648,46.39067750191029,36
baseline_09214,11.148629482852433,46.380099879727396,20
baseline_09215,10.842796202630693,46.344286992963234,31
baseline_09216,11.086519045403008,46.46737307712927,18
baseline_09217,11.181789531752983,45.98543445464203,20
baseline_09218,11.561116583886527,46.07255323366818,20
baseline_09219,10.900400422279672,46.032151351165375,20
baseline_09220,11.487903979783715,46.30817854480151,23
baseline_09221,11.01200672379403,46.23447912154877,19
baseline_09222,11.194739256859746,46.34974407035277,18
baseline_09223,11.46032010748516,46.06004649328509,119
baseline_09224,11.682720598159234,46.474729445591905,34
baseline_09225,11.685489196749364,46.29182560664293,11
baseline_09226,11.033583748840941,46.41375568561766,26
baseline_09227,11.178285474873794,46.01181617853707,38
baseline_09228,10.968863785942295,46.22403037600252,40
baseline_09229,11.337589439176513,45.9402518832298,23
baseline_09230,11.782231209475178,46.469878223109625,177
baseline_09231,10.558867546057348,45.98575978453963,14
baseline_09232,10.886528961695255,46.20892957875298,56
baseline_09233,11.236820481548948,46.128086161408184,52
baseline_09234,11.348419095325385,46.104052569773586,16
baseline_09235,10.904003750418493,45.9101655633925,137
baseline_09236,10.703887377909568,46.043707700579006,20
baseline_09237,11.489893201839669,46.14941048753812,17
baseline_09238,11.498054363135289,46.029110064965714,26
baseline_09239,11.369627284463862,46.184592537841255,17
baseline_09240,10.80290441682006,46.12547708239523,18
baseline_09241,10.545413905573847,46.36135291484265,45
baseline_09242,10.66322413638977,46.02973927785234,19
baseline_09243,11.69209925366593,46.444300371219775,22
baseline_09244,10.48461049434162,45.977059130134286,23
baseline_09245,11.210173493912597,45.951031685042246,24
baseline_09246,11.242353343981263,45.94793446108257,22
baseline_09247,10.65376342205914,45.92192901020091,16
baseline_09248,10.684050861715951,46.01065192322511,22
baseline_09249,10.971250341076754,45.91068696205208,39
baseline_09250,11.074673914230901,46.06635974853657,99
baseline_09251,10.834312835453163,46.064092054940005,23
baseline_09252,10.56226385312636,46.06258159908671,50
baseline_09253,11.316070414814217,46.14269819034279,16
baseline_09254,11.434345320316423,46.06534260474623,30
baseline_09255,11.850154434047088,46.237767441385806,54
baseline_09256,11.104822463585045,46.42703693934492,66
baseline_09257,11.722574487448453,46.28534982213648,10
baseline_09258,11.321051784718689,46.28409624793358,18
baseline_09259,11.576919765193404,46.04907378060153,22
baseline_09260,10.83036177978533,46.071964786802376,22
baseline_09261,11.380811168974343,46.17447900576839,22
baseline_09262,10.619640370092815,46.380124635482076,77
baseline_09263,11.752393535011791,46.47649979298083,37
baseline_09264,10.915231408486402,46.07760033754861,36
baseline_09265,10.74817041635323,46.36247223482936,29
baseline_09266,11.485459432367742,46.134503469231475,14
baseline_09267,10.659743030635042,46.12463770284747,24
baseline_09268,10.998871274276109,45.7734403006927,36
baseline_09269,11.107965920371567,46.15851011068064,137
baseline_09270,11.718776242432392,46.43536118057387,17
baseline_09271,11.680607905667806,46.194747477610505,61
baseline_09272,10.540013155725712,46.34949973711994,47
baseline_09273,11.624195157901411,46.36242387091553,18
baseline_09274,11.414367387304894,46.16499732642859,15
baseline_09275,11.700350824369885,46.374344072448096,14
baseline_09276,11.544557594780851,46.0316203405787,18
baseline_09277,11.042374208054255,46.03845911202042,26
baseline_09278,10.78010453156459,46.35411390592534,33
baseline_09279,10.985154330582658,46.12181037955649,17
baseline_09280,10.887179621507277,46.30233389887838,17
baseline_09281,11.031157688721947,45.95073007483325,35
baseline_09282,10.86990804988791,45.87502210271172,255
baseline_09283,11.878812657303268,46.18492663940924,15
baseline_09284,11.248369526303286,45.91699876051392,15
baseline_09285,11.894467165747235,46.18918337325241,13
baseline_09286,11.388376003554939,46.075476016426926,27
baseline_09287,10.597513106107854,46.15220747240051,78
baseline_09288,10.808116123052844,45.95547200390543,22
baseline_09289,10.64740217119951,46.4210838469021,70
baseline_09290,11.169308270962583,46.226016249382056,27
baseline_09291,11.191670723731086,45.97788252953978,17
baseline_09292,10.840813704196627,46.015074532099035,21
baseline_09293,11.113198544981117,46.05462189601339,231
baseline_09294,11.170970151245172,45.86661336199306,21
baseline_09295,10.936337168155175,46.15233999137063,17
baseline_09296,10.613444930466494,46.07555810927245,31
baseline_09297,11.065940345418834,45.763832328880824,18
baseline_09298,10.78023980522097,46.336832472922026,17
baseline_09299,10.854410400609407,46.07084317542934,29
baseline_09300,10.83692883443613,46.407459523552994,24
baseline_09301,11.413832559820268,46.162642898058735,22
baseline_09302,11.111828416274642,46.07934030074893,255
baseline_09303,11.743279220946787,46.1370098604263,16
baseline_09304,11.213918331534865,46.439828217228765,24
baseline_09305,11.679347976802498,46.07986029280582,20
baseline_09306,10.777313154856436,46.43374411864166,26
baseline_09307,11.363127054871915,46.19212867526311,18
baseline_09308,10.517766496548004,46.059876770890114,22
baseline_09309,10.621274097506264,46.18941154404606,15
baseline_09310,10.675830969997948,46.05272199033224,14
baseline_09311,11.357739057619789,46.16089266700915,19
baseline_09312,10.886990119610342,45.82835109778211,21
baseline_09313,10.71999647042837,46.389589671618765,35
baseline_09314,10.869290033974739,45.88913859956389,127
baseline_09315,11.04718993433371,46.42685145009961,20
baseline_09316,11.04480612808768,45.92240359179556,230
baseline_09317,11.627656970958977,46.36819775920969,18
baseline_09318,11.084243444416765,45.752780801144475,19
baseline_09319,10.674797654857922,46.266400215767916,10
baseline_09320,11.406208446833443,46.07146010238924,25
baseline_09321,11.207844765322948,45.947381844256505,21
baseline_09322,11.84208201367244,46.46572116369276,19
baseline_09323,10.935003328711014,46.08781644104189,21
baseline_09324,10.736733418932385,46.318519423058255,17
baseline_09325,11.556276770298524,46.037689830379946,46
baseline_09326,11.010636629764065,46.02827896428018,22
baseline_09327,11.176436905242321,46.14831758259712,44
baseline_09328,10.919079415529948,46.07071398068381,21
baseline_09329,11.665857128821917,46.2214169312037,18
baseline_09330,10.784867558652278,46.28508288711787,15
baseline_09331,11.643994461988502,46.327212941218235,20
baseline_09332,11.076246452893622,46.41593664963074,31
baseline_09333,10.882794107265692,46.380196540957115,21
baseline_09334,10.550481177715124,45.928067743153676,17
baseline_09335,11.072786278338151,45.845499712799786,32
baseline_09336,10.635119188415517,45.941763674771344,80
baseline_09337,11.594665990706122,46.376164541374095,47
baseline_09338,11.050225128783678,46.25315453470376,75
baseline_09339,10.994472154268975,46.37563728912372,21
baseline_09340,10.997425806269105,46.17169344279138,90
baseline_09341,10.946485753629899,46.02712046939239,186
baseline_09342,11.844292735727006,46.46282816388251,15
baseline_09343,10.79762727605373,45.86118225023842,23
baseline_09344,11.312292033441677,46.0127732366835,178
baseline_09345,10.863158850060211,45.89331752447585,240
baseline_09346,10.85336696725895,45.976615977943425,25
baseline_09347,11.838644880706944,46.21812695785604,26
baseline_09348,10.558077589838428,45.796664219837055,19
baseline_09349,11.101223522108544,45.85694665293882,17
baseline_09350,10.73149235009865,46.400789725550496,37
baseline_09351,10.998593412842013,46.32419611175857,32
baseline_09352,11.369674571263007,45.99051127234982,13
baseline_09353,11.66862982346082,46.255091491085324,34
baseline_09354,11.276643575709993,46.13606618796642,20
baseline_09355,10.896408058172913,46.10194349416759,21
baseline_09356,11.143918459149692,46.2093572903903,96
baseline_09357,11.216234597451459,45.94012522653357,20
baseline_09358,11.022131783169339,45.93832215349376,42
baseline_09359,11.301173010043453,46.043969959333886,32
baseline_09360,11.914093220971237,46.21802803810727,26
baseline_09361,10.76997652402373,46.02422481705604,16
baseline_09362,10.692041028049063,46.25974107384567,35
baseline_09363,10.989948807232249,46.29973904469198,14
baseline_09364,11.251881150820934,45.961359746874166,23
baseline_09365,10.725271780715998,46.34993270490801,25
baseline_09366,11.097492241010858,46.163907408865434,92
baseline_09367,11.64974140486653,45.9971543111511,18
baseline_09368,10.77051055763196,46.45829166353406,32
baseline_09369,10.667847788977255,46.05815959095357,17
baseline_09370,11.682764185401142,46.09249392144652,20
baseline_09371,11.52715272175137,46.080223591720056,75
baseline_09372,11.158446658638992,45.8383955296147,19
baseline_09373,10.611354039481402,45.97688391338134,26
baseline_09374,11.210756621001654,46.14501237288736,36
baseline_09375,11.596862130416863,46.31473462852472,90
baseline_09376,11.876164363814448,46.202795580745686,15
baseline_09377,11.795871900561567,46.32135944320856,14
baseline_09378,11.479684287270148,46.35783285464499,14
baseline_09379,10.996362181880103,46.12027729786802,21
baseline_09380,11.097598649295653,46.281245245153336,31
baseline_09381,11.0822567669965,45.74742441479702,22
baseline_09382,10.796406712309057,46.236944369374626,17
baseline_09383,11.764652695668119,46.14119824998534,18
baseline_09384,11.160548106674133,46.176597418889735,45
baseline_09385,11.667481951418724,46.22802219202494,21
baseline_09386,11.910771515127998,46.19109199964707,19
baseline_09387,11.638098229301407,46.21618314960986,13
baseline_09388,10.58975821538903,46.25214755979806,121
baseline_09389,10.494203881349797,46.00451061717542,21
baseline_09390,10.596920357422173,46.330365977398706,14
baseline_09391,10.68376374733944,46.17171441030788,22
baseline_09392,11.00177894023929,45.85887801289992,145
baseline_09393,11.699913215146676,46.22093296998114,13
baseline_09394,11.488071782500754,46.25682750790797,14
baseline_09395,11.184896122971075,45.83078646359751,17
baseline_09396,10.636789552208606,46.18450008548542,22
baseline_09397,11.096394808788318,45.83397492165205,25
baseline_09398,10.977415044247936,45.68849435266496,29
baseline_09399,11.45386181487487,46.06553433447714,32
baseline_09400,11.41234649557995,46.01594850149417,18
baseline_09401,11.321244156096226,46.265746369003644,20
baseline_09402,10.611117920048613,46.17334351037874,50
baseline_09403,10.77330550309225,46.3246701814851,23
baseline_09404,11.25221600347989,45.89408442584205,16
baseline_09405,10.78260043779082,46.415941110019254,16
baseline_09406,11.015231743927819,45.73542754324712,20
baseline_09407,10.882238982893028,46.096770186682384,23
baseline_09408,11.109863328422769,45.772017839680466,16
baseline_09409,11.15492888097528,46.2116400177166,35
baseline_09410,11.808584293379052,46.26634190103512,30
baseline_09411,11.135291040301182,45.78759158346258,19
baseline_09412,11.820977742604477,46.39864968832516,45
baseline_09413,11.444348290939274,46.30317930277109,103
baseline_09414,10.879752565165884,46.28650951324882,13
baseline_09415,11.01816207298023,46.18923027685153,23
baseline_09416,11.506441731791593,46.14285075133783,13
baseline_09417,10.661924613134483,46.30597607116485,21
baseline_09418,10.981371944597203,46.28479126988909,15
baseline_09419,11.032848895874567,45.98334199955578,40
baseline_09420,10.699981762052264,45.86231307561905,22
baseline_09421,10.601343324189084,46.07484393273297,51
baseline_09422,10.975358552107148,45.92243112332609,39
baseline_09423,10.777142075416164,46.43888096955211,30
baseline_09424,11.125831767753489,45.76818816998534,20
baseline_09425,11.159589289538575,46.38623776817061,17
baseline_09426,10.935382452414473,45.959383497483934,25
baseline_09427,11.591214057185024,46.04472746005536,18
baseline_09428,10.710692914199536,46.201692667293024,49
baseline_09429,10.903671601785497,46.0886109592454,23
baseline_09430,11.67113577289451,46.48385352204186,34
baseline_09431,10.767490243767103,46.41014496369317,12
baseline_09432,10.879572862903135,46.25237160486876,22
baseline_09433,10.997551656396693,45.842652826410706,225
baseline_09434,10.493698881369259,45.95014454749151,39
baseline_09435,10.935186482292771,46.12670817403737,15
baseline_09436,11.12680890696847,45.873015591867144,22
baseline_09437,11.202327246241172,45.88834252291354,23
baseline_09438,11.135122134579838,46.09618909542923,163
baseline_09439,11.560736463945258,46.15381626270448,24
baseline_09440,11.434714928294735,46.0106587945053,18
baseline_09441,10.965418965276877,46.111499636226654,18
baseline_09442,10.938512501591903,46.29037147883529,27
baseline_09443,10.8183353187672,46.29656309599136,15
baseline_09444,11.280764359158447,46.1586119864103,63
baseline_09445,10.63016050663478,46.26604465582201,13
baseline_09446,10.997540360105473,45.7502744303744,252
baseline_09447,10.690350701208214,46.38372653924998,15
baseline_09448,10.838342105460487,46.04031255717345,25
baseline_09449,10.747446432143047,46.002614751130864,21
baseline_09450,11.353333487808062,45.985862971942936,14
baseline_09451,10.927738026280581,45.72976139145142,28
baseline_09452,11.663661713104133,46.29134265872663,12
baseline_09453,11.148421486311442,46.2477132067034,27
baseline_09454,10.862356977580145,45.97534048817853,25
baseline_09455,11.67880495847034,46.05128454299868,17
baseline_09456,11.110266693522515,46.111738948197036,236
baseline_09457,11.064810963050126,45.84080886008868,35
baseline_09458,11.411011166209141,46.139960821766515,20
baseline_09459,10.573430196117531,45.884858184086625,24
baseline_09460,10.602960075341553,46.32063008478315,21
baseline_09461,11.727928507603922,46.37902059015248,25
baseline_09462,10.95866012302792,46.022848277228995,111
baseline_09463,11.654229993758747,46.01875621302702,24
baseline_09464,11.115324045089118,46.44884331136967,31
baseline_09465,11.33510589724266,45.963886696516695,27
baseline_09466,10.857006162298868,46.01616603973054,27
baseline_09467,11.13174778859205,45.936443497075224,26
baseline_09468,10.68267727851596,45.849748703352404,17
baseline_09469,10.980924179918539,45.87070870064511,50
baseline_09470,11.135170349081132,46.42463503419938,40
baseline_09471,11.11751403261259,46.23810095312005,40
baseline_09472,10.939516472065925,45.83595226888442,25
baseline_09473,10.676934022787949,46.20382325239395,80
baseline_09474,10.985918990374595,46.17869542329004,14
baseline_09475,11.494094826055475,46.13057687960216,15
baseline_09476,11.243960916885692,46.150802447550994,22
baseline_09477,11.63627190815831,45.98318282852238,16
baseline_09478,11.144934030379577,45.82029776985259,23
baseline_09479,10.776923320506324,46.29627846456633,16
baseline_09480,10.74744835518845,46.19449731792957,19
baseline_09481,10.884510328989057,45.91887368603022,184
baseline_09482,10.656611557469004,46.06416929049871,17
baseline_09483,11.559537290630649,46.0309627557023,21
baseline_09484,11.137976503076766,45.81567382388252,28
baseline_09485,10.79321869363931,45.8747268429904,27
baseline_09486,11.04198596480399,45.80880618084623,30
baseline_09487,10.745912808659819,45.90525893597001,21
baseline_09488,10.54148208457591,45.89806233487804,24
baseline_09489,11.053962768624361,45.84167122823471,37
baseline_09490,10.719660119190973,46.42436925770709,43
baseline_09491,11.764524755580837,46.15164195125906,15
baseline_09492,10.727054067801122,45.859652334135404,20
baseline_09493,10.8690360623807,45.98580237274816,21
baseline_09494,11.82346497922356,46.23404672528862,17
baseline_09495,10.915176851488564,45.90588292648609,42
baseline_09496,10.891019012026364,45.79956845762684,32
baseline_09497,10.569270312098352,46.074728797734494,41
baseline_09498,10.852721261442902,46.168207833427935,75
baseline_09499,10.894851878258796,46.16112474547586,71
baseline_09500,11.17434783436528,45.92130043038319,145
baseline_09501,10.72355619058588,46.21086915613695,36
baseline_09502,10.905769009910147,45.87727529469084,81
baseline_09503,10.617857910550114,45.98862476133195,18
baseline_09504,11.588825336022659,46.224822336410824,13
baseline_09505,10.714501163912526,45.889350623933225,237
baseline_09506,11.037402983560483,45.82600601015206,36
baseline_09507,11.352871182662618,46.1039054532646,17
baseline_09508,11.120129752802384,45.890650103260576,26
baseline_09509,11.43683364364427,46.207695987105254,15
baseline_09510,11.250271840407898,46.09937597394353,38
baseline_09511,11.607318821628185,46.163094887878636,41
baseline_09512,10.630840754242717,45.87919212810118,18
baseline_09513,10.872089150838109,46.432778860002465,31
baseline_09514,10.72021827927918,46.26411732291636,24
baseline_09515,10.806603523308045,45.96498457546376,26
baseline_09516,11.155444699175439,46.4372581418145,57
baseline_09517,10.711296884525167,45.951804617338574,29
baseline_09518,11.174875932226229,46.223335066335004,23
baseline_09519,10.705971764295601,45.8497077397076,17
baseline_09520,10.559474535047547,45.90395269944448,18
baseline_09521,11.080254895574537,46.03910493671068,62
baseline_09522,11.564580581392159,46.180658299848034,12
baseline_09523,11.674282104455036,46.18461072464848,12
baseline_09524,11.07641442430497,46.3179531573974,65
baseline_09525,11.831583778298528,46.19510737072111,128
baseline_09526,11.831171313390046,46.187009177029346,152
baseline_09527,10.963036555297323,46.03821630722756,159
baseline_09528,10.578376844136383,46.17289122018988,76
baseline_09529,10.933210922255096,45.79225268372874,23
baseline_09530,11.854576858183654,46.20701909869156,20
baseline_09531,11.080045294383238,46.528762753781386,33
baseline_09532,11.751396617052242,46.50028570472142,28
baseline_09533,10.713012579573899,46.14955984411963,17
baseline_09534,11.512668753076554,46.144236904680675,13
baseline_09535,11.150241871179375,46.012659667030796,57
baseline_09536,11.027329611951036,46.1928493860327,25
baseline_09537,11.215441680374614,45.89760241250142,16
baseline_09538,11.044746620960026,46.22478554279638,44
baseline_09539,10.788823289353306,46.09292055280722,21
baseline_09540,10.824855508464324,46.39879991168933,12
baseline_09541,10.708488537629796,46.278969513878764,15
baseline_09542,11.725724430071141,46.30927926578345,12
baseline_09543,11.522746655650936,46.188644447323725,27
baseline_09544,11.142483359221622,45.951277066071405,25
baseline_09545,11.162998308445758,46.04860388666703,84
baseline_09546,11.804780364386476,46.445015848977974,24
baseline_09547,11.513139172803488,46.1965424764278,39
baseline_09548,10.709665759753653,45.87038105048652,19
baseline_09549,10.965829433153374,46.10201675971117,21
baseline_09550,11.320468290675025,46.24064608530835,21
baseline_09551,11.359799618606637,46.13275036652969,19
baseline_09552,11.108632651168042,46.07632685649599,255
baseline_09553,11.009572699973445,45.86074378240481,251
baseline_09554,10.863985058167637,46.25146303043825,15
baseline_09555,10.876292078975832,46.40141022755691,18
baseline_09556,10.967318758247615,46.36830485385971,17
baseline_09557,11.407919623669999,46.20528860950866,14
baseline_09558,10.771664510125888,45.937157897740924,25
baseline_09559,11.159168911708713,46.461857699577635,20
baseline_09560,11.729053211696677,46.35859361037478,10
baseline_09561,10.891733898418643,46.007834442300656,21
baseline_09562,11.45416241292347,45.99946472369857,14
baseline_09563,11.638106736634356,46.407973321434774,24
baseline_09564,10.973712036627017,45.92523624785999,33
baseline_09565,11.064419265998987,45.87965425480686,240
baseline_09566,10.690090025177124,45.91063509874484,19
baseline_09567,10.821050495936582,46.33767767999204,19
baseline_09568,10.95198883855437,46.38075019255425,21
baseline_09569,11.543967837537942,46.03186453544674,18
baseline_09570,11.621510278764706,46.06746792721741,134
baseline_09571,10.789836962719441,46.42593203280228,25
baseline_09572,10.83288632212003,46.37168483497473,26
baseline_09573,11.659025305095588,45.976180074194254,15
baseline_09574,10.567083522179303,45.81955393158434,19
baseline_09575,10.952148791052059,46.376287472838285,24
baseline_09576,11.284256019335345,45.9226946792251,24
baseline_09577,11.144005865341041,46.18258348457862,53
baseline_09578,11.195077181786706,45.9520961717392,22
baseline_09579,11.177736763905465,46.31929689831011,19
baseline_09580,11.82349329964846,46.20717525948587,21
baseline_09581,10.697085524648841,46.349423899751876,159
baseline_09582,11.05252908138423,45.892034290237554,255
baseline_09583,11.771598123256586,46.49020856512302,20
baseline_09584,10.543173805751076,45.865605783619394,24
baseline_09585,11.23319426411735,45.90442908517619,15
baseline_09586,11.11332783902797,45.723487909480305,25
baseline_09587,11.304532064433603,45.9480172630256,19
baseline_09588,11.018854186901875,45.88589482699355,255
baseline_09589,10.69544868324658,45.917430797205576,24
baseline_09590,10.5584347058544,45.78541247489772,19
baseline_09591,11.10838745045936,45.81701340578569,25
baseline_09592,10.86175733741538,46.1125190480686,33
baseline_09593,10.664802240228337,46.015105042497105,20
baseline_09594,10.823914272778733,45.899488575926014,45
baseline_09595,11.06794972225237,45.732173792672945,18
baseline_09596,11.356778258305482,46.12495281334574,14
baseline_09597,10.723444844254448,46.001793969447405,15
baseline_09598,10.97989932694,46.19174959667797,20
baseline_09599,11.70655843493429,46.23972937734173,16
baseline_09600,11.7033904657775,46.36390689442569,12
baseline_09601,10.801767841396671,46.10691190245783,18
baseline_09602,11.016722135079826,45.914894299902365,93
baseline_09603,11.251523824910048,45.932089493314216,111
baseline_09604,11.086110733725866,46.36473678012262,156
baseline_09605,11.101588412057172,46.244854791212944,33
baseline_09606,11.474854458638411,46.215171061435356,20
baseline_09607,11.164037289074832,46.14882093948565,48
baseline_09608,10.8151944000341,46.03027138283433,26
baseline_09609,11.547186966995344,46.29494427772682,24
baseline_09610,11.076376937356388,46.48103379842476,18
baseline_09611,11.63518757553544,46.06417519292308,255
baseline_09612,10.991609709760152,45.92988174293321,40
baseline_09613,10.619619411784265,45.957431665557564,23
baseline_09614,10.993343408290409,46.30860068673696,22
baseline_09615,10.6632504735496,46.20983863506273,79
baseline_09616,11.319587328500713,45.992389152126385,35
baseline_09617,10.742452043970117,45.88746999287443,24
baseline_09618,10.7630479936523,46.256677572665346,53
baseline_09619,10.486703855768809,45.996734952428476,13
baseline_09620,11.116892448933726,46.28986843656959,22
baseline_09621,10.657358695476136,46.272632258658355,12
baseline_09622,11.713975115915003,46.170818710011716,15
baseline_09623,10.878002342853703,46.04857416505515,30
baseline_09624,10.946459440246036,46.084016263305976,22
baseline_09625,10.502926475581845,45.86975118186887,28
baseline_09626,11.657067865879105,46.4967247812688,27
baseline_09627,11.218451263643287,45.85027290807747,17
baseline_09628,11.150247353968291,45.76891063097733,22
baseline_09629,11.017529987016747,45.828331278356806,43
baseline_09630,10.905619595890522,46.19185117226071,73
baseline_09631,11.547733190350549,46.21042254055516,38
baseline_09632,11.334358660098763,45.94258828062514,23
baseline_09633,11.68560718021252,46.237836705826695,21
baseline_09634,10.89512086873476,45.9296511880707,141
baseline_09635,10.832001098433457,45.9493512785391,36
baseline_09636,10.812114560072132,46.17536031431781,14
baseline_09637,11.011732046664225,45.93363536962978,43
baseline_09638,10.688176762613555,46.42641612580457,37
baseline_09639,11.741974403629637,46.125590921023914,20
baseline_09640,11.200728543267171,45.98724051983784,22
baseline_09641,10.838382819419893,46.438917119010085,37
baseline_09642,11.641744442801023,46.104764116965455,18
baseline_09643,11.162073938859175,46.09268848116693,86
baseline_09644,11.490730692157301,46.33046609955469,17
baseline_09645,10.64093133294032,46.26195961428167,12
baseline_09646,11.583053606123034,46.20278835621639,12
baseline_09647,11.590325601695858,46.03716553428848,20
baseline_09648,10.668602081178417,46.22482099276472,77
baseline_09649,10.971415492503088,45.711110972849745,23
baseline_09650,10.645825315163826,46.105970158532045,15
baseline_09651,10.919866799973676,45.73885730021128,24
baseline_09652,11.70396984067876,46.09889823130081,16
baseline_09653,10.859839105443408,46.40454132328993,16
baseline_09654,10.516998719748385,45.88635268090689,15
baseline_09655,11.076996094720077,45.8634463420229,115
baseline_09656,10.902472691642403,46.31500763552514,18
baseline_09657,10.941054781800908,45.82553594543738,28
baseline_09658,10.973830636701749,46.22991082042531,19
baseline_09659,11.536145682356265,46.284990579255954,32
baseline_09660,10.6417879701991,46.15589434559058,12
baseline_09661,11.055858563439434,46.264032829696795,111
baseline_09662,11.210710909793947,46.4645904037389,18
baseline_09663,11.091043986750067,46.43369811366177,27
baseline_09664,11.239329795522181,46.10991124067511,38
baseline_09665,10.977176923076307,46.31172902383212,24
baseline_09666,10.61808597606733,45.95250941304711,28
baseline_09667,11.714838918643716,46.25549744676234,33
baseline_09668,10.574488959431743,46.035315264116214,54
baseline_09669,11.297652902227894,46.17371595127981,20
baseline_09670,10.907674324077288,45.709982233439085,26
baseline_09671,10.813212384886524,45.88867009420932,32
baseline_09672,11.338944249259647,46.03011821000904,23
baseline_09673,11.82125813795217,46.473777170901,28
baseline_09674,11.223757302178443,45.99387635977827,62
baseline_09675,11.420858965630902,46.04244489612485,27
baseline_09676,11.799629474639797,46.15287906453221,172
baseline_09677,11.327949352808012,46.14892488181928,16
baseline_09678,11.246166457156628,46.16408315194171,23
baseline_09679,11.701887763511307,46.21260075358744,13
baseline_09680,10.581020448260123,46.03831678298232,55
baseline_09681,10.791283878651384,45.971780052359556,25
baseline_09682,10.724763314891405,45.97181457417322,12
baseline_09683,10.830518323923805,45.875059151497155,50
baseline_09684,10.877539930931274,46.17727959307402,68
baseline_09685,11.189161144084443,45.84816923893485,14
baseline_09686,10.61522722781995,46.194077538922926,13
baseline_09687,11.314254537676746,46.10502480827646,20
baseline_09688,11.094582294751259,46.07430071530766,107
baseline_09689,10.79393549094786,46.00687677871211,21
baseline_09690,11.086748186222291,45.801811579105866,19
baseline_09691,10.743218647710448,46.028313495170586,182
baseline_09692,10.978342901450889,46.07753408871243,30
baseline_09693,11.13918497866882,46.009703588734695,184
baseline_09694,10.55021867761163,46.36036627066485,46
baseline_09695,11.78133805654161,46.39377238155285,36
baseline_09696,11.57683343640675,46.076092249942334,18
baseline_09697,10.918281502252384,46.123390692728286,44
baseline_09698,10.968135249521904,46.02825311104582,26
baseline_09699,10.627337263425824,46.115727472940634,71
baseline_09700,11.74670763395551,46.251416875551165,32
baseline_09701,11.458559605150874,46.028185138894756,25
baseline_09702,10.958014506690827,46.46291514192672,33
baseline_09703,10.570940892858141,46.0895564522498,44
baseline_09704,10.768067515136098,46.00945765091231,18
baseline_09705,11.03369084970238,45.86944614139316,255
baseline_09706,10.911001234474798,45.82355748123892,26
baseline_09707,10.563441735215015,45.8846953475875,20
baseline_09708,11.07781240578143,46.40319474387946,33
baseline_09709,11.485254803329145,46.19852620584596,19
baseline_09710,11.535492662244417,46.24732584313288,16
baseline_09711,10.997873414234844,45.96965685538487,21
baseline_09712,11.49224384589091,46.245993985791,16
baseline_09713,10.614829424862682,45.845648484857264,22
baseline_09714,11.52547497669303,46.30908298914092,27
baseline_09715,10.642758227406087,46.265759939154975,13
baseline_09716,11.134432835094696,45.757287194236106,17
baseline_09717,11.67010613501476,46.3469592091178,21
baseline_09718,10.82913639893086,45.99040197314137,22
baseline_09719,11.209505428940401,46.15064772437143,30
baseline_09720,11.141160070680865,45.730549038633065,23
baseline_09721,11.51114700169296,46.337665695238044,21
baseline_09722,10.950343552740938,45.91718868303779,35
baseline_09723,10.98928264805764,46.36042051081398,28
baseline_09724,11.357646753550531,46.10753839451592,16
baseline_09725,11.825825737109486,46.452985598584505,15
baseline_09726,11.339078610893573,46.05281909698248,22
baseline_09727,11.077072393120936,46.16690089816645,63
baseline_09728,10.823950594309986,46.29724962236363,14
baseline_09729,11.068845221464636,45.975688904193106,33
baseline_09730,11.077487837773056,45.970811866444166,27
baseline_09731,11.668169977264144,46.0055198568349,28
baseline_09732,11.720625027642539,46.236719088870665,12
baseline_09733,11.443985911098379,46.2822414923863,130
baseline_09734,11.795685406235943,46.49604230342681,19
baseline_09735,11.30225300180277,46.156195846843126,104
baseline_09736,10.850308245260786,46.342678359203454,29
baseline_09737,10.738783093479396,46.40612550930005,33
baseline_09738,11.682432281604747,46.30969744612211,15
baseline_09739,10.935354083068153,46.08597066856226,21
baseline_09740,11.673957381516582,46.02491685760182,15
baseline_09741,11.049023591527677,46.29376367295034,46
baseline_09742,10.811293723982288,46.13936497820487,16
baseline_09743,10.965711884372103,46.341171102545296,18
baseline_09744,11.520248387932563,46.17401997026855,17
baseline_09745,10.588768791284505,45.988983072606175,28
baseline_09746,10.975896938020135,46.017175171168724,27
baseline_09747,11.122305787688983,45.83415584833242,25
baseline_09748,11.881365503970644,46.15827908713414,17
baseline_09749,11.435864817496624,46.310466017435516,22
baseline_09750,11.595413992491295,46.3236848331292,17
baseline_09751,10.628978420248776,46.343969662272656,15
baseline_09752,10.583566848492904,46.22089684181868,73
baseline_09753,10.498566481750613,46.002193192289134,21
baseline_09754,11.301040862072254,45.95429690438538,19
baseline_09755,11.254412003444228,46.13297903269364,179
baseline_09756,11.815339713117094,46.44975831171933,22
baseline_09757,11.283910441070791,46.145214599804405,15
baseline_09758,11.597769035196222,46.169908082471586,38
baseline_09759,11.09711423894162,46.40609968664698,28
baseline_09760,11.099662552494138,45.86196639530762,21
baseline_09761,11.621928102198856,46.105779661204146,17
baseline_09762,11.41989214651245,46.17116821342807,12
baseline_09763,11.669034658001452,46.39454438772181,70
baseline_09764,11.730946151293763,46.17946716590513,14
baseline_09765,10.845926670896015,46.3770891696771,23
baseline_09766,10.756177508805013,45.88273883277523,31
baseline_09767,11.045069119485754,46.29718143632865,45
baseline_09768,11.095276848789899,46.1457468709589,255
baseline_09769,10.816389941807264,46.2415096685868,19
baseline_09770,11.592786370047119,46.117991565120434,19
baseline_09771,11.211451771146102,46.13202582476225,45
baseline_09772,10.540020844688643,45.81120640810336,139
baseline_09773,11.090313874008412,46.43170740876949,64
baseline_09774,10.645228780092193,45.90693824020397,17
baseline_09775,11.200460906137284,46.110169987244824,44
baseline_09776,10.947347273904274,45.71737973443343,25
baseline_09777,10.89614098823653,45.7779369012958,27
baseline_09778,10.928773791755376,46.350218317102666,21
baseline_09779,10.841384807411162,46.05222616024494,20
baseline_09780,10.919025029548914,46.09963782930554,29
baseline_09781,10.820808116160062,46.01855645350322,26
baseline_09782,10.61431083516806,46.12972865352859,77
baseline_09783,10.554447415148655,45.861274470494344,27
baseline_09784,10.981144744578861,45.78112165065884,31
baseline_09785,11.449645427149532,46.221140559623784,14
baseline_09786,11.441262552398486,46.28335300546404,190
baseline_09787,10.993696436903713,45.73115548120553,22
baseline_09788,10.986008803512087,45.93111730598298,38
baseline_09789,11.582115269480294,46.169893679888105,19
baseline_09790,10.703042721684355,46.16954033226181,20
baseline_09791,10.54745307165967,45.82893736715705,68
baseline_09792,11.305264941817342,46.20741786573885,16
baseline_09793,11.567525306822148,46.18004692011817,12
baseline_09794,11.271313359219945,46.057929361933695,41
baseline_09795,11.084748903252125,46.07565053945297,91
baseline_09796,11.723438106283417,46.12324210156173,14
baseline_09797,11.869021794666438,46.443814367990655,73
baseline_09798,11.7173762145371,46.44206906246807,20
baseline_09799,11.632131985118107,46.38805415191988,12
baseline_09800,11.283204575125962,46.131985624702985,23
baseline_09801,10.885399018755422,46.248425229468154,45
baseline_09802,10.603143388514127,45.84193591783467,20
baseline_09803,10.812963076628066,46.26688437911887,20
baseline_09804,11.39403904898413,46.261295527994825,13
baseline_09805,11.033525869211504,46.001348190378835,25
baseline_09806,11.165091632530627,45.97242211355507,20
baseline_09807,10.91885449448406,45.741547087349474,24
baseline_09808,10.944212360765478,45.86422215930814,36
baseline_09809,11.67987948633861,46.110998907349824,15
baseline_09810,10.537523932767789,46.049375314304925,28
baseline_09811,11.130578445501323,46.397316383367404,61
baseline_09812,11.197371897983688,46.18287552129168,31
baseline_09813,11.680010280894283,46.15342940944176,12
baseline_09814,11.113624980779536,45.701679567534356,20
baseline_09815,10.732722194681351,46.25741781186122,16
baseline_09816,11.023318524133279,46.093321135308955,31
baseline_09817,11.180576385498807,46.1843531385123,31
baseline_09818,11.354180801180014,46.24263550932027,14
baseline_09819,10.71651011112327,45.95124321290765,28
baseline_09820,11.586133703167713,46.07313417854058,22
baseline_09821,10.73822567843421,46.02112873224153,19
baseline_09822,11.322592362359362,46.02915571198528,28
baseline_09823,11.884289655275882,46.27327761212489,75
baseline_09824,10.59532591056365,46.31378055993583,32
baseline_09825,10.930089893355307,46.062186603488485,27
baseline_09826,11.608593560744,45.978609444962906,22
baseline_09827,10.901110651049803,46.370357919572875,25
baseline_09828,11.696331569974818,46.13034316378483,12
baseline_09829,11.540289225283443,46.23601642177432,17
baseline_09830,11.884463760097201,46.1661274036601,18
baseline_09831,10.62171976199307,46.30579190667969,42
baseline_09832,11.171737493586068,45.88761352112442,26
baseline_09833,10.803000970846137,46.41657130898222,19
baseline_09834,10.564846570436423,46.0684998067447,42
baseline_09835,10.885518437502755,46.034534080379814,86
baseline_09836,10.543270527957997,46.028726217178374,36
baseline_09837,10.757758822361234,46.30529245054664,228
baseline_09838,10.789580743999323,46.046110330949496,14
baseline_09839,11.184644997074331,46.11081884357701,54
baseline_09840,11.099233091574106,45.88672604187193,34
baseline_09841,11.626582089566979,46.17011758859078,32
baseline_09842,10.82110758976812,46.20932776484882,18
baseline_09843,11.614317678054544,46.0617244907507,91
baseline_09844,10.964300045613086,45.94536239396577,21
baseline_09845,11.162954303819008,46.12915818081034,62
baseline_09846,10.742811228811668,46.140727421722204,22
baseline_09847,10.703247945598703,45.90454834571073,23
baseline_09848,10.618524148738265,46.1247443953354,77
baseline_09849,11.466901339633518,46.337691489017956,19
baseline_09850,11.53266952085341,46.264681503722855,14
baseline_09851,10.83127002657891,46.032389521422445,21
baseline_09852,11.668889514528274,46.49232959226495,25
baseline_09853,11.161556934789207,46.32438111562568,17
baseline_09854,11.588324095251176,46.270740686410285,14
baseline_09855,11.076395969585697,45.75542843285492,16
baseline_09856,10.637785584797292,46.198181799203454,44
baseline_09857,10.722379845683887,46.164808177402456,14
baseline_09858,10.87595427962775,46.33682674487255,96
baseline_09859,11.761953752219277,46.330287832901675,25
baseline_09860,10.81573458402621,46.17156415124714,16
baseline_09861,11.2102228106434,45.9090479520247,23
baseline_09862,11.008190761139392,45.72828269694356,22
baseline_09863,11.26607278683005,46.128617203359575,25
baseline_09864,10.791572598422048,45.84750330316575,22
baseline_09865,11.103412047895448,45.83697370894825,20
baseline_09866,10.675409384305837,46.30865750735557,18
baseline_09867,11.006119802721111,46.12403416688042,28
baseline_09868,10.712962752088963,46.137268450692524,21
baseline_09869,10.893559339646908,46.21056542170645,68
baseline_09870,10.902447879536654,46.00541003577404,20
baseline_09871,11.487300224206628,46.123468595497286,17
baseline_09872,11.771298895166522,46.135867197190606,18
baseline_09873,10.770790557651774,46.168858284560436,114
baseline_09874,11.737781120444174,46.141122217562646,15
baseline_09875,10.719721576726009,46.187235950316186,33
baseline_09876,11.157398133568066,46.42562060376247,236
baseline_09877,10.77466966226504,45.852932590238396,16
baseline_09878,11.05134660078192,45.88282335125805,255
baseline_09879,10.515469170897912,46.07636387256558,43
baseline_09880,10.682191574692148,46.334757642721286,19
baseline_09881,10.808126548029046,45.851339162424345,26
baseline_09882,10.881186927272848,46.435216436449664,28
baseline_09883,11.206913991488548,46.16399264938249,36
baseline_09884,11.406431765520898,46.045412989333435,33
baseline_09885,11.074644433628832,46.3339969816698,63
baseline_09886,11.000299624557787,45.94653342014316,36
baseline_09887,11.25799047775015,45.957833403480535,23
baseline_09888,11.097214088220397,45.70416429283405,11
baseline_09889,11.556624287008413,46.33875712175781,23
baseline_09890,11.581311641296818,46.30919793887727,24
baseline_09891,10.609161727167104,45.89809971673148,22
baseline_09892,11.70496037811655,46.20983662207842,12
baseline_09893,11.8253594137646,46.291377447397345,66
baseline_09894,10.923909372402367,45.73530787645493,24
baseline_09895,10.488316529443429,46.007354139960654,34
baseline_09896,11.194824316633126,46.14109860668181,207
baseline_09897,10.934764471067513,46.07769613874976,19
baseline_09898,10.979623629331236,46.42538873133101,22
baseline_09899,11.316622287620303,45.97095484052558,20
baseline_09900,11.49001068833995,46.32311240165141,18
baseline_09901,11.383556038914065,45.99531258206996,14
baseline_09902,10.70739110998037,46.24163169547591,59
baseline_09903,10.490777043984572,45.970534901825516,48
baseline_09904,11.095187457759213,46.055218384224496,92
baseline_09905,10.833753776549354,45.96516844485565,21
baseline_09906,11.857199035245321,46.23804900403247,52
baseline_09907,11.624735460139,46.10262187764422,17
baseline_09908,10.573927134098694,46.06431472681714,57
baseline_09909,11.600797286386513,45.9798030772422,23
baseline_09910,11.59080710047487,46.17089690165136,29
baseline_09911,10.688785739179314,46.37880005714874,16
baseline_09912,11.728271534134176,46.42374376156956,21
baseline_09913,11.10192976100922,45.96030530153669,31
baseline_09914,10.520917337874842,45.9546671908838,18
baseline_09915,11.58490466507218,46.18909223317388,14
baseline_09916,10.802185787494595,46.18964411951337,16
baseline_09917,10.81264814281595,45.88538482656115,40
baseline_09918,11.004138975272337,46.31100088681933,27
baseline_09919,10.706569048786363,45.88842777342943,19
baseline_09920,11.052566417226139,45.80357812855644,26
baseline_09921,11.216307796654684,45.91518942511695,37
baseline_09922,11.04584639035662,45.89383671545467,255
baseline_09923,11.352708502059052,46.181976935608255,14
baseline_09924,10.685380397675376,46.30194601721979,18
baseline_09925,11.596505111699921,46.30713719789384,255
baseline_09926,10.491934226414315,46.02629972782904,39
baseline_09927,11.293041308601625,46.23658887494853,19
baseline_09928,11.705227775888304,46.18104114863681,12
baseline_09929,10.522912623844011,45.94753947216134,22
baseline_09930,10.49409635001213,45.94378028167781,47
baseline_09931,11.15708652738352,45.81943605610639,23
baseline_09932,10.834589500998291,45.89406458095211,112
baseline_09933,10.754942585237748,45.89324269387275,24
baseline_09934,11.04811225938224,46.25743984555796,94
baseline_09935,11.213734590910764,45.91116950863959,24
baseline_09936,11.470662394277163,46.09156642823422,25
baseline_09937,10.766571330224021,45.925560420896815,20
baseline_09938,10.872357118384759,45.99832154706688,22
baseline_09939,10.656287300705086,46.011566001492646,15
baseline_09940,11.554353682499276,46.33303679352307,24
baseline_09941,11.738027404453879,46.35664061001056,23
baseline_09942,11.295615036813613,46.14013841723309,15
baseline_09943,10.74369061246081,46.11736694473645,23
baseline_09944,10.770496654473492,46.22286664593223,37
baseline_09945,10.989358434473179,46.410538764109276,19
baseline_09946,11.64635786972689,46.25639006368322,32
baseline_09947,10.914653277011666,46.17250911800793,59
baseline_09948,10.479719649407674,46.01342886588402,42
baseline_09949,11.494427785922028,46.043220937432224,30
baseline_09950,11.570900813074768,46.04046399193726,27
baseline_09951,11.057022121141157,46.122942353708176,58
baseline_09952,11.14697882288912,45.80143631411912,18
baseline_09953,11.712386651705016,46.148950278256684,14
baseline_09954,10.827578475010016,45.88283853024509,49
baseline_09955,11.034500392551662,45.90307600865475,249
baseline_09956,10.784858890494213,45.8528084387585,19
baseline_09957,10.815245763352607,45.98828710924687,21
baseline_09958,11.052110723040641,46.12180596069524,51
baseline_09959,11.263847336788455,45.970250163679125,23
baseline_09960,10.725381912204668,46.36598739843044,25
baseline_09961,11.716095239452939,46.429528015506435,14
baseline_09962,10.890700666624813,46.4169800711616,28
baseline_09963,10.592678475424174,45.89131484129475,28
baseline_09964,11.675305401755622,46.093348592441735,21
baseline_09965,11.539544863405304,46.06450015435568,25
baseline_09966,10.949256540259178,46.29865304953846,22
baseline_09967,10.756900182136327,46.42072354689019,23
baseline_09968,11.131260560699916,46.071308768298216,255
baseline_09969,10.868313147807003,46.179046049094325,26
baseline_09970,11.382670301069979,46.168259409404406,25
baseline_09971,11.08214059081758,46.132206109518755,237
baseline_09972,11.363328701388166,45.98647992371735,12
baseline_09973,10.96035772117085,46.085124993576436,22
baseline_09974,11.133060954824298,46.19722596461833,255
baseline_09975,10.831089932890237,45.96801128077921,19
baseline_09976,10.762774507436365,46.44445454266683,21
baseline_09977,10.895320358451766,45.767060198153445,24
baseline_09978,10.926187092523321,46.21038710041864,49
baseline_09979,10.872020692334669,45.85743972434089,42
baseline_09980,11.486516278393013,46.240782572713,13
baseline_09981,11.663517538647525,46.25557236722682,33
baseline_09982,11.093216788164742,46.46697398877716,17
baseline_09983,11.340728598386345,46.005929724693026,32
baseline_09984,11.071821891622022,45.937973888576636,42
baseline_09985,11.264949554519767,45.958283254209874,24
baseline_09986,11.086020208851199,46.475444443523344,17
baseline_09987,10.947215213051255,46.083220754020466,22
baseline_09988,10.693617915840427,46.38845590976862,14
baseline_09989,11.615665187888972,46.39546725229549,16
baseline_09990,10.703336148428312,46.094818437022674,20
baseline_09991,11.301481453138713,46.22452714996855,22
baseline_09992,11.258906169163895,45.98857661119673,90
baseline_09993,11.895253573564888,46.17391624568605,17
baseline_09994,11.395604077969846,46.02066362690811,17
baseline_09995,11.252235812905392,45.989762404534844,37
baseline_09996,11.061820802956042,46.0978075020363,111
baseline_09997,10.837813539548094,46.28357630462792,20
baseline_09998,11.637032669381236,45.99077869993875,14
baseline_09999,10.520386709832655,45.87796745002204,19
baseline_10000,11.62367585088782,46.05524110763786,48
